season,date,round,home_team,away_team,home_goals,away_goals,status
2020-21,2020-09-12,Matchday 1,Crystal Palace FC,Southampton FC,1,0,played
2020-21,2020-09-12,Matchday 1,Fulham FC,Arsenal FC,0,3,played
2020-21,2020-09-12,Matchday 1,Liverpool FC,Leeds United FC,4,3,played
2020-21,2020-09-12,Matchday 1,West Ham United FC,Newcastle United FC,0,2,played
2020-21,2020-09-13,Matchday 1,Tottenham Hotspur FC,Everton FC,0,1,played
2020-21,2020-09-13,Matchday 1,West Bromwich Albion FC,Leicester City FC,0,3,played
2020-21,2020-09-14,Matchday 1,Brighton & Hove Albion FC,Chelsea FC,1,3,played
2020-21,2020-09-14,Matchday 1,Sheffield United FC,Wolverhampton Wanderers FC,0,2,played
2020-21,2020-09-19,Matchday 2,Arsenal FC,West Ham United FC,2,1,played
2020-21,2020-09-19,Matchday 2,Everton FC,West Bromwich Albion FC,5,2,played
2020-21,2020-09-19,Matchday 2,Leeds United FC,Fulham FC,4,3,played
2020-21,2020-09-19,Matchday 2,Manchester United FC,Crystal Palace FC,1,3,played
2020-21,2020-09-20,Matchday 2,Chelsea FC,Liverpool FC,0,2,played
2020-21,2020-09-20,Matchday 2,Leicester City FC,Burnley FC,4,2,played
2020-21,2020-09-20,Matchday 2,Newcastle United FC,Brighton & Hove Albion FC,0,3,played
2020-21,2020-09-20,Matchday 2,Southampton FC,Tottenham Hotspur FC,2,5,played
2020-21,2020-09-21,Matchday 2,Aston Villa FC,Sheffield United FC,1,0,played
2020-21,2020-09-21,Matchday 2,Wolverhampton Wanderers FC,Manchester City FC,1,3,played
2020-21,2020-09-26,Matchday 3,Brighton & Hove Albion FC,Manchester United FC,2,3,played
2020-21,2020-09-26,Matchday 3,Burnley FC,Southampton FC,0,1,played
2020-21,2020-09-26,Matchday 3,Crystal Palace FC,Everton FC,1,2,played
2020-21,2020-09-26,Matchday 3,West Bromwich Albion FC,Chelsea FC,3,3,played
2020-21,2020-09-27,Matchday 3,Manchester City FC,Leicester City FC,2,5,played
2020-21,2020-09-27,Matchday 3,Sheffield United FC,Leeds United FC,0,1,played
2020-21,2020-09-27,Matchday 3,Tottenham Hotspur FC,Newcastle United FC,1,1,played
2020-21,2020-09-27,Matchday 3,West Ham United FC,Wolverhampton Wanderers FC,4,0,played
2020-21,2020-09-28,Matchday 3,Fulham FC,Aston Villa FC,0,3,played
2020-21,2020-09-28,Matchday 3,Liverpool FC,Arsenal FC,3,1,played
2020-21,2020-10-03,Matchday 4,Chelsea FC,Crystal Palace FC,4,0,played
2020-21,2020-10-03,Matchday 4,Everton FC,Brighton & Hove Albion FC,4,2,played
2020-21,2020-10-03,Matchday 4,Leeds United FC,Manchester City FC,1,1,played
2020-21,2020-10-03,Matchday 4,Newcastle United FC,Burnley FC,3,1,played
2020-21,2020-10-04,Matchday 4,Arsenal FC,Sheffield United FC,2,1,played
2020-21,2020-10-04,Matchday 4,Aston Villa FC,Liverpool FC,7,2,played
2020-21,2020-10-04,Matchday 4,Leicester City FC,West Ham United FC,0,3,played
2020-21,2020-10-04,Matchday 4,Manchester United FC,Tottenham Hotspur FC,1,6,played
2020-21,2020-10-04,Matchday 4,Southampton FC,West Bromwich Albion FC,2,0,played
2020-21,2020-10-04,Matchday 4,Wolverhampton Wanderers FC,Fulham FC,1,0,played
2020-21,2020-10-17,Matchday 5,Chelsea FC,Southampton FC,3,3,played
2020-21,2020-10-17,Matchday 5,Everton FC,Liverpool FC,2,2,played
2020-21,2020-10-17,Matchday 5,Manchester City FC,Arsenal FC,1,0,played
2020-21,2020-10-17,Matchday 5,Newcastle United FC,Manchester United FC,1,4,played
2020-21,2020-10-18,Matchday 5,Crystal Palace FC,Brighton & Hove Albion FC,1,1,played
2020-21,2020-10-18,Matchday 5,Leicester City FC,Aston Villa FC,0,1,played
2020-21,2020-10-18,Matchday 5,Sheffield United FC,Fulham FC,1,1,played
2020-21,2020-10-18,Matchday 5,Tottenham Hotspur FC,West Ham United FC,3,3,played
2020-21,2020-10-19,Matchday 5,Leeds United FC,Wolverhampton Wanderers FC,0,1,played
2020-21,2020-10-19,Matchday 5,West Bromwich Albion FC,Burnley FC,0,0,played
2020-21,2020-10-23,Matchday 6,Aston Villa FC,Leeds United FC,0,3,played
2020-21,2020-10-24,Matchday 6,Fulham FC,Crystal Palace FC,1,2,played
2020-21,2020-10-24,Matchday 6,Liverpool FC,Sheffield United FC,2,1,played
2020-21,2020-10-24,Matchday 6,Manchester United FC,Chelsea FC,0,0,played
2020-21,2020-10-24,Matchday 6,West Ham United FC,Manchester City FC,1,1,played
2020-21,2020-10-25,Matchday 6,Arsenal FC,Leicester City FC,0,1,played
2020-21,2020-10-25,Matchday 6,Southampton FC,Everton FC,2,0,played
2020-21,2020-10-25,Matchday 6,Wolverhampton Wanderers FC,Newcastle United FC,1,1,played
2020-21,2020-10-26,Matchday 6,Brighton & Hove Albion FC,West Bromwich Albion FC,1,1,played
2020-21,2020-10-26,Matchday 6,Burnley FC,Tottenham Hotspur FC,0,1,played
2020-21,2020-10-30,Matchday 7,Wolverhampton Wanderers FC,Crystal Palace FC,2,0,played
2020-21,2020-10-31,Matchday 7,Burnley FC,Chelsea FC,0,3,played
2020-21,2020-10-31,Matchday 7,Liverpool FC,West Ham United FC,2,1,played
2020-21,2020-10-31,Matchday 7,Sheffield United FC,Manchester City FC,0,1,played
2020-21,2020-11-01,Matchday 7,Aston Villa FC,Southampton FC,3,4,played
2020-21,2020-11-01,Matchday 7,Manchester United FC,Arsenal FC,0,1,played
2020-21,2020-11-01,Matchday 7,Newcastle United FC,Everton FC,2,1,played
2020-21,2020-11-01,Matchday 7,Tottenham Hotspur FC,Brighton & Hove Albion FC,2,1,played
2020-21,2020-11-02,Matchday 7,Fulham FC,West Bromwich Albion FC,2,0,played
2020-21,2020-11-02,Matchday 7,Leeds United FC,Leicester City FC,1,4,played
2020-21,2020-11-06,Matchday 8,Brighton & Hove Albion FC,Burnley FC,0,0,played
2020-21,2020-11-06,Matchday 8,Southampton FC,Newcastle United FC,2,0,played
2020-21,2020-11-07,Matchday 8,Chelsea FC,Sheffield United FC,4,1,played
2020-21,2020-11-07,Matchday 8,Crystal Palace FC,Leeds United FC,4,1,played
2020-21,2020-11-07,Matchday 8,Everton FC,Manchester United FC,1,3,played
2020-21,2020-11-07,Matchday 8,West Ham United FC,Fulham FC,1,0,played
2020-21,2020-11-08,Matchday 8,Arsenal FC,Aston Villa FC,0,3,played
2020-21,2020-11-08,Matchday 8,Leicester City FC,Wolverhampton Wanderers FC,1,0,played
2020-21,2020-11-08,Matchday 8,Manchester City FC,Liverpool FC,1,1,played
2020-21,2020-11-08,Matchday 8,West Bromwich Albion FC,Tottenham Hotspur FC,0,1,played
2020-21,2020-11-21,Matchday 9,Aston Villa FC,Brighton & Hove Albion FC,1,2,played
2020-21,2020-11-21,Matchday 9,Manchester United FC,West Bromwich Albion FC,1,0,played
2020-21,2020-11-21,Matchday 9,Newcastle United FC,Chelsea FC,0,2,played
2020-21,2020-11-21,Matchday 9,Tottenham Hotspur FC,Manchester City FC,2,0,played
2020-21,2020-11-22,Matchday 9,Fulham FC,Everton FC,2,3,played
2020-21,2020-11-22,Matchday 9,Leeds United FC,Arsenal FC,0,0,played
2020-21,2020-11-22,Matchday 9,Liverpool FC,Leicester City FC,3,0,played
2020-21,2020-11-22,Matchday 9,Sheffield United FC,West Ham United FC,0,1,played
2020-21,2020-11-23,Matchday 9,Burnley FC,Crystal Palace FC,1,0,played
2020-21,2020-11-23,Matchday 9,Wolverhampton Wanderers FC,Southampton FC,1,1,played
2020-21,2020-11-27,Matchday 10,Crystal Palace FC,Newcastle United FC,0,2,played
2020-21,2020-11-28,Matchday 10,Brighton & Hove Albion FC,Liverpool FC,1,1,played
2020-21,2020-11-28,Matchday 10,Everton FC,Leeds United FC,0,1,played
2020-21,2020-11-28,Matchday 10,Manchester City FC,Burnley FC,5,0,played
2020-21,2020-11-28,Matchday 10,West Bromwich Albion FC,Sheffield United FC,1,0,played
2020-21,2020-11-29,Matchday 10,Arsenal FC,Wolverhampton Wanderers FC,1,2,played
2020-21,2020-11-29,Matchday 10,Chelsea FC,Tottenham Hotspur FC,0,0,played
2020-21,2020-11-29,Matchday 10,Southampton FC,Manchester United FC,2,3,played
2020-21,2020-11-30,Matchday 10,Leicester City FC,Fulham FC,1,2,played
2020-21,2020-11-30,Matchday 10,West Ham United FC,Aston Villa FC,2,1,played
2020-21,2020-12-05,Matchday 11,Burnley FC,Everton FC,1,1,played
2020-21,2020-12-05,Matchday 11,Chelsea FC,Leeds United FC,3,1,played
2020-21,2020-12-05,Matchday 11,Manchester City FC,Fulham FC,2,0,played
2020-21,2020-12-05,Matchday 11,West Ham United FC,Manchester United FC,1,3,played
2020-21,2020-12-06,Matchday 11,Liverpool FC,Wolverhampton Wanderers FC,4,0,played
2020-21,2020-12-06,Matchday 11,Sheffield United FC,Leicester City FC,1,2,played
2020-21,2020-12-06,Matchday 11,Tottenham Hotspur FC,Arsenal FC,2,0,played
2020-21,2020-12-06,Matchday 11,West Bromwich Albion FC,Crystal Palace FC,1,5,played
2020-21,2020-12-07,Matchday 11,Brighton & Hove Albion FC,Southampton FC,1,2,played
2020-21,2020-12-11,Matchday 12,Leeds United FC,West Ham United FC,1,2,played
2020-21,2020-12-12,Matchday 12,Everton FC,Chelsea FC,1,0,played
2020-21,2020-12-12,Matchday 12,Manchester United FC,Manchester City FC,0,0,played
2020-21,2020-12-12,Matchday 12,Newcastle United FC,West Bromwich Albion FC,2,1,played
2020-21,2020-12-12,Matchday 12,Wolverhampton Wanderers FC,Aston Villa FC,0,1,played
2020-21,2020-12-13,Matchday 12,Arsenal FC,Burnley FC,0,1,played
2020-21,2020-12-13,Matchday 12,Crystal Palace FC,Tottenham Hotspur FC,1,1,played
2020-21,2020-12-13,Matchday 12,Fulham FC,Liverpool FC,1,1,played
2020-21,2020-12-13,Matchday 12,Leicester City FC,Brighton & Hove Albion FC,3,0,played
2020-21,2020-12-13,Matchday 12,Southampton FC,Sheffield United FC,3,0,played
2020-21,2020-12-15,Matchday 13,Manchester City FC,West Bromwich Albion FC,1,1,played
2020-21,2020-12-15,Matchday 13,Wolverhampton Wanderers FC,Chelsea FC,2,1,played
2020-21,2020-12-16,Matchday 13,Arsenal FC,Southampton FC,1,1,played
2020-21,2020-12-16,Matchday 13,Fulham FC,Brighton & Hove Albion FC,0,0,played
2020-21,2020-12-16,Matchday 13,Leeds United FC,Newcastle United FC,5,2,played
2020-21,2020-12-16,Matchday 13,Leicester City FC,Everton FC,0,2,played
2020-21,2020-12-16,Matchday 13,Liverpool FC,Tottenham Hotspur FC,2,1,played
2020-21,2020-12-16,Matchday 13,West Ham United FC,Crystal Palace FC,1,1,played
2020-21,2020-12-17,Matchday 13,Aston Villa FC,Burnley FC,0,0,played
2020-21,2020-12-17,Matchday 13,Sheffield United FC,Manchester United FC,2,3,played
2020-21,2020-12-19,Matchday 14,Crystal Palace FC,Liverpool FC,0,7,played
2020-21,2020-12-19,Matchday 14,Everton FC,Arsenal FC,2,1,played
2020-21,2020-12-19,Matchday 14,Newcastle United FC,Fulham FC,1,1,played
2020-21,2020-12-19,Matchday 14,Southampton FC,Manchester City FC,0,1,played
2020-21,2020-12-20,Matchday 14,Brighton & Hove Albion FC,Sheffield United FC,1,1,played
2020-21,2020-12-20,Matchday 14,Manchester United FC,Leeds United FC,6,2,played
2020-21,2020-12-20,Matchday 14,Tottenham Hotspur FC,Leicester City FC,0,2,played
2020-21,2020-12-20,Matchday 14,West Bromwich Albion FC,Aston Villa FC,0,3,played
2020-21,2020-12-21,Matchday 14,Burnley FC,Wolverhampton Wanderers FC,2,1,played
2020-21,2020-12-21,Matchday 14,Chelsea FC,West Ham United FC,3,0,played
2020-21,2020-12-26,Matchday 15,Arsenal FC,Chelsea FC,3,1,played
2020-21,2020-12-26,Matchday 15,Aston Villa FC,Crystal Palace FC,3,0,played
2020-21,2020-12-26,Matchday 15,Fulham FC,Southampton FC,0,0,played
2020-21,2020-12-26,Matchday 15,Leicester City FC,Manchester United FC,2,2,played
2020-21,2020-12-26,Matchday 15,Manchester City FC,Newcastle United FC,2,0,played
2020-21,2020-12-26,Matchday 15,Sheffield United FC,Everton FC,0,1,played
2020-21,2020-12-27,Matchday 15,Leeds United FC,Burnley FC,1,0,played
2020-21,2020-12-27,Matchday 15,Liverpool FC,West Bromwich Albion FC,1,1,played
2020-21,2020-12-27,Matchday 15,West Ham United FC,Brighton & Hove Albion FC,2,2,played
2020-21,2020-12-27,Matchday 15,Wolverhampton Wanderers FC,Tottenham Hotspur FC,1,1,played
2020-21,2020-12-28,Matchday 16,Chelsea FC,Aston Villa FC,1,1,played
2020-21,2020-12-28,Matchday 16,Crystal Palace FC,Leicester City FC,1,1,played
2020-21,2020-12-29,Matchday 16,Brighton & Hove Albion FC,Arsenal FC,0,1,played
2020-21,2020-12-29,Matchday 16,Burnley FC,Sheffield United FC,1,0,played
2020-21,2020-12-29,Matchday 16,Manchester United FC,Wolverhampton Wanderers FC,1,0,played
2020-21,2020-12-29,Matchday 16,Southampton FC,West Ham United FC,0,0,played
2020-21,2020-12-29,Matchday 16,West Bromwich Albion FC,Leeds United FC,0,5,played
2020-21,2020-12-30,Matchday 16,Newcastle United FC,Liverpool FC,0,0,played
2020-21,2021-01-01,Matchday 17,Everton FC,West Ham United FC,0,1,played
2020-21,2021-01-01,Matchday 17,Manchester United FC,Aston Villa FC,2,1,played
2020-21,2021-01-02,Matchday 17,Brighton & Hove Albion FC,Wolverhampton Wanderers FC,3,3,played
2020-21,2021-01-02,Matchday 17,Crystal Palace FC,Sheffield United FC,2,0,played
2020-21,2021-01-02,Matchday 17,Tottenham Hotspur FC,Leeds United FC,3,0,played
2020-21,2021-01-02,Matchday 17,West Bromwich Albion FC,Arsenal FC,0,4,played
2020-21,2021-01-03,Matchday 17,Chelsea FC,Manchester City FC,1,3,played
2020-21,2021-01-03,Matchday 17,Newcastle United FC,Leicester City FC,1,2,played
2020-21,2021-01-04,Matchday 17,Southampton FC,Liverpool FC,1,0,played
2020-21,2021-01-12,Matchday 1,Burnley FC,Manchester United FC,0,1,played
2020-21,2021-01-12,Matchday 18,Sheffield United FC,Newcastle United FC,1,0,played
2020-21,2021-01-12,Matchday 18,Wolverhampton Wanderers FC,Everton FC,1,2,played
2020-21,2021-01-13,Matchday 18,Manchester City FC,Brighton & Hove Albion FC,1,0,played
2020-21,2021-01-13,Matchday 16,Tottenham Hotspur FC,Fulham FC,1,1,played
2020-21,2021-01-14,Matchday 18,Arsenal FC,Crystal Palace FC,0,0,played
2020-21,2021-01-16,Matchday 19,Fulham FC,Chelsea FC,0,1,played
2020-21,2021-01-16,Matchday 19,Leeds United FC,Brighton & Hove Albion FC,0,1,played
2020-21,2021-01-16,Matchday 19,Leicester City FC,Southampton FC,2,0,played
2020-21,2021-01-16,Matchday 19,West Ham United FC,Burnley FC,1,0,played
2020-21,2021-01-16,Matchday 19,Wolverhampton Wanderers FC,West Bromwich Albion FC,2,3,played
2020-21,2021-01-17,Matchday 19,Liverpool FC,Manchester United FC,0,0,played
2020-21,2021-01-17,Matchday 19,Manchester City FC,Crystal Palace FC,4,0,played
2020-21,2021-01-17,Matchday 19,Sheffield United FC,Tottenham Hotspur FC,1,3,played
2020-21,2021-01-18,Matchday 19,Arsenal FC,Newcastle United FC,3,0,played
2020-21,2021-01-19,Matchday 18,Leicester City FC,Chelsea FC,2,0,played
2020-21,2021-01-19,Matchday 18,West Ham United FC,West Bromwich Albion FC,2,1,played
2020-21,2021-01-20,Matchday 18,Fulham FC,Manchester United FC,1,2,played
2020-21,2021-01-20,Matchday 1,Manchester City FC,Aston Villa FC,2,0,played
2020-21,2021-01-21,Matchday 18,Liverpool FC,Burnley FC,0,1,played
2020-21,2021-01-23,Matchday 11,Aston Villa FC,Newcastle United FC,2,0,played
2020-21,2021-01-26,Matchday 20,Crystal Palace FC,West Ham United FC,2,3,played
2020-21,2021-01-26,Matchday 20,Newcastle United FC,Leeds United FC,1,2,played
2020-21,2021-01-26,Matchday 20,Southampton FC,Arsenal FC,1,3,played
2020-21,2021-01-26,Matchday 20,West Bromwich Albion FC,Manchester City FC,0,5,played
2020-21,2021-01-27,Matchday 20,Brighton & Hove Albion FC,Fulham FC,0,0,played
2020-21,2021-01-27,Matchday 20,Burnley FC,Aston Villa FC,3,2,played
2020-21,2021-01-27,Matchday 20,Chelsea FC,Wolverhampton Wanderers FC,0,0,played
2020-21,2021-01-27,Matchday 20,Everton FC,Leicester City FC,1,1,played
2020-21,2021-01-27,Matchday 20,Manchester United FC,Sheffield United FC,1,2,played
2020-21,2021-01-28,Matchday 20,Tottenham Hotspur FC,Liverpool FC,1,3,played
2020-21,2021-01-30,Matchday 21,Arsenal FC,Manchester United FC,0,0,played
2020-21,2021-01-30,Matchday 21,Crystal Palace FC,Wolverhampton Wanderers FC,1,0,played
2020-21,2021-01-30,Matchday 21,Everton FC,Newcastle United FC,0,2,played
2020-21,2021-01-30,Matchday 21,Manchester City FC,Sheffield United FC,1,0,played
2020-21,2021-01-30,Matchday 21,Southampton FC,Aston Villa FC,0,1,played
2020-21,2021-01-30,Matchday 21,West Bromwich Albion FC,Fulham FC,2,2,played
2020-21,2021-01-31,Matchday 21,Brighton & Hove Albion FC,Tottenham Hotspur FC,1,0,played
2020-21,2021-01-31,Matchday 21,Chelsea FC,Burnley FC,2,0,played
2020-21,2021-01-31,Matchday 21,Leicester City FC,Leeds United FC,1,3,played
2020-21,2021-01-31,Matchday 21,West Ham United FC,Liverpool FC,1,3,played
2020-21,2021-02-02,Matchday 22,Manchester United FC,Southampton FC,9,0,played
2020-21,2021-02-02,Matchday 22,Newcastle United FC,Crystal Palace FC,1,2,played
2020-21,2021-02-02,Matchday 22,Sheffield United FC,West Bromwich Albion FC,2,1,played
2020-21,2021-02-02,Matchday 22,Wolverhampton Wanderers FC,Arsenal FC,2,1,played
2020-21,2021-02-03,Matchday 22,Aston Villa FC,West Ham United FC,1,3,played
2020-21,2021-02-03,Matchday 22,Burnley FC,Manchester City FC,0,2,played
2020-21,2021-02-03,Matchday 22,Fulham FC,Leicester City FC,0,2,played
2020-21,2021-02-03,Matchday 22,Leeds United FC,Everton FC,1,2,played
2020-21,2021-02-03,Matchday 22,Liverpool FC,Brighton & Hove Albion FC,0,1,played
2020-21,2021-02-04,Matchday 22,Tottenham Hotspur FC,Chelsea FC,0,1,played
2020-21,2021-02-06,Matchday 23,Aston Villa FC,Arsenal FC,1,0,played
2020-21,2021-02-06,Matchday 23,Burnley FC,Brighton & Hove Albion FC,1,1,played
2020-21,2021-02-06,Matchday 23,Fulham FC,West Ham United FC,0,0,played
2020-21,2021-02-06,Matchday 23,Manchester United FC,Everton FC,3,3,played
2020-21,2021-02-06,Matchday 23,Newcastle United FC,Southampton FC,3,2,played
2020-21,2021-02-07,Matchday 23,Liverpool FC,Manchester City FC,1,4,played
2020-21,2021-02-07,Matchday 23,Sheffield United FC,Chelsea FC,1,2,played
2020-21,2021-02-07,Matchday 23,Tottenham Hotspur FC,West Bromwich Albion FC,2,0,played
2020-21,2021-02-07,Matchday 23,Wolverhampton Wanderers FC,Leicester City FC,0,0,played
2020-21,2021-02-08,Matchday 23,Leeds United FC,Crystal Palace FC,2,0,played
2020-21,2021-02-13,Matchday 24,Brighton & Hove Albion FC,Aston Villa FC,0,0,played
2020-21,2021-02-13,Matchday 24,Crystal Palace FC,Burnley FC,0,3,played
2020-21,2021-02-13,Matchday 24,Leicester City FC,Liverpool FC,3,1,played
2020-21,2021-02-13,Matchday 24,Manchester City FC,Tottenham Hotspur FC,3,0,played
2020-21,2021-02-14,Matchday 24,Arsenal FC,Leeds United FC,4,2,played
2020-21,2021-02-14,Matchday 24,Everton FC,Fulham FC,0,2,played
2020-21,2021-02-14,Matchday 24,Southampton FC,Wolverhampton Wanderers FC,1,2,played
2020-21,2021-02-14,Matchday 24,West Bromwich Albion FC,Manchester United FC,1,1,played
2020-21,2021-02-15,Matchday 24,Chelsea FC,Newcastle United FC,2,0,played
2020-21,2021-02-15,Matchday 24,West Ham United FC,Sheffield United FC,3,0,played
2020-21,2021-02-17,Matchday 17,Burnley FC,Fulham FC,1,1,played
2020-21,2021-02-17,Matchday 16,Everton FC,Manchester City FC,1,3,played
2020-21,2021-02-19,Matchday 25,Wolverhampton Wanderers FC,Leeds United FC,1,0,played
2020-21,2021-02-20,Matchday 25,Burnley FC,West Bromwich Albion FC,0,0,played
2020-21,2021-02-20,Matchday 25,Fulham FC,Sheffield United FC,1,0,played
2020-21,2021-02-20,Matchday 25,Liverpool FC,Everton FC,0,2,played
2020-21,2021-02-20,Matchday 25,Southampton FC,Chelsea FC,1,1,played
2020-21,2021-02-21,Matchday 25,Arsenal FC,Manchester City FC,0,1,played
2020-21,2021-02-21,Matchday 25,Aston Villa FC,Leicester City FC,1,2,played
2020-21,2021-02-21,Matchday 25,Manchester United FC,Newcastle United FC,3,1,played
2020-21,2021-02-21,Matchday 25,West Ham United FC,Tottenham Hotspur FC,2,1,played
2020-21,2021-02-22,Matchday 25,Brighton & Hove Albion FC,Crystal Palace FC,1,2,played
2020-21,2021-02-23,Matchday 18,Leeds United FC,Southampton FC,3,0,played
2020-21,2021-02-27,Matchday 26,Leeds United FC,Aston Villa FC,0,1,played
2020-21,2021-02-27,Matchday 26,Manchester City FC,West Ham United FC,2,1,played
2020-21,2021-02-27,Matchday 26,Newcastle United FC,Wolverhampton Wanderers FC,1,1,played
2020-21,2021-02-27,Matchday 26,West Bromwich Albion FC,Brighton & Hove Albion FC,1,0,played
2020-21,2021-02-28,Matchday 26,Chelsea FC,Manchester United FC,0,0,played
2020-21,2021-02-28,Matchday 26,Crystal Palace FC,Fulham FC,0,0,played
2020-21,2021-02-28,Matchday 26,Leicester City FC,Arsenal FC,1,3,played
2020-21,2021-02-28,Matchday 26,Sheffield United FC,Liverpool FC,0,2,played
2020-21,2021-02-28,Matchday 26,Tottenham Hotspur FC,Burnley FC,4,0,played
2020-21,2021-03-01,Matchday 26,Everton FC,Southampton FC,1,0,played
2020-21,2021-03-02,Matchday 29,Manchester City FC,Wolverhampton Wanderers FC,4,1,played
2020-21,2021-03-03,Matchday 29,Burnley FC,Leicester City FC,1,1,played
2020-21,2021-03-03,Matchday 29,Crystal Palace FC,Manchester United FC,0,0,played
2020-21,2021-03-03,Matchday 29,Sheffield United FC,Aston Villa FC,1,0,played
2020-21,2021-03-04,Matchday 33,Fulham FC,Tottenham Hotspur FC,0,1,played
2020-21,2021-03-04,Matchday 29,Liverpool FC,Chelsea FC,0,1,played
2020-21,2021-03-04,Matchday 29,West Bromwich Albion FC,Everton FC,0,1,played
2020-21,2021-03-06,Matchday 27,Aston Villa FC,Wolverhampton Wanderers FC,0,0,played
2020-21,2021-03-06,Matchday 27,Brighton & Hove Albion FC,Leicester City FC,1,2,played
2020-21,2021-03-06,Matchday 27,Burnley FC,Arsenal FC,1,1,played
2020-21,2021-03-06,Matchday 27,Sheffield United FC,Southampton FC,0,2,played
2020-21,2021-03-07,Matchday 27,Liverpool FC,Fulham FC,0,1,played
2020-21,2021-03-07,Matchday 27,Manchester City FC,Manchester United FC,0,2,played
2020-21,2021-03-07,Matchday 27,Tottenham Hotspur FC,Crystal Palace FC,4,1,played
2020-21,2021-03-07,Matchday 27,West Bromwich Albion FC,Newcastle United FC,0,0,played
2020-21,2021-03-08,Matchday 27,Chelsea FC,Everton FC,2,0,played
2020-21,2021-03-08,Matchday 27,West Ham United FC,Leeds United FC,2,0,played
2020-21,2021-03-10,Matchday 33,Manchester City FC,Southampton FC,5,2,played
2020-21,2021-03-12,Matchday 28,Newcastle United FC,Aston Villa FC,1,1,played
2020-21,2021-03-13,Matchday 28,Crystal Palace FC,West Bromwich Albion FC,1,0,played
2020-21,2021-03-13,Matchday 28,Everton FC,Burnley FC,1,2,played
2020-21,2021-03-13,Matchday 28,Fulham FC,Manchester City FC,0,3,played
2020-21,2021-03-13,Matchday 28,Leeds United FC,Chelsea FC,0,0,played
2020-21,2021-03-14,Matchday 28,Arsenal FC,Tottenham Hotspur FC,2,1,played
2020-21,2021-03-14,Matchday 28,Leicester City FC,Sheffield United FC,5,0,played
2020-21,2021-03-14,Matchday 28,Manchester United FC,West Ham United FC,1,0,played
2020-21,2021-03-14,Matchday 28,Southampton FC,Brighton & Hove Albion FC,1,2,played
2020-21,2021-03-15,Matchday 28,Wolverhampton Wanderers FC,Liverpool FC,0,1,played
2020-21,2021-03-19,Matchday 29,Fulham FC,Leeds United FC,1,2,played
2020-21,2021-03-20,Matchday 29,Brighton & Hove Albion FC,Newcastle United FC,3,0,played
2020-21,2021-03-21,Matchday 18,Aston Villa FC,Tottenham Hotspur FC,0,2,played
2020-21,2021-03-21,Matchday 29,West Ham United FC,Arsenal FC,3,3,played
2020-21,2021-04-03,Matchday 30,Arsenal FC,Liverpool FC,0,3,played
2020-21,2021-04-03,Matchday 30,Chelsea FC,West Bromwich Albion FC,2,5,played
2020-21,2021-04-03,Matchday 30,Leeds United FC,Sheffield United FC,2,1,played
2020-21,2021-04-03,Matchday 30,Leicester City FC,Manchester City FC,0,2,played
2020-21,2021-04-04,Matchday 30,Aston Villa FC,Fulham FC,3,1,played
2020-21,2021-04-04,Matchday 30,Manchester United FC,Brighton & Hove Albion FC,2,1,played
2020-21,2021-04-04,Matchday 30,Newcastle United FC,Tottenham Hotspur FC,2,2,played
2020-21,2021-04-04,Matchday 30,Southampton FC,Burnley FC,3,2,played
2020-21,2021-04-05,Matchday 30,Everton FC,Crystal Palace FC,1,1,played
2020-21,2021-04-05,Matchday 30,Wolverhampton Wanderers FC,West Ham United FC,2,3,played
2020-21,2021-04-09,Matchday 31,Fulham FC,Wolverhampton Wanderers FC,0,1,played
2020-21,2021-04-10,Matchday 31,Crystal Palace FC,Chelsea FC,1,4,played
2020-21,2021-04-10,Matchday 31,Liverpool FC,Aston Villa FC,2,1,played
2020-21,2021-04-10,Matchday 31,Manchester City FC,Leeds United FC,1,2,played
2020-21,2021-04-11,Matchday 31,Burnley FC,Newcastle United FC,1,2,played
2020-21,2021-04-11,Matchday 31,Sheffield United FC,Arsenal FC,0,3,played
2020-21,2021-04-11,Matchday 31,Tottenham Hotspur FC,Manchester United FC,1,3,played
2020-21,2021-04-11,Matchday 31,West Ham United FC,Leicester City FC,3,2,played
2020-21,2021-04-12,Matchday 31,Brighton & Hove Albion FC,Everton FC,0,0,played
2020-21,2021-04-12,Matchday 31,West Bromwich Albion FC,Southampton FC,3,0,played
2020-21,2021-04-16,Matchday 32,Everton FC,Tottenham Hotspur FC,2,2,played
2020-21,2021-04-17,Matchday 32,Newcastle United FC,West Ham United FC,3,2,played
2020-21,2021-04-17,Matchday 32,Wolverhampton Wanderers FC,Sheffield United FC,1,0,played
2020-21,2021-04-18,Matchday 32,Arsenal FC,Fulham FC,1,1,played
2020-21,2021-04-18,Matchday 32,Manchester United FC,Burnley FC,3,1,played
2020-21,2021-04-19,Matchday 32,Leeds United FC,Liverpool FC,1,1,played
2020-21,2021-04-20,Matchday 32,Chelsea FC,Brighton & Hove Albion FC,0,0,played
2020-21,2021-04-21,Matchday 32,Aston Villa FC,Manchester City FC,1,2,played
2020-21,2021-04-21,Matchday 29,Tottenham Hotspur FC,Southampton FC,2,1,played
2020-21,2021-04-22,Matchday 32,Leicester City FC,West Bromwich Albion FC,3,0,played
2020-21,2021-04-23,Matchday 33,Arsenal FC,Everton FC,0,1,played
2020-21,2021-04-24,Matchday 33,Liverpool FC,Newcastle United FC,1,1,played
2020-21,2021-04-24,Matchday 33,Sheffield United FC,Brighton & Hove Albion FC,1,0,played
2020-21,2021-04-24,Matchday 33,West Ham United FC,Chelsea FC,0,1,played
2020-21,2021-04-25,Matchday 33,Aston Villa FC,West Bromwich Albion FC,2,2,played
2020-21,2021-04-25,Matchday 33,Leeds United FC,Manchester United FC,0,0,played
2020-21,2021-04-25,Matchday 33,Wolverhampton Wanderers FC,Burnley FC,0,4,played
2020-21,2021-04-26,Matchday 33,Leicester City FC,Crystal Palace FC,2,1,played
2020-21,2021-04-30,Matchday 34,Southampton FC,Leicester City FC,1,1,played
2020-21,2021-05-01,Matchday 34,Brighton & Hove Albion FC,Leeds United FC,2,0,played
2020-21,2021-05-01,Matchday 34,Chelsea FC,Fulham FC,2,0,played
2020-21,2021-05-01,Matchday 34,Crystal Palace FC,Manchester City FC,0,2,played
2020-21,2021-05-01,Matchday 34,Everton FC,Aston Villa FC,1,2,played
2020-21,2021-05-02,Matchday 34,Newcastle United FC,Arsenal FC,0,2,played
2020-21,2021-05-02,Matchday 34,Tottenham Hotspur FC,Sheffield United FC,4,0,played
2020-21,2021-05-03,Matchday 34,Burnley FC,West Ham United FC,1,2,played
2020-21,2021-05-03,Matchday 34,West Bromwich Albion FC,Wolverhampton Wanderers FC,1,1,played
2020-21,2021-05-07,Matchday 35,Leicester City FC,Newcastle United FC,2,4,played
2020-21,2021-05-08,Matchday 35,Leeds United FC,Tottenham Hotspur FC,3,1,played
2020-21,2021-05-08,Matchday 35,Liverpool FC,Southampton FC,2,0,played
2020-21,2021-05-08,Matchday 35,Manchester City FC,Chelsea FC,1,2,played
2020-21,2021-05-08,Matchday 35,Sheffield United FC,Crystal Palace FC,0,2,played
2020-21,2021-05-09,Matchday 35,Arsenal FC,West Bromwich Albion FC,3,1,played
2020-21,2021-05-09,Matchday 35,Aston Villa FC,Manchester United FC,1,3,played
2020-21,2021-05-09,Matchday 35,West Ham United FC,Everton FC,0,1,played
2020-21,2021-05-09,Matchday 35,Wolverhampton Wanderers FC,Brighton & Hove Albion FC,2,1,played
2020-21,2021-05-10,Matchday 35,Fulham FC,Burnley FC,0,2,played
2020-21,2021-05-11,Matchday 36,Manchester United FC,Leicester City FC,1,2,played
2020-21,2021-05-11,Matchday 32,Southampton FC,Crystal Palace FC,3,1,played
2020-21,2021-05-12,Matchday 36,Chelsea FC,Arsenal FC,0,1,played
2020-21,2021-05-13,Matchday 19,Aston Villa FC,Everton FC,0,0,played
2020-21,2021-05-13,Matchday 34,Manchester United FC,Liverpool FC,2,4,played
2020-21,2021-05-14,Matchday 36,Newcastle United FC,Manchester City FC,3,4,played
2020-21,2021-05-15,Matchday 36,Brighton & Hove Albion FC,West Ham United FC,1,1,played
2020-21,2021-05-15,Matchday 36,Burnley FC,Leeds United FC,0,4,played
2020-21,2021-05-15,Matchday 36,Southampton FC,Fulham FC,3,1,played
2020-21,2021-05-16,Matchday 36,Crystal Palace FC,Aston Villa FC,3,2,played
2020-21,2021-05-16,Matchday 36,Everton FC,Sheffield United FC,0,1,played
2020-21,2021-05-16,Matchday 36,Tottenham Hotspur FC,Wolverhampton Wanderers FC,2,0,played
2020-21,2021-05-16,Matchday 36,West Bromwich Albion FC,Liverpool FC,1,2,played
2020-21,2021-05-18,Matchday 37,Brighton & Hove Albion FC,Manchester City FC,3,2,played
2020-21,2021-05-18,Matchday 37,Chelsea FC,Leicester City FC,2,1,played
2020-21,2021-05-18,Matchday 37,Manchester United FC,Fulham FC,1,1,played
2020-21,2021-05-18,Matchday 37,Southampton FC,Leeds United FC,0,2,played
2020-21,2021-05-19,Matchday 37,Burnley FC,Liverpool FC,0,3,played
2020-21,2021-05-19,Matchday 37,Crystal Palace FC,Arsenal FC,1,3,played
2020-21,2021-05-19,Matchday 37,Everton FC,Wolverhampton Wanderers FC,1,0,played
2020-21,2021-05-19,Matchday 37,Newcastle United FC,Sheffield United FC,1,0,played
2020-21,2021-05-19,Matchday 37,Tottenham Hotspur FC,Aston Villa FC,1,2,played
2020-21,2021-05-19,Matchday 37,West Bromwich Albion FC,West Ham United FC,1,3,played
2020-21,2021-05-23,Matchday 38,Arsenal FC,Brighton & Hove Albion FC,2,0,played
2020-21,2021-05-23,Matchday 38,Aston Villa FC,Chelsea FC,2,1,played
2020-21,2021-05-23,Matchday 38,Fulham FC,Newcastle United FC,0,2,played
2020-21,2021-05-23,Matchday 38,Leeds United FC,West Bromwich Albion FC,3,1,played
2020-21,2021-05-23,Matchday 38,Leicester City FC,Tottenham Hotspur FC,2,4,played
2020-21,2021-05-23,Matchday 38,Liverpool FC,Crystal Palace FC,2,0,played
2020-21,2021-05-23,Matchday 38,Manchester City FC,Everton FC,5,0,played
2020-21,2021-05-23,Matchday 38,Sheffield United FC,Burnley FC,1,0,played
2020-21,2021-05-23,Matchday 38,West Ham United FC,Southampton FC,3,0,played
2020-21,2021-05-23,Matchday 38,Wolverhampton Wanderers FC,Manchester United FC,1,2,played
2021-22,2021-08-13,Matchday 1,Brentford FC,Arsenal FC,2,0,played
2021-22,2021-08-14,Matchday 1,Burnley FC,Brighton & Hove Albion FC,1,2,played
2021-22,2021-08-14,Matchday 1,Chelsea FC,Crystal Palace FC,3,0,played
2021-22,2021-08-14,Matchday 1,Everton FC,Southampton FC,3,1,played
2021-22,2021-08-14,Matchday 1,Leicester City FC,Wolverhampton Wanderers FC,1,0,played
2021-22,2021-08-14,Matchday 1,Manchester United FC,Leeds United FC,5,1,played
2021-22,2021-08-14,Matchday 1,Norwich City FC,Liverpool FC,0,3,played
2021-22,2021-08-14,Matchday 1,Watford FC,Aston Villa FC,3,2,played
2021-22,2021-08-15,Matchday 1,Newcastle United FC,West Ham United FC,2,4,played
2021-22,2021-08-15,Matchday 1,Tottenham Hotspur FC,Manchester City FC,1,0,played
2021-22,2021-08-21,Matchday 2,Aston Villa FC,Newcastle United FC,2,0,played
2021-22,2021-08-21,Matchday 2,Brighton & Hove Albion FC,Watford FC,2,0,played
2021-22,2021-08-21,Matchday 2,Crystal Palace FC,Brentford FC,0,0,played
2021-22,2021-08-21,Matchday 2,Leeds United FC,Everton FC,2,2,played
2021-22,2021-08-21,Matchday 2,Liverpool FC,Burnley FC,2,0,played
2021-22,2021-08-21,Matchday 2,Manchester City FC,Norwich City FC,5,0,played
2021-22,2021-08-22,Matchday 2,Arsenal FC,Chelsea FC,0,2,played
2021-22,2021-08-22,Matchday 2,Southampton FC,Manchester United FC,1,1,played
2021-22,2021-08-22,Matchday 2,Wolverhampton Wanderers FC,Tottenham Hotspur FC,0,1,played
2021-22,2021-08-23,Matchday 2,West Ham United FC,Leicester City FC,4,1,played
2021-22,2021-08-28,Matchday 3,Aston Villa FC,Brentford FC,1,1,played
2021-22,2021-08-28,Matchday 3,Brighton & Hove Albion FC,Everton FC,0,2,played
2021-22,2021-08-28,Matchday 3,Liverpool FC,Chelsea FC,1,1,played
2021-22,2021-08-28,Matchday 3,Manchester City FC,Arsenal FC,5,0,played
2021-22,2021-08-28,Matchday 3,Newcastle United FC,Southampton FC,2,2,played
2021-22,2021-08-28,Matchday 3,Norwich City FC,Leicester City FC,1,2,played
2021-22,2021-08-28,Matchday 3,West Ham United FC,Crystal Palace FC,2,2,played
2021-22,2021-08-29,Matchday 3,Burnley FC,Leeds United FC,1,1,played
2021-22,2021-08-29,Matchday 3,Tottenham Hotspur FC,Watford FC,1,0,played
2021-22,2021-08-29,Matchday 3,Wolverhampton Wanderers FC,Manchester United FC,0,1,played
2021-22,2021-09-11,Matchday 4,Arsenal FC,Norwich City FC,1,0,played
2021-22,2021-09-11,Matchday 4,Brentford FC,Brighton & Hove Albion FC,0,1,played
2021-22,2021-09-11,Matchday 4,Chelsea FC,Aston Villa FC,3,0,played
2021-22,2021-09-11,Matchday 4,Crystal Palace FC,Tottenham Hotspur FC,3,0,played
2021-22,2021-09-11,Matchday 4,Leicester City FC,Manchester City FC,0,1,played
2021-22,2021-09-11,Matchday 4,Manchester United FC,Newcastle United FC,4,1,played
2021-22,2021-09-11,Matchday 4,Southampton FC,West Ham United FC,0,0,played
2021-22,2021-09-11,Matchday 4,Watford FC,Wolverhampton Wanderers FC,0,2,played
2021-22,2021-09-12,Matchday 4,Leeds United FC,Liverpool FC,0,3,played
2021-22,2021-09-13,Matchday 4,Everton FC,Burnley FC,3,1,played
2021-22,2021-09-17,Matchday 5,Newcastle United FC,Leeds United FC,1,1,played
2021-22,2021-09-18,Matchday 5,Aston Villa FC,Everton FC,3,0,played
2021-22,2021-09-18,Matchday 5,Burnley FC,Arsenal FC,0,1,played
2021-22,2021-09-18,Matchday 5,Liverpool FC,Crystal Palace FC,3,0,played
2021-22,2021-09-18,Matchday 5,Manchester City FC,Southampton FC,0,0,played
2021-22,2021-09-18,Matchday 5,Norwich City FC,Watford FC,1,3,played
2021-22,2021-09-18,Matchday 5,Wolverhampton Wanderers FC,Brentford FC,0,2,played
2021-22,2021-09-19,Matchday 5,Brighton & Hove Albion FC,Leicester City FC,2,1,played
2021-22,2021-09-19,Matchday 5,Tottenham Hotspur FC,Chelsea FC,0,3,played
2021-22,2021-09-19,Matchday 5,West Ham United FC,Manchester United FC,1,2,played
2021-22,2021-09-25,Matchday 6,Brentford FC,Liverpool FC,3,3,played
2021-22,2021-09-25,Matchday 6,Chelsea FC,Manchester City FC,0,1,played
2021-22,2021-09-25,Matchday 6,Everton FC,Norwich City FC,2,0,played
2021-22,2021-09-25,Matchday 6,Leeds United FC,West Ham United FC,1,2,played
2021-22,2021-09-25,Matchday 6,Leicester City FC,Burnley FC,2,2,played
2021-22,2021-09-25,Matchday 6,Manchester United FC,Aston Villa FC,0,1,played
2021-22,2021-09-25,Matchday 6,Watford FC,Newcastle United FC,1,1,played
2021-22,2021-09-26,Matchday 6,Arsenal FC,Tottenham Hotspur FC,3,1,played
2021-22,2021-09-26,Matchday 6,Southampton FC,Wolverhampton Wanderers FC,0,1,played
2021-22,2021-09-27,Matchday 6,Crystal Palace FC,Brighton & Hove Albion FC,1,1,played
2021-22,2021-10-02,Matchday 7,Brighton & Hove Albion FC,Arsenal FC,0,0,played
2021-22,2021-10-02,Matchday 7,Burnley FC,Norwich City FC,0,0,played
2021-22,2021-10-02,Matchday 7,Chelsea FC,Southampton FC,3,1,played
2021-22,2021-10-02,Matchday 7,Leeds United FC,Watford FC,1,0,played
2021-22,2021-10-02,Matchday 7,Manchester United FC,Everton FC,1,1,played
2021-22,2021-10-02,Matchday 7,Wolverhampton Wanderers FC,Newcastle United FC,2,1,played
2021-22,2021-10-03,Matchday 7,Crystal Palace FC,Leicester City FC,2,2,played
2021-22,2021-10-03,Matchday 7,Liverpool FC,Manchester City FC,2,2,played
2021-22,2021-10-03,Matchday 7,Tottenham Hotspur FC,Aston Villa FC,2,1,played
2021-22,2021-10-03,Matchday 7,West Ham United FC,Brentford FC,1,2,played
2021-22,2021-10-16,Matchday 8,Aston Villa FC,Wolverhampton Wanderers FC,2,3,played
2021-22,2021-10-16,Matchday 8,Brentford FC,Chelsea FC,0,1,played
2021-22,2021-10-16,Matchday 8,Leicester City FC,Manchester United FC,4,2,played
2021-22,2021-10-16,Matchday 8,Manchester City FC,Burnley FC,2,0,played
2021-22,2021-10-16,Matchday 8,Norwich City FC,Brighton & Hove Albion FC,0,0,played
2021-22,2021-10-16,Matchday 8,Southampton FC,Leeds United FC,1,0,played
2021-22,2021-10-16,Matchday 8,Watford FC,Liverpool FC,0,5,played
2021-22,2021-10-17,Matchday 8,Everton FC,West Ham United FC,0,1,played
2021-22,2021-10-17,Matchday 8,Newcastle United FC,Tottenham Hotspur FC,2,3,played
2021-22,2021-10-18,Matchday 8,Arsenal FC,Crystal Palace FC,2,2,played
2021-22,2021-10-22,Matchday 9,Arsenal FC,Aston Villa FC,3,1,played
2021-22,2021-10-23,Matchday 9,Brighton & Hove Albion FC,Manchester City FC,1,4,played
2021-22,2021-10-23,Matchday 9,Chelsea FC,Norwich City FC,7,0,played
2021-22,2021-10-23,Matchday 9,Crystal Palace FC,Newcastle United FC,1,1,played
2021-22,2021-10-23,Matchday 9,Everton FC,Watford FC,2,5,played
2021-22,2021-10-23,Matchday 9,Leeds United FC,Wolverhampton Wanderers FC,1,1,played
2021-22,2021-10-23,Matchday 9,Southampton FC,Burnley FC,2,2,played
2021-22,2021-10-24,Matchday 9,Brentford FC,Leicester City FC,1,2,played
2021-22,2021-10-24,Matchday 9,Manchester United FC,Liverpool FC,0,5,played
2021-22,2021-10-24,Matchday 9,West Ham United FC,Tottenham Hotspur FC,1,0,played
2021-22,2021-10-30,Matchday 10,Burnley FC,Brentford FC,3,1,played
2021-22,2021-10-30,Matchday 10,Leicester City FC,Arsenal FC,0,2,played
2021-22,2021-10-30,Matchday 10,Liverpool FC,Brighton & Hove Albion FC,2,2,played
2021-22,2021-10-30,Matchday 10,Manchester City FC,Crystal Palace FC,0,2,played
2021-22,2021-10-30,Matchday 10,Newcastle United FC,Chelsea FC,0,3,played
2021-22,2021-10-30,Matchday 10,Tottenham Hotspur FC,Manchester United FC,0,3,played
2021-22,2021-10-30,Matchday 10,Watford FC,Southampton FC,0,1,played
2021-22,2021-10-31,Matchday 10,Aston Villa FC,West Ham United FC,1,4,played
2021-22,2021-10-31,Matchday 10,Norwich City FC,Leeds United FC,1,2,played
2021-22,2021-11-01,Matchday 10,Wolverhampton Wanderers FC,Everton FC,2,1,played
2021-22,2021-11-05,Matchday 11,Southampton FC,Aston Villa FC,1,0,played
2021-22,2021-11-06,Matchday 11,Brentford FC,Norwich City FC,1,2,played
2021-22,2021-11-06,Matchday 11,Brighton & Hove Albion FC,Newcastle United FC,1,1,played
2021-22,2021-11-06,Matchday 11,Chelsea FC,Burnley FC,1,1,played
2021-22,2021-11-06,Matchday 11,Crystal Palace FC,Wolverhampton Wanderers FC,2,0,played
2021-22,2021-11-06,Matchday 11,Manchester United FC,Manchester City FC,0,2,played
2021-22,2021-11-07,Matchday 11,Arsenal FC,Watford FC,1,0,played
2021-22,2021-11-07,Matchday 11,Everton FC,Tottenham Hotspur FC,0,0,played
2021-22,2021-11-07,Matchday 11,Leeds United FC,Leicester City FC,1,1,played
2021-22,2021-11-07,Matchday 11,West Ham United FC,Liverpool FC,3,2,played
2021-22,2021-11-20,Matchday 12,Aston Villa FC,Brighton & Hove Albion FC,2,0,played
2021-22,2021-11-20,Matchday 12,Burnley FC,Crystal Palace FC,3,3,played
2021-22,2021-11-20,Matchday 12,Leicester City FC,Chelsea FC,0,3,played
2021-22,2021-11-20,Matchday 12,Liverpool FC,Arsenal FC,4,0,played
2021-22,2021-11-20,Matchday 12,Newcastle United FC,Brentford FC,3,3,played
2021-22,2021-11-20,Matchday 12,Norwich City FC,Southampton FC,2,1,played
2021-22,2021-11-20,Matchday 12,Watford FC,Manchester United FC,4,1,played
2021-22,2021-11-20,Matchday 12,Wolverhampton Wanderers FC,West Ham United FC,1,0,played
2021-22,2021-11-21,Matchday 12,Manchester City FC,Everton FC,3,0,played
2021-22,2021-11-21,Matchday 12,Tottenham Hotspur FC,Leeds United FC,2,1,played
2021-22,2021-11-27,Matchday 13,Arsenal FC,Newcastle United FC,2,0,played
2021-22,2021-11-27,Matchday 13,Brighton & Hove Albion FC,Leeds United FC,0,0,played
2021-22,2021-11-27,Matchday 13,Crystal Palace FC,Aston Villa FC,1,2,played
2021-22,2021-11-27,Matchday 13,Liverpool FC,Southampton FC,4,0,played
2021-22,2021-11-27,Matchday 13,Norwich City FC,Wolverhampton Wanderers FC,0,0,played
2021-22,2021-11-28,Matchday 13,Brentford FC,Everton FC,1,0,played
2021-22,2021-11-28,Matchday 13,Chelsea FC,Manchester United FC,1,1,played
2021-22,2021-11-28,Matchday 13,Leicester City FC,Watford FC,4,2,played
2021-22,2021-11-28,Matchday 13,Manchester City FC,West Ham United FC,2,1,played
2021-22,2021-11-30,Matchday 14,Leeds United FC,Crystal Palace FC,1,0,played
2021-22,2021-11-30,Matchday 14,Newcastle United FC,Norwich City FC,1,1,played
2021-22,2021-12-01,Matchday 14,Aston Villa FC,Manchester City FC,1,2,played
2021-22,2021-12-01,Matchday 14,Everton FC,Liverpool FC,1,4,played
2021-22,2021-12-01,Matchday 14,Southampton FC,Leicester City FC,2,2,played
2021-22,2021-12-01,Matchday 14,Watford FC,Chelsea FC,1,2,played
2021-22,2021-12-01,Matchday 14,West Ham United FC,Brighton & Hove Albion FC,1,1,played
2021-22,2021-12-01,Matchday 14,Wolverhampton Wanderers FC,Burnley FC,0,0,played
2021-22,2021-12-02,Matchday 14,Manchester United FC,Arsenal FC,3,2,played
2021-22,2021-12-02,Matchday 14,Tottenham Hotspur FC,Brentford FC,2,0,played
2021-22,2021-12-04,Matchday 15,Newcastle United FC,Burnley FC,1,0,played
2021-22,2021-12-04,Matchday 15,Southampton FC,Brighton & Hove Albion FC,1,1,played
2021-22,2021-12-04,Matchday 15,Watford FC,Manchester City FC,1,3,played
2021-22,2021-12-04,Matchday 15,West Ham United FC,Chelsea FC,3,2,played
2021-22,2021-12-04,Matchday 15,Wolverhampton Wanderers FC,Liverpool FC,0,1,played
2021-22,2021-12-05,Matchday 15,Aston Villa FC,Leicester City FC,2,1,played
2021-22,2021-12-05,Matchday 15,Leeds United FC,Brentford FC,2,2,played
2021-22,2021-12-05,Matchday 15,Manchester United FC,Crystal Palace FC,1,0,played
2021-22,2021-12-05,Matchday 15,Tottenham Hotspur FC,Norwich City FC,3,0,played
2021-22,2021-12-06,Matchday 15,Everton FC,Arsenal FC,2,1,played
2021-22,2021-12-10,Matchday 16,Brentford FC,Watford FC,2,1,played
2021-22,2021-12-11,Matchday 16,Arsenal FC,Southampton FC,3,0,played
2021-22,2021-12-11,Matchday 16,Chelsea FC,Leeds United FC,3,2,played
2021-22,2021-12-11,Matchday 16,Liverpool FC,Aston Villa FC,1,0,played
2021-22,2021-12-11,Matchday 16,Manchester City FC,Wolverhampton Wanderers FC,1,0,played
2021-22,2021-12-11,Matchday 16,Norwich City FC,Manchester United FC,0,1,played
2021-22,2021-12-12,Matchday 16,Burnley FC,West Ham United FC,0,0,played
2021-22,2021-12-12,Matchday 16,Crystal Palace FC,Everton FC,3,1,played
2021-22,2021-12-12,Matchday 16,Leicester City FC,Newcastle United FC,4,0,played
2021-22,2021-12-14,Matchday 17,Manchester City FC,Leeds United FC,7,0,played
2021-22,2021-12-14,Matchday 17,Norwich City FC,Aston Villa FC,0,2,played
2021-22,2021-12-15,Matchday 17,Arsenal FC,West Ham United FC,2,0,played
2021-22,2021-12-15,Matchday 17,Brighton & Hove Albion FC,Wolverhampton Wanderers FC,0,1,played
2021-22,2021-12-15,Matchday 17,Crystal Palace FC,Southampton FC,2,2,played
2021-22,2021-12-16,Matchday 17,Chelsea FC,Everton FC,1,1,played
2021-22,2021-12-16,Matchday 17,Liverpool FC,Newcastle United FC,3,1,played
2021-22,2021-12-18,Matchday 18,Leeds United FC,Arsenal FC,1,4,played
2021-22,2021-12-19,Matchday 18,Newcastle United FC,Manchester City FC,0,4,played
2021-22,2021-12-19,Matchday 18,Tottenham Hotspur FC,Liverpool FC,2,2,played
2021-22,2021-12-19,Matchday 18,Wolverhampton Wanderers FC,Chelsea FC,0,0,played
2021-22,2021-12-26,Matchday 19,Aston Villa FC,Chelsea FC,1,3,played
2021-22,2021-12-26,Matchday 19,Brighton & Hove Albion FC,Brentford FC,2,0,played
2021-22,2021-12-26,Matchday 19,Manchester City FC,Leicester City FC,6,3,played
2021-22,2021-12-26,Matchday 19,Norwich City FC,Arsenal FC,0,5,played
2021-22,2021-12-26,Matchday 19,Tottenham Hotspur FC,Crystal Palace FC,3,0,played
2021-22,2021-12-26,Matchday 19,West Ham United FC,Southampton FC,2,3,played
2021-22,2021-12-27,Matchday 19,Newcastle United FC,Manchester United FC,1,1,played
2021-22,2021-12-28,Matchday 20,Crystal Palace FC,Norwich City FC,3,0,played
2021-22,2021-12-28,Matchday 20,Leicester City FC,Liverpool FC,1,0,played
2021-22,2021-12-28,Matchday 20,Southampton FC,Tottenham Hotspur FC,1,1,played
2021-22,2021-12-28,Matchday 20,Watford FC,West Ham United FC,1,4,played
2021-22,2021-12-29,Matchday 20,Brentford FC,Manchester City FC,0,1,played
2021-22,2021-12-29,Matchday 20,Chelsea FC,Brighton & Hove Albion FC,1,1,played
2021-22,2021-12-30,Matchday 20,Manchester United FC,Burnley FC,3,1,played
2021-22,2022-01-01,Matchday 21,Arsenal FC,Manchester City FC,1,2,played
2021-22,2022-01-01,Matchday 21,Crystal Palace FC,West Ham United FC,2,3,played
2021-22,2022-01-01,Matchday 21,Watford FC,Tottenham Hotspur FC,0,1,played
2021-22,2022-01-02,Matchday 21,Brentford FC,Aston Villa FC,2,1,played
2021-22,2022-01-02,Matchday 21,Chelsea FC,Liverpool FC,2,2,played
2021-22,2022-01-02,Matchday 21,Everton FC,Brighton & Hove Albion FC,2,3,played
2021-22,2022-01-02,Matchday 21,Leeds United FC,Burnley FC,3,1,played
2021-22,2022-01-03,Matchday 21,Manchester United FC,Wolverhampton Wanderers FC,0,1,played
2021-22,2022-01-11,Matchday 18,Southampton FC,Brentford FC,4,1,played
2021-22,2022-01-12,Matchday 18,West Ham United FC,Norwich City FC,2,0,played
2021-22,2022-01-14,Matchday 22,Brighton & Hove Albion FC,Crystal Palace FC,1,1,played
2021-22,2022-01-15,Matchday 22,Aston Villa FC,Manchester United FC,2,2,played
2021-22,2022-01-15,Matchday 22,Manchester City FC,Chelsea FC,1,0,played
2021-22,2022-01-15,Matchday 22,Newcastle United FC,Watford FC,1,1,played
2021-22,2022-01-15,Matchday 22,Norwich City FC,Everton FC,2,1,played
2021-22,2022-01-15,Matchday 22,Wolverhampton Wanderers FC,Southampton FC,3,1,played
2021-22,2022-01-16,Matchday 22,Liverpool FC,Brentford FC,3,0,played
2021-22,2022-01-16,Matchday 22,West Ham United FC,Leeds United FC,2,3,played
2021-22,2022-01-18,Matchday 24,Brighton & Hove Albion FC,Chelsea FC,1,1,played
2021-22,2022-01-19,Matchday 17,Brentford FC,Manchester United FC,1,3,played
2021-22,2022-01-19,Matchday 17,Leicester City FC,Tottenham Hotspur FC,2,3,played
2021-22,2022-01-21,Matchday 23,Watford FC,Norwich City FC,0,3,played
2021-22,2022-01-22,Matchday 23,Brentford FC,Wolverhampton Wanderers FC,1,2,played
2021-22,2022-01-22,Matchday 23,Everton FC,Aston Villa FC,0,1,played
2021-22,2022-01-22,Matchday 23,Leeds United FC,Newcastle United FC,0,1,played
2021-22,2022-01-22,Matchday 23,Manchester United FC,West Ham United FC,1,0,played
2021-22,2022-01-22,Matchday 23,Southampton FC,Manchester City FC,1,1,played
2021-22,2022-01-23,Matchday 23,Arsenal FC,Burnley FC,0,0,played
2021-22,2022-01-23,Matchday 23,Chelsea FC,Tottenham Hotspur FC,2,0,played
2021-22,2022-01-23,Matchday 23,Crystal Palace FC,Liverpool FC,1,3,played
2021-22,2022-01-23,Matchday 23,Leicester City FC,Brighton & Hove Albion FC,1,1,played
2021-22,2022-02-05,Matchday 17,Burnley FC,Watford FC,0,0,played
2021-22,2022-02-08,Matchday 24,Burnley FC,Manchester United FC,1,1,played
2021-22,2022-02-08,Matchday 24,Newcastle United FC,Everton FC,3,1,played
2021-22,2022-02-08,Matchday 24,West Ham United FC,Watford FC,1,0,played
2021-22,2022-02-09,Matchday 24,Aston Villa FC,Leeds United FC,3,3,played
2021-22,2022-02-09,Matchday 24,Manchester City FC,Brentford FC,2,0,played
2021-22,2022-02-09,Matchday 24,Norwich City FC,Crystal Palace FC,1,1,played
2021-22,2022-02-09,Matchday 24,Tottenham Hotspur FC,Southampton FC,2,3,played
2021-22,2022-02-10,Matchday 24,Liverpool FC,Leicester City FC,2,0,played
2021-22,2022-02-10,Matchday 24,Wolverhampton Wanderers FC,Arsenal FC,0,1,played
2021-22,2022-02-12,Matchday 25,Brentford FC,Crystal Palace FC,0,0,played
2021-22,2022-02-12,Matchday 25,Everton FC,Leeds United FC,3,0,played
2021-22,2022-02-12,Matchday 25,Manchester United FC,Southampton FC,1,1,played
2021-22,2022-02-12,Matchday 25,Norwich City FC,Manchester City FC,0,4,played
2021-22,2022-02-12,Matchday 25,Watford FC,Brighton & Hove Albion FC,0,2,played
2021-22,2022-02-13,Matchday 25,Burnley FC,Liverpool FC,0,1,played
2021-22,2022-02-13,Matchday 25,Leicester City FC,West Ham United FC,2,2,played
2021-22,2022-02-13,Matchday 25,Newcastle United FC,Aston Villa FC,1,0,played
2021-22,2022-02-13,Matchday 25,Tottenham Hotspur FC,Wolverhampton Wanderers FC,0,2,played
2021-22,2022-02-15,Matchday 18,Manchester United FC,Brighton & Hove Albion FC,2,0,played
2021-22,2022-02-19,Matchday 26,Arsenal FC,Brentford FC,2,1,played
2021-22,2022-02-19,Matchday 26,Aston Villa FC,Watford FC,0,1,played
2021-22,2022-02-19,Matchday 26,Brighton & Hove Albion FC,Burnley FC,0,3,played
2021-22,2022-02-19,Matchday 26,Crystal Palace FC,Chelsea FC,0,1,played
2021-22,2022-02-19,Matchday 26,Liverpool FC,Norwich City FC,3,1,played
2021-22,2022-02-19,Matchday 26,Manchester City FC,Tottenham Hotspur FC,2,3,played
2021-22,2022-02-19,Matchday 26,Southampton FC,Everton FC,2,0,played
2021-22,2022-02-19,Matchday 26,West Ham United FC,Newcastle United FC,1,1,played
2021-22,2022-02-20,Matchday 26,Leeds United FC,Manchester United FC,2,4,played
2021-22,2022-02-20,Matchday 26,Wolverhampton Wanderers FC,Leicester City FC,2,1,played
2021-22,2022-02-23,Matchday 13,Burnley FC,Tottenham Hotspur FC,1,0,played
2021-22,2022-02-23,Matchday 19,Liverpool FC,Leeds United FC,6,0,played
2021-22,2022-02-23,Matchday 18,Watford FC,Crystal Palace FC,1,4,played
2021-22,2022-02-24,Matchday 20,Arsenal FC,Wolverhampton Wanderers FC,2,1,played
2021-22,2022-02-25,Matchday 27,Southampton FC,Norwich City FC,2,0,played
2021-22,2022-02-26,Matchday 27,Brentford FC,Newcastle United FC,0,2,played
2021-22,2022-02-26,Matchday 27,Brighton & Hove Albion FC,Aston Villa FC,0,2,played
2021-22,2022-02-26,Matchday 27,Crystal Palace FC,Burnley FC,1,1,played
2021-22,2022-02-26,Matchday 27,Everton FC,Manchester City FC,0,1,played
2021-22,2022-02-26,Matchday 27,Leeds United FC,Tottenham Hotspur FC,0,4,played
2021-22,2022-02-26,Matchday 27,Manchester United FC,Watford FC,0,0,played
2021-22,2022-02-27,Matchday 27,West Ham United FC,Wolverhampton Wanderers FC,1,0,played
2021-22,2022-03-01,Matchday 22,Burnley FC,Leicester City FC,0,2,played
2021-22,2022-03-05,Matchday 28,Aston Villa FC,Southampton FC,4,0,played
2021-22,2022-03-05,Matchday 28,Burnley FC,Chelsea FC,0,4,played
2021-22,2022-03-05,Matchday 28,Leicester City FC,Leeds United FC,1,0,played
2021-22,2022-03-05,Matchday 28,Liverpool FC,West Ham United FC,1,0,played
2021-22,2022-03-05,Matchday 28,Newcastle United FC,Brighton & Hove Albion FC,2,1,played
2021-22,2022-03-05,Matchday 28,Norwich City FC,Brentford FC,1,3,played
2021-22,2022-03-05,Matchday 28,Wolverhampton Wanderers FC,Crystal Palace FC,0,2,played
2021-22,2022-03-06,Matchday 28,Manchester City FC,Manchester United FC,4,1,played
2021-22,2022-03-06,Matchday 28,Watford FC,Arsenal FC,2,3,played
2021-22,2022-03-07,Matchday 28,Tottenham Hotspur FC,Everton FC,5,0,played
2021-22,2022-03-10,Matchday 20,Leeds United FC,Aston Villa FC,0,3,played
2021-22,2022-03-10,Matchday 30,Norwich City FC,Chelsea FC,1,3,played
2021-22,2022-03-10,Matchday 21,Southampton FC,Newcastle United FC,1,2,played
2021-22,2022-03-10,Matchday 19,Wolverhampton Wanderers FC,Watford FC,4,0,played
2021-22,2022-03-12,Matchday 29,Brentford FC,Burnley FC,2,0,played
2021-22,2022-03-12,Matchday 29,Brighton & Hove Albion FC,Liverpool FC,0,2,played
2021-22,2022-03-12,Matchday 29,Manchester United FC,Tottenham Hotspur FC,3,2,played
2021-22,2022-03-13,Matchday 29,Arsenal FC,Leicester City FC,2,0,played
2021-22,2022-03-13,Matchday 29,Chelsea FC,Newcastle United FC,1,0,played
2021-22,2022-03-13,Matchday 29,Everton FC,Wolverhampton Wanderers FC,0,1,played
2021-22,2022-03-13,Matchday 29,Leeds United FC,Norwich City FC,2,1,played
2021-22,2022-03-13,Matchday 29,Southampton FC,Watford FC,1,2,played
2021-22,2022-03-13,Matchday 29,West Ham United FC,Aston Villa FC,2,1,played
2021-22,2022-03-14,Matchday 29,Crystal Palace FC,Manchester City FC,0,0,played
2021-22,2022-03-16,Matchday 27,Arsenal FC,Liverpool FC,0,2,played
2021-22,2022-03-16,Matchday 16,Brighton & Hove Albion FC,Tottenham Hotspur FC,0,2,played
2021-22,2022-03-17,Matchday 20,Everton FC,Newcastle United FC,1,0,played
2021-22,2022-03-18,Matchday 30,Wolverhampton Wanderers FC,Leeds United FC,2,3,played
2021-22,2022-03-19,Matchday 30,Aston Villa FC,Arsenal FC,0,1,played
2021-22,2022-03-20,Matchday 30,Leicester City FC,Brentford FC,2,1,played
2021-22,2022-03-20,Matchday 30,Tottenham Hotspur FC,West Ham United FC,3,1,played
2021-22,2022-04-02,Matchday 31,Brighton & Hove Albion FC,Norwich City FC,0,0,played
2021-22,2022-04-02,Matchday 31,Burnley FC,Manchester City FC,0,2,played
2021-22,2022-04-02,Matchday 31,Chelsea FC,Brentford FC,1,4,played
2021-22,2022-04-02,Matchday 31,Leeds United FC,Southampton FC,1,1,played
2021-22,2022-04-02,Matchday 31,Liverpool FC,Watford FC,2,0,played
2021-22,2022-04-02,Matchday 31,Manchester United FC,Leicester City FC,1,1,played
2021-22,2022-04-02,Matchday 31,Wolverhampton Wanderers FC,Aston Villa FC,2,1,played
2021-22,2022-04-03,Matchday 31,Tottenham Hotspur FC,Newcastle United FC,5,1,played
2021-22,2022-04-03,Matchday 31,West Ham United FC,Everton FC,2,1,played
2021-22,2022-04-04,Matchday 31,Crystal Palace FC,Arsenal FC,3,0,played
2021-22,2022-04-06,Matchday 19,Burnley FC,Everton FC,3,2,played
2021-22,2022-04-08,Matchday 32,Newcastle United FC,Wolverhampton Wanderers FC,1,0,played
2021-22,2022-04-09,Matchday 32,Arsenal FC,Brighton & Hove Albion FC,1,2,played
2021-22,2022-04-09,Matchday 32,Aston Villa FC,Tottenham Hotspur FC,0,4,played
2021-22,2022-04-09,Matchday 32,Everton FC,Manchester United FC,1,0,played
2021-22,2022-04-09,Matchday 32,Southampton FC,Chelsea FC,0,6,played
2021-22,2022-04-09,Matchday 32,Watford FC,Leeds United FC,0,3,played
2021-22,2022-04-10,Matchday 32,Brentford FC,West Ham United FC,2,0,played
2021-22,2022-04-10,Matchday 32,Leicester City FC,Crystal Palace FC,2,1,played
2021-22,2022-04-10,Matchday 32,Manchester City FC,Liverpool FC,2,2,played
2021-22,2022-04-10,Matchday 32,Norwich City FC,Burnley FC,2,0,played
2021-22,2022-04-16,Matchday 33,Manchester United FC,Norwich City FC,3,2,played
2021-22,2022-04-16,Matchday 33,Southampton FC,Arsenal FC,1,0,played
2021-22,2022-04-16,Matchday 33,Tottenham Hotspur FC,Brighton & Hove Albion FC,0,1,played
2021-22,2022-04-16,Matchday 33,Watford FC,Brentford FC,1,2,played
2021-22,2022-04-17,Matchday 33,Newcastle United FC,Leicester City FC,2,1,played
2021-22,2022-04-17,Matchday 33,West Ham United FC,Burnley FC,1,1,played
2021-22,2022-04-19,Matchday 30,Liverpool FC,Manchester United FC,4,0,played
2021-22,2022-04-20,Matchday 25,Chelsea FC,Arsenal FC,2,4,played
2021-22,2022-04-20,Matchday 18,Everton FC,Leicester City FC,1,1,played
2021-22,2022-04-20,Matchday 30,Manchester City FC,Brighton & Hove Albion FC,3,0,played
2021-22,2022-04-20,Matchday 30,Newcastle United FC,Crystal Palace FC,1,0,played
2021-22,2022-04-21,Matchday 30,Burnley FC,Southampton FC,2,0,played
2021-22,2022-04-23,Matchday 34,Arsenal FC,Manchester United FC,3,1,played
2021-22,2022-04-23,Matchday 34,Brentford FC,Tottenham Hotspur FC,0,0,played
2021-22,2022-04-23,Matchday 34,Leicester City FC,Aston Villa FC,0,0,played
2021-22,2022-04-23,Matchday 34,Manchester City FC,Watford FC,5,1,played
2021-22,2022-04-23,Matchday 34,Norwich City FC,Newcastle United FC,0,3,played
2021-22,2022-04-24,Matchday 34,Brighton & Hove Albion FC,Southampton FC,2,2,played
2021-22,2022-04-24,Matchday 34,Burnley FC,Wolverhampton Wanderers FC,1,0,played
2021-22,2022-04-24,Matchday 34,Chelsea FC,West Ham United FC,1,0,played
2021-22,2022-04-24,Matchday 34,Liverpool FC,Everton FC,2,0,played
2021-22,2022-04-25,Matchday 34,Crystal Palace FC,Leeds United FC,0,0,played
2021-22,2022-04-28,Matchday 37,Manchester United FC,Chelsea FC,1,1,played
2021-22,2022-04-30,Matchday 35,Aston Villa FC,Norwich City FC,2,0,played
2021-22,2022-04-30,Matchday 35,Leeds United FC,Manchester City FC,0,4,played
2021-22,2022-04-30,Matchday 35,Newcastle United FC,Liverpool FC,0,1,played
2021-22,2022-04-30,Matchday 35,Southampton FC,Crystal Palace FC,1,2,played
2021-22,2022-04-30,Matchday 35,Watford FC,Burnley FC,1,2,played
2021-22,2022-04-30,Matchday 35,Wolverhampton Wanderers FC,Brighton & Hove Albion FC,0,3,played
2021-22,2022-05-01,Matchday 35,Everton FC,Chelsea FC,1,0,played
2021-22,2022-05-01,Matchday 35,Tottenham Hotspur FC,Leicester City FC,3,1,played
2021-22,2022-05-01,Matchday 35,West Ham United FC,Arsenal FC,1,2,played
2021-22,2022-05-02,Matchday 35,Manchester United FC,Brentford FC,3,0,played
2021-22,2022-05-07,Matchday 36,Brentford FC,Southampton FC,3,0,played
2021-22,2022-05-07,Matchday 36,Brighton & Hove Albion FC,Manchester United FC,4,0,played
2021-22,2022-05-07,Matchday 36,Burnley FC,Aston Villa FC,1,3,played
2021-22,2022-05-07,Matchday 36,Chelsea FC,Wolverhampton Wanderers FC,2,2,played
2021-22,2022-05-07,Matchday 36,Crystal Palace FC,Watford FC,1,0,played
2021-22,2022-05-07,Matchday 36,Liverpool FC,Tottenham Hotspur FC,1,1,played
2021-22,2022-05-08,Matchday 36,Arsenal FC,Leeds United FC,2,1,played
2021-22,2022-05-08,Matchday 36,Leicester City FC,Everton FC,1,2,played
2021-22,2022-05-08,Matchday 36,Manchester City FC,Newcastle United FC,5,0,played
2021-22,2022-05-08,Matchday 36,Norwich City FC,West Ham United FC,0,4,played
2021-22,2022-05-10,Matchday 33,Aston Villa FC,Liverpool FC,1,2,played
2021-22,2022-05-11,Matchday 33,Leeds United FC,Chelsea FC,0,3,played
2021-22,2022-05-11,Matchday 21,Leicester City FC,Norwich City FC,3,0,played
2021-22,2022-05-11,Matchday 30,Watford FC,Everton FC,0,0,played
2021-22,2022-05-11,Matchday 33,Wolverhampton Wanderers FC,Manchester City FC,1,5,played
2021-22,2022-05-12,Matchday 22,Tottenham Hotspur FC,Arsenal FC,3,0,played
2021-22,2022-05-15,Matchday 37,Aston Villa FC,Crystal Palace FC,1,1,played
2021-22,2022-05-15,Matchday 37,Everton FC,Brentford FC,2,3,played
2021-22,2022-05-15,Matchday 37,Leeds United FC,Brighton & Hove Albion FC,1,1,played
2021-22,2022-05-15,Matchday 37,Tottenham Hotspur FC,Burnley FC,1,0,played
2021-22,2022-05-15,Matchday 37,Watford FC,Leicester City FC,1,5,played
2021-22,2022-05-15,Matchday 37,West Ham United FC,Manchester City FC,2,2,played
2021-22,2022-05-15,Matchday 37,Wolverhampton Wanderers FC,Norwich City FC,1,1,played
2021-22,2022-05-16,Matchday 37,Newcastle United FC,Arsenal FC,2,0,played
2021-22,2022-05-17,Matchday 37,Southampton FC,Liverpool FC,1,2,played
2021-22,2022-05-19,Matchday 18,Aston Villa FC,Burnley FC,1,1,played
2021-22,2022-05-19,Matchday 27,Chelsea FC,Leicester City FC,1,1,played
2021-22,2022-05-19,Matchday 33,Everton FC,Crystal Palace FC,3,2,played
2021-22,2022-05-22,Matchday 38,Arsenal FC,Everton FC,5,1,played
2021-22,2022-05-22,Matchday 38,Brentford FC,Leeds United FC,1,2,played
2021-22,2022-05-22,Matchday 38,Brighton & Hove Albion FC,West Ham United FC,3,1,played
2021-22,2022-05-22,Matchday 38,Burnley FC,Newcastle United FC,1,2,played
2021-22,2022-05-22,Matchday 38,Chelsea FC,Watford FC,2,1,played
2021-22,2022-05-22,Matchday 38,Crystal Palace FC,Manchester United FC,1,0,played
2021-22,2022-05-22,Matchday 38,Leicester City FC,Southampton FC,4,1,played
2021-22,2022-05-22,Matchday 38,Liverpool FC,Wolverhampton Wanderers FC,3,1,played
2021-22,2022-05-22,Matchday 38,Manchester City FC,Aston Villa FC,3,2,played
2021-22,2022-05-22,Matchday 38,Norwich City FC,Tottenham Hotspur FC,0,5,played
2022-23,2022-08-05,Matchday 1,Crystal Palace FC,Arsenal FC,0,2,played
2022-23,2022-08-06,Matchday 1,AFC Bournemouth,Aston Villa FC,2,0,played
2022-23,2022-08-06,Matchday 1,Everton FC,Chelsea FC,0,1,played
2022-23,2022-08-06,Matchday 1,Fulham FC,Liverpool FC,2,2,played
2022-23,2022-08-06,Matchday 1,Leeds United FC,Wolverhampton Wanderers FC,2,1,played
2022-23,2022-08-06,Matchday 1,Newcastle United FC,Nottingham Forest FC,2,0,played
2022-23,2022-08-06,Matchday 1,Tottenham Hotspur FC,Southampton FC,4,1,played
2022-23,2022-08-07,Matchday 1,Leicester City FC,Brentford FC,2,2,played
2022-23,2022-08-07,Matchday 1,Manchester United FC,Brighton & Hove Albion FC,1,2,played
2022-23,2022-08-07,Matchday 1,West Ham United FC,Manchester City FC,0,2,played
2022-23,2022-08-13,Matchday 2,Arsenal FC,Leicester City FC,4,2,played
2022-23,2022-08-13,Matchday 2,Aston Villa FC,Everton FC,2,1,played
2022-23,2022-08-13,Matchday 2,Brentford FC,Manchester United FC,4,0,played
2022-23,2022-08-13,Matchday 2,Brighton & Hove Albion FC,Newcastle United FC,0,0,played
2022-23,2022-08-13,Matchday 2,Manchester City FC,AFC Bournemouth,4,0,played
2022-23,2022-08-13,Matchday 2,Southampton FC,Leeds United FC,2,2,played
2022-23,2022-08-13,Matchday 2,Wolverhampton Wanderers FC,Fulham FC,0,0,played
2022-23,2022-08-14,Matchday 2,Chelsea FC,Tottenham Hotspur FC,2,2,played
2022-23,2022-08-14,Matchday 2,Nottingham Forest FC,West Ham United FC,1,0,played
2022-23,2022-08-15,Matchday 2,Liverpool FC,Crystal Palace FC,1,1,played
2022-23,2022-08-20,Matchday 3,AFC Bournemouth,Arsenal FC,0,3,played
2022-23,2022-08-20,Matchday 3,Crystal Palace FC,Aston Villa FC,3,1,played
2022-23,2022-08-20,Matchday 3,Everton FC,Nottingham Forest FC,1,1,played
2022-23,2022-08-20,Matchday 3,Fulham FC,Brentford FC,3,2,played
2022-23,2022-08-20,Matchday 3,Leicester City FC,Southampton FC,1,2,played
2022-23,2022-08-20,Matchday 3,Tottenham Hotspur FC,Wolverhampton Wanderers FC,1,0,played
2022-23,2022-08-21,Matchday 3,Leeds United FC,Chelsea FC,3,0,played
2022-23,2022-08-21,Matchday 3,Newcastle United FC,Manchester City FC,3,3,played
2022-23,2022-08-21,Matchday 3,West Ham United FC,Brighton & Hove Albion FC,0,2,played
2022-23,2022-08-22,Matchday 3,Manchester United FC,Liverpool FC,2,1,played
2022-23,2022-08-27,Matchday 4,Arsenal FC,Fulham FC,2,1,played
2022-23,2022-08-27,Matchday 4,Brentford FC,Everton FC,1,1,played
2022-23,2022-08-27,Matchday 4,Brighton & Hove Albion FC,Leeds United FC,1,0,played
2022-23,2022-08-27,Matchday 4,Chelsea FC,Leicester City FC,2,1,played
2022-23,2022-08-27,Matchday 4,Liverpool FC,AFC Bournemouth,9,0,played
2022-23,2022-08-27,Matchday 4,Manchester City FC,Crystal Palace FC,4,2,played
2022-23,2022-08-27,Matchday 4,Southampton FC,Manchester United FC,0,1,played
2022-23,2022-08-28,Matchday 4,Aston Villa FC,West Ham United FC,0,1,played
2022-23,2022-08-28,Matchday 4,Nottingham Forest FC,Tottenham Hotspur FC,0,2,played
2022-23,2022-08-28,Matchday 4,Wolverhampton Wanderers FC,Newcastle United FC,1,1,played
2022-23,2022-08-30,Matchday 5,Crystal Palace FC,Brentford FC,1,1,played
2022-23,2022-08-30,Matchday 5,Fulham FC,Brighton & Hove Albion FC,2,1,played
2022-23,2022-08-30,Matchday 5,Leeds United FC,Everton FC,1,1,played
2022-23,2022-08-30,Matchday 5,Southampton FC,Chelsea FC,2,1,played
2022-23,2022-08-31,Matchday 5,AFC Bournemouth,Wolverhampton Wanderers FC,0,0,played
2022-23,2022-08-31,Matchday 5,Arsenal FC,Aston Villa FC,2,1,played
2022-23,2022-08-31,Matchday 5,Liverpool FC,Newcastle United FC,2,1,played
2022-23,2022-08-31,Matchday 5,Manchester City FC,Nottingham Forest FC,6,0,played
2022-23,2022-08-31,Matchday 5,West Ham United FC,Tottenham Hotspur FC,1,1,played
2022-23,2022-09-01,Matchday 5,Leicester City FC,Manchester United FC,0,1,played
2022-23,2022-09-03,Matchday 6,Aston Villa FC,Manchester City FC,1,1,played
2022-23,2022-09-03,Matchday 6,Brentford FC,Leeds United FC,5,2,played
2022-23,2022-09-03,Matchday 6,Chelsea FC,West Ham United FC,2,1,played
2022-23,2022-09-03,Matchday 6,Everton FC,Liverpool FC,0,0,played
2022-23,2022-09-03,Matchday 6,Newcastle United FC,Crystal Palace FC,0,0,played
2022-23,2022-09-03,Matchday 6,Nottingham Forest FC,AFC Bournemouth,2,3,played
2022-23,2022-09-03,Matchday 6,Tottenham Hotspur FC,Fulham FC,2,1,played
2022-23,2022-09-03,Matchday 6,Wolverhampton Wanderers FC,Southampton FC,1,0,played
2022-23,2022-09-04,Matchday 6,Brighton & Hove Albion FC,Leicester City FC,5,2,played
2022-23,2022-09-04,Matchday 6,Manchester United FC,Arsenal FC,3,1,played
2022-23,2022-09-16,Matchday 8,Aston Villa FC,Southampton FC,1,0,played
2022-23,2022-09-16,Matchday 8,Nottingham Forest FC,Fulham FC,2,3,played
2022-23,2022-09-17,Matchday 8,Newcastle United FC,AFC Bournemouth,1,1,played
2022-23,2022-09-17,Matchday 8,Tottenham Hotspur FC,Leicester City FC,6,2,played
2022-23,2022-09-17,Matchday 8,Wolverhampton Wanderers FC,Manchester City FC,0,3,played
2022-23,2022-09-18,Matchday 8,Brentford FC,Arsenal FC,0,3,played
2022-23,2022-09-18,Matchday 8,Everton FC,West Ham United FC,1,0,played
2022-23,2022-10-01,Matchday 9,AFC Bournemouth,Brentford FC,0,0,played
2022-23,2022-10-01,Matchday 9,Arsenal FC,Tottenham Hotspur FC,3,1,played
2022-23,2022-10-01,Matchday 9,Crystal Palace FC,Chelsea FC,1,2,played
2022-23,2022-10-01,Matchday 9,Fulham FC,Newcastle United FC,1,4,played
2022-23,2022-10-01,Matchday 9,Liverpool FC,Brighton & Hove Albion FC,3,3,played
2022-23,2022-10-01,Matchday 9,Southampton FC,Everton FC,1,2,played
2022-23,2022-10-01,Matchday 9,West Ham United FC,Wolverhampton Wanderers FC,2,0,played
2022-23,2022-10-02,Matchday 9,Leeds United FC,Aston Villa FC,0,0,played
2022-23,2022-10-02,Matchday 9,Manchester City FC,Manchester United FC,6,3,played
2022-23,2022-10-03,Matchday 9,Leicester City FC,Nottingham Forest FC,4,0,played
2022-23,2022-10-08,Matchday 10,AFC Bournemouth,Leicester City FC,2,1,played
2022-23,2022-10-08,Matchday 10,Brighton & Hove Albion FC,Tottenham Hotspur FC,0,1,played
2022-23,2022-10-08,Matchday 10,Chelsea FC,Wolverhampton Wanderers FC,3,0,played
2022-23,2022-10-08,Matchday 10,Manchester City FC,Southampton FC,4,0,played
2022-23,2022-10-08,Matchday 10,Newcastle United FC,Brentford FC,5,1,played
2022-23,2022-10-09,Matchday 10,Arsenal FC,Liverpool FC,3,2,played
2022-23,2022-10-09,Matchday 10,Crystal Palace FC,Leeds United FC,2,1,played
2022-23,2022-10-09,Matchday 10,Everton FC,Manchester United FC,1,2,played
2022-23,2022-10-09,Matchday 10,West Ham United FC,Fulham FC,3,1,played
2022-23,2022-10-10,Matchday 10,Nottingham Forest FC,Aston Villa FC,1,1,played
2022-23,2022-10-14,Matchday 11,Brentford FC,Brighton & Hove Albion FC,2,0,played
2022-23,2022-10-15,Matchday 11,Fulham FC,AFC Bournemouth,2,2,played
2022-23,2022-10-15,Matchday 11,Leicester City FC,Crystal Palace FC,0,0,played
2022-23,2022-10-15,Matchday 11,Tottenham Hotspur FC,Everton FC,2,0,played
2022-23,2022-10-15,Matchday 11,Wolverhampton Wanderers FC,Nottingham Forest FC,1,0,played
2022-23,2022-10-16,Matchday 11,Aston Villa FC,Chelsea FC,0,2,played
2022-23,2022-10-16,Matchday 11,Leeds United FC,Arsenal FC,0,1,played
2022-23,2022-10-16,Matchday 11,Liverpool FC,Manchester City FC,1,0,played
2022-23,2022-10-16,Matchday 11,Manchester United FC,Newcastle United FC,0,0,played
2022-23,2022-10-16,Matchday 11,Southampton FC,West Ham United FC,1,1,played
2022-23,2022-10-18,Matchday 12,Brighton & Hove Albion FC,Nottingham Forest FC,0,0,played
2022-23,2022-10-18,Matchday 12,Crystal Palace FC,Wolverhampton Wanderers FC,2,1,played
2022-23,2022-10-19,Matchday 12,AFC Bournemouth,Southampton FC,0,1,played
2022-23,2022-10-19,Matchday 12,Brentford FC,Chelsea FC,0,0,played
2022-23,2022-10-19,Matchday 12,Liverpool FC,West Ham United FC,1,0,played
2022-23,2022-10-19,Matchday 12,Manchester United FC,Tottenham Hotspur FC,2,0,played
2022-23,2022-10-19,Matchday 12,Newcastle United FC,Everton FC,1,0,played
2022-23,2022-10-20,Matchday 12,Fulham FC,Aston Villa FC,3,0,played
2022-23,2022-10-20,Matchday 12,Leicester City FC,Leeds United FC,2,0,played
2022-23,2022-10-22,Matchday 13,Chelsea FC,Manchester United FC,1,1,played
2022-23,2022-10-22,Matchday 13,Everton FC,Crystal Palace FC,3,0,played
2022-23,2022-10-22,Matchday 13,Manchester City FC,Brighton & Hove Albion FC,3,1,played
2022-23,2022-10-22,Matchday 13,Nottingham Forest FC,Liverpool FC,1,0,played
2022-23,2022-10-23,Matchday 13,Aston Villa FC,Brentford FC,4,0,played
2022-23,2022-10-23,Matchday 13,Leeds United FC,Fulham FC,2,3,played
2022-23,2022-10-23,Matchday 13,Southampton FC,Arsenal FC,1,1,played
2022-23,2022-10-23,Matchday 13,Tottenham Hotspur FC,Newcastle United FC,1,2,played
2022-23,2022-10-23,Matchday 13,Wolverhampton Wanderers FC,Leicester City FC,0,4,played
2022-23,2022-10-24,Matchday 13,West Ham United FC,AFC Bournemouth,2,0,played
2022-23,2022-10-29,Matchday 14,AFC Bournemouth,Tottenham Hotspur FC,2,3,played
2022-23,2022-10-29,Matchday 14,Brentford FC,Wolverhampton Wanderers FC,1,1,played
2022-23,2022-10-29,Matchday 14,Brighton & Hove Albion FC,Chelsea FC,4,1,played
2022-23,2022-10-29,Matchday 14,Crystal Palace FC,Southampton FC,1,0,played
2022-23,2022-10-29,Matchday 14,Fulham FC,Everton FC,0,0,played
2022-23,2022-10-29,Matchday 14,Leicester City FC,Manchester City FC,0,1,played
2022-23,2022-10-29,Matchday 14,Liverpool FC,Leeds United FC,1,2,played
2022-23,2022-10-29,Matchday 14,Newcastle United FC,Aston Villa FC,4,0,played
2022-23,2022-10-30,Matchday 14,Arsenal FC,Nottingham Forest FC,5,0,played
2022-23,2022-10-30,Matchday 14,Manchester United FC,West Ham United FC,1,0,played
2022-23,2022-11-05,Matchday 15,Everton FC,Leicester City FC,0,2,played
2022-23,2022-11-05,Matchday 15,Leeds United FC,AFC Bournemouth,4,3,played
2022-23,2022-11-05,Matchday 15,Manchester City FC,Fulham FC,2,1,played
2022-23,2022-11-05,Matchday 15,Nottingham Forest FC,Brentford FC,2,2,played
2022-23,2022-11-05,Matchday 15,Wolverhampton Wanderers FC,Brighton & Hove Albion FC,2,3,played
2022-23,2022-11-06,Matchday 15,Aston Villa FC,Manchester United FC,3,1,played
2022-23,2022-11-06,Matchday 15,Chelsea FC,Arsenal FC,0,1,played
2022-23,2022-11-06,Matchday 15,Southampton FC,Newcastle United FC,1,4,played
2022-23,2022-11-06,Matchday 15,Tottenham Hotspur FC,Liverpool FC,1,2,played
2022-23,2022-11-06,Matchday 15,West Ham United FC,Crystal Palace FC,1,2,played
2022-23,2022-11-12,Matchday 16,AFC Bournemouth,Everton FC,3,0,played
2022-23,2022-11-12,Matchday 16,Liverpool FC,Southampton FC,3,1,played
2022-23,2022-11-12,Matchday 16,Manchester City FC,Brentford FC,1,2,played
2022-23,2022-11-12,Matchday 16,Newcastle United FC,Chelsea FC,1,0,played
2022-23,2022-11-12,Matchday 16,Nottingham Forest FC,Crystal Palace FC,1,0,played
2022-23,2022-11-12,Matchday 16,Tottenham Hotspur FC,Leeds United FC,4,3,played
2022-23,2022-11-12,Matchday 16,West Ham United FC,Leicester City FC,0,2,played
2022-23,2022-11-12,Matchday 16,Wolverhampton Wanderers FC,Arsenal FC,0,2,played
2022-23,2022-11-13,Matchday 16,Brighton & Hove Albion FC,Aston Villa FC,1,2,played
2022-23,2022-11-13,Matchday 16,Fulham FC,Manchester United FC,1,2,played
2022-23,2022-12-26,Matchday 17,Arsenal FC,West Ham United FC,3,1,played
2022-23,2022-12-26,Matchday 17,Aston Villa FC,Liverpool FC,1,3,played
2022-23,2022-12-26,Matchday 17,Brentford FC,Tottenham Hotspur FC,2,2,played
2022-23,2022-12-26,Matchday 17,Crystal Palace FC,Fulham FC,0,3,played
2022-23,2022-12-26,Matchday 17,Everton FC,Wolverhampton Wanderers FC,1,2,played
2022-23,2022-12-26,Matchday 17,Leicester City FC,Newcastle United FC,0,3,played
2022-23,2022-12-26,Matchday 17,Southampton FC,Brighton & Hove Albion FC,1,3,played
2022-23,2022-12-27,Matchday 17,Chelsea FC,AFC Bournemouth,2,0,played
2022-23,2022-12-27,Matchday 17,Manchester United FC,Nottingham Forest FC,3,0,played
2022-23,2022-12-28,Matchday 17,Leeds United FC,Manchester City FC,1,3,played
2022-23,2022-12-30,Matchday 18,Liverpool FC,Leicester City FC,2,1,played
2022-23,2022-12-30,Matchday 18,West Ham United FC,Brentford FC,0,2,played
2022-23,2022-12-31,Matchday 18,AFC Bournemouth,Crystal Palace FC,0,2,played
2022-23,2022-12-31,Matchday 18,Brighton & Hove Albion FC,Arsenal FC,2,4,played
2022-23,2022-12-31,Matchday 18,Fulham FC,Southampton FC,2,1,played
2022-23,2022-12-31,Matchday 18,Manchester City FC,Everton FC,1,1,played
2022-23,2022-12-31,Matchday 18,Newcastle United FC,Leeds United FC,0,0,played
2022-23,2022-12-31,Matchday 18,Wolverhampton Wanderers FC,Manchester United FC,0,1,played
2022-23,2023-01-01,Matchday 18,Nottingham Forest FC,Chelsea FC,1,1,played
2022-23,2023-01-01,Matchday 18,Tottenham Hotspur FC,Aston Villa FC,0,2,played
2022-23,2023-01-02,Matchday 19,Brentford FC,Liverpool FC,3,1,played
2022-23,2023-01-03,Matchday 19,Arsenal FC,Newcastle United FC,0,0,played
2022-23,2023-01-03,Matchday 19,Everton FC,Brighton & Hove Albion FC,1,4,played
2022-23,2023-01-03,Matchday 19,Leicester City FC,Fulham FC,0,1,played
2022-23,2023-01-03,Matchday 19,Manchester United FC,AFC Bournemouth,3,0,played
2022-23,2023-01-04,Matchday 19,Aston Villa FC,Wolverhampton Wanderers FC,1,1,played
2022-23,2023-01-04,Matchday 19,Crystal Palace FC,Tottenham Hotspur FC,0,4,played
2022-23,2023-01-04,Matchday 19,Leeds United FC,West Ham United FC,2,2,played
2022-23,2023-01-04,Matchday 19,Southampton FC,Nottingham Forest FC,0,1,played
2022-23,2023-01-05,Matchday 19,Chelsea FC,Manchester City FC,0,1,played
2022-23,2023-01-12,Matchday 7,Fulham FC,Chelsea FC,2,1,played
2022-23,2023-01-13,Matchday 20,Aston Villa FC,Leeds United FC,2,1,played
2022-23,2023-01-14,Matchday 20,Brentford FC,AFC Bournemouth,2,0,played
2022-23,2023-01-14,Matchday 20,Brighton & Hove Albion FC,Liverpool FC,3,0,played
2022-23,2023-01-14,Matchday 20,Everton FC,Southampton FC,1,2,played
2022-23,2023-01-14,Matchday 20,Manchester United FC,Manchester City FC,2,1,played
2022-23,2023-01-14,Matchday 20,Nottingham Forest FC,Leicester City FC,2,0,played
2022-23,2023-01-14,Matchday 20,Wolverhampton Wanderers FC,West Ham United FC,1,0,played
2022-23,2023-01-15,Matchday 20,Chelsea FC,Crystal Palace FC,1,0,played
2022-23,2023-01-15,Matchday 20,Newcastle United FC,Fulham FC,1,0,played
2022-23,2023-01-15,Matchday 20,Tottenham Hotspur FC,Arsenal FC,0,2,played
2022-23,2023-01-18,Matchday 7,Crystal Palace FC,Manchester United FC,1,1,played
2022-23,2023-01-19,Matchday 7,Manchester City FC,Tottenham Hotspur FC,4,2,played
2022-23,2023-01-21,Matchday 21,AFC Bournemouth,Nottingham Forest FC,1,1,played
2022-23,2023-01-21,Matchday 21,Crystal Palace FC,Newcastle United FC,0,0,played
2022-23,2023-01-21,Matchday 21,Leicester City FC,Brighton & Hove Albion FC,2,2,played
2022-23,2023-01-21,Matchday 21,Liverpool FC,Chelsea FC,0,0,played
2022-23,2023-01-21,Matchday 21,Southampton FC,Aston Villa FC,0,1,played
2022-23,2023-01-21,Matchday 21,West Ham United FC,Everton FC,2,0,played
2022-23,2023-01-22,Matchday 21,Arsenal FC,Manchester United FC,3,2,played
2022-23,2023-01-22,Matchday 21,Leeds United FC,Brentford FC,0,0,played
2022-23,2023-01-22,Matchday 21,Manchester City FC,Wolverhampton Wanderers FC,3,0,played
2022-23,2023-01-23,Matchday 21,Fulham FC,Tottenham Hotspur FC,0,1,played
2022-23,2023-02-03,Matchday 22,Chelsea FC,Fulham FC,0,0,played
2022-23,2023-02-04,Matchday 22,Aston Villa FC,Leicester City FC,2,4,played
2022-23,2023-02-04,Matchday 22,Brentford FC,Southampton FC,3,0,played
2022-23,2023-02-04,Matchday 22,Brighton & Hove Albion FC,AFC Bournemouth,1,0,played
2022-23,2023-02-04,Matchday 22,Everton FC,Arsenal FC,1,0,played
2022-23,2023-02-04,Matchday 22,Manchester United FC,Crystal Palace FC,2,1,played
2022-23,2023-02-04,Matchday 22,Newcastle United FC,West Ham United FC,1,1,played
2022-23,2023-02-04,Matchday 22,Wolverhampton Wanderers FC,Liverpool FC,3,0,played
2022-23,2023-02-05,Matchday 22,Nottingham Forest FC,Leeds United FC,1,0,played
2022-23,2023-02-05,Matchday 22,Tottenham Hotspur FC,Manchester City FC,1,0,played
2022-23,2023-02-08,Matchday 8,Manchester United FC,Leeds United FC,2,2,played
2022-23,2023-02-11,Matchday 23,AFC Bournemouth,Newcastle United FC,1,1,played
2022-23,2023-02-11,Matchday 23,Arsenal FC,Brentford FC,1,1,played
2022-23,2023-02-11,Matchday 23,Crystal Palace FC,Brighton & Hove Albion FC,1,1,played
2022-23,2023-02-11,Matchday 23,Fulham FC,Nottingham Forest FC,2,0,played
2022-23,2023-02-11,Matchday 23,Leicester City FC,Tottenham Hotspur FC,4,1,played
2022-23,2023-02-11,Matchday 23,Southampton FC,Wolverhampton Wanderers FC,1,2,played
2022-23,2023-02-11,Matchday 23,West Ham United FC,Chelsea FC,1,1,played
2022-23,2023-02-12,Matchday 23,Leeds United FC,Manchester United FC,0,2,played
2022-23,2023-02-12,Matchday 23,Manchester City FC,Aston Villa FC,3,1,played
2022-23,2023-02-13,Matchday 23,Liverpool FC,Everton FC,2,0,played
2022-23,2023-02-15,Matchday 12,Arsenal FC,Manchester City FC,1,3,played
2022-23,2023-02-18,Matchday 24,Aston Villa FC,Arsenal FC,2,4,played
2022-23,2023-02-18,Matchday 24,Brentford FC,Crystal Palace FC,1,1,played
2022-23,2023-02-18,Matchday 24,Brighton & Hove Albion FC,Fulham FC,0,1,played
2022-23,2023-02-18,Matchday 24,Chelsea FC,Southampton FC,0,1,played
2022-23,2023-02-18,Matchday 24,Everton FC,Leeds United FC,1,0,played
2022-23,2023-02-18,Matchday 24,Newcastle United FC,Liverpool FC,0,2,played
2022-23,2023-02-18,Matchday 24,Nottingham Forest FC,Manchester City FC,1,1,played
2022-23,2023-02-18,Matchday 24,Wolverhampton Wanderers FC,AFC Bournemouth,0,1,played
2022-23,2023-02-19,Matchday 24,Manchester United FC,Leicester City FC,3,0,played
2022-23,2023-02-19,Matchday 24,Tottenham Hotspur FC,West Ham United FC,2,0,played
2022-23,2023-02-24,Matchday 25,Fulham FC,Wolverhampton Wanderers FC,1,1,played
2022-23,2023-02-25,Matchday 25,AFC Bournemouth,Manchester City FC,1,4,played
2022-23,2023-02-25,Matchday 25,Crystal Palace FC,Liverpool FC,0,0,played
2022-23,2023-02-25,Matchday 25,Everton FC,Aston Villa FC,0,2,played
2022-23,2023-02-25,Matchday 25,Leeds United FC,Southampton FC,1,0,played
2022-23,2023-02-25,Matchday 25,Leicester City FC,Arsenal FC,0,1,played
2022-23,2023-02-25,Matchday 25,West Ham United FC,Nottingham Forest FC,4,0,played
2022-23,2023-02-26,Matchday 25,Tottenham Hotspur FC,Chelsea FC,2,0,played
2022-23,2023-03-01,Matchday 7,Arsenal FC,Everton FC,4,0,played
2022-23,2023-03-01,Matchday 7,Liverpool FC,Wolverhampton Wanderers FC,2,0,played
2022-23,2023-03-04,Matchday 26,Arsenal FC,AFC Bournemouth,3,2,played
2022-23,2023-03-04,Matchday 26,Aston Villa FC,Crystal Palace FC,1,0,played
2022-23,2023-03-04,Matchday 26,Brighton & Hove Albion FC,West Ham United FC,4,0,played
2022-23,2023-03-04,Matchday 26,Chelsea FC,Leeds United FC,1,0,played
2022-23,2023-03-04,Matchday 26,Manchester City FC,Newcastle United FC,2,0,played
2022-23,2023-03-04,Matchday 26,Southampton FC,Leicester City FC,1,0,played
2022-23,2023-03-04,Matchday 26,Wolverhampton Wanderers FC,Tottenham Hotspur FC,1,0,played
2022-23,2023-03-05,Matchday 26,Liverpool FC,Manchester United FC,7,0,played
2022-23,2023-03-05,Matchday 26,Nottingham Forest FC,Everton FC,2,2,played
2022-23,2023-03-06,Matchday 26,Brentford FC,Fulham FC,3,2,played
2022-23,2023-03-11,Matchday 27,AFC Bournemouth,Liverpool FC,1,0,played
2022-23,2023-03-11,Matchday 27,Crystal Palace FC,Manchester City FC,0,1,played
2022-23,2023-03-11,Matchday 27,Everton FC,Brentford FC,1,0,played
2022-23,2023-03-11,Matchday 27,Leeds United FC,Brighton & Hove Albion FC,2,2,played
2022-23,2023-03-11,Matchday 27,Leicester City FC,Chelsea FC,1,3,played
2022-23,2023-03-11,Matchday 27,Tottenham Hotspur FC,Nottingham Forest FC,3,1,played
2022-23,2023-03-12,Matchday 27,Fulham FC,Arsenal FC,0,3,played
2022-23,2023-03-12,Matchday 27,Manchester United FC,Southampton FC,0,0,played
2022-23,2023-03-12,Matchday 27,Newcastle United FC,Wolverhampton Wanderers FC,2,1,played
2022-23,2023-03-12,Matchday 27,West Ham United FC,Aston Villa FC,1,1,played
2022-23,2023-03-15,Matchday 8,Brighton & Hove Albion FC,Crystal Palace FC,1,0,played
2022-23,2023-03-15,Matchday 7,Southampton FC,Brentford FC,0,2,played
2022-23,2023-03-17,Matchday 28,Nottingham Forest FC,Newcastle United FC,1,2,played
2022-23,2023-03-18,Matchday 28,Aston Villa FC,AFC Bournemouth,3,0,played
2022-23,2023-03-18,Matchday 28,Brentford FC,Leicester City FC,1,1,played
2022-23,2023-03-18,Matchday 28,Chelsea FC,Everton FC,2,2,played
2022-23,2023-03-18,Matchday 28,Southampton FC,Tottenham Hotspur FC,3,3,played
2022-23,2023-03-18,Matchday 28,Wolverhampton Wanderers FC,Leeds United FC,2,4,played
2022-23,2023-03-19,Matchday 28,Arsenal FC,Crystal Palace FC,4,1,played
2022-23,2023-04-01,Matchday 29,AFC Bournemouth,Fulham FC,2,1,played
2022-23,2023-04-01,Matchday 29,Arsenal FC,Leeds United FC,4,1,played
2022-23,2023-04-01,Matchday 29,Brighton & Hove Albion FC,Brentford FC,3,3,played
2022-23,2023-04-01,Matchday 29,Chelsea FC,Aston Villa FC,0,2,played
2022-23,2023-04-01,Matchday 29,Crystal Palace FC,Leicester City FC,2,1,played
2022-23,2023-04-01,Matchday 29,Manchester City FC,Liverpool FC,4,1,played
2022-23,2023-04-01,Matchday 29,Nottingham Forest FC,Wolverhampton Wanderers FC,1,1,played
2022-23,2023-04-02,Matchday 29,Newcastle United FC,Manchester United FC,2,0,played
2022-23,2023-04-02,Matchday 29,West Ham United FC,Southampton FC,1,0,played
2022-23,2023-04-03,Matchday 29,Everton FC,Tottenham Hotspur FC,1,1,played
2022-23,2023-04-04,Matchday 7,AFC Bournemouth,Brighton & Hove Albion FC,0,2,played
2022-23,2023-04-04,Matchday 8,Chelsea FC,Liverpool FC,0,0,played
2022-23,2023-04-04,Matchday 7,Leeds United FC,Nottingham Forest FC,2,1,played
2022-23,2023-04-04,Matchday 7,Leicester City FC,Aston Villa FC,1,2,played
2022-23,2023-04-05,Matchday 25,Manchester United FC,Brentford FC,1,0,played
2022-23,2023-04-05,Matchday 7,West Ham United FC,Newcastle United FC,1,5,played
2022-23,2023-04-08,Matchday 30,Aston Villa FC,Nottingham Forest FC,2,0,played
2022-23,2023-04-08,Matchday 30,Brentford FC,Newcastle United FC,1,2,played
2022-23,2023-04-08,Matchday 30,Fulham FC,West Ham United FC,0,1,played
2022-23,2023-04-08,Matchday 30,Leicester City FC,AFC Bournemouth,0,1,played
2022-23,2023-04-08,Matchday 30,Manchester United FC,Everton FC,2,0,played
2022-23,2023-04-08,Matchday 30,Southampton FC,Manchester City FC,1,4,played
2022-23,2023-04-08,Matchday 30,Tottenham Hotspur FC,Brighton & Hove Albion FC,2,1,played
2022-23,2023-04-08,Matchday 30,Wolverhampton Wanderers FC,Chelsea FC,1,0,played
2022-23,2023-04-09,Matchday 30,Leeds United FC,Crystal Palace FC,1,5,played
2022-23,2023-04-09,Matchday 30,Liverpool FC,Arsenal FC,2,2,played
2022-23,2023-04-15,Matchday 31,Aston Villa FC,Newcastle United FC,3,0,played
2022-23,2023-04-15,Matchday 31,Chelsea FC,Brighton & Hove Albion FC,1,2,played
2022-23,2023-04-15,Matchday 31,Everton FC,Fulham FC,1,3,played
2022-23,2023-04-15,Matchday 31,Manchester City FC,Leicester City FC,3,1,played
2022-23,2023-04-15,Matchday 31,Southampton FC,Crystal Palace FC,0,2,played
2022-23,2023-04-15,Matchday 31,Tottenham Hotspur FC,AFC Bournemouth,2,3,played
2022-23,2023-04-15,Matchday 31,Wolverhampton Wanderers FC,Brentford FC,2,0,played
2022-23,2023-04-16,Matchday 31,Nottingham Forest FC,Manchester United FC,0,2,played
2022-23,2023-04-16,Matchday 31,West Ham United FC,Arsenal FC,2,2,played
2022-23,2023-04-17,Matchday 31,Leeds United FC,Liverpool FC,1,6,played
2022-23,2023-04-21,Matchday 32,Arsenal FC,Southampton FC,3,3,played
2022-23,2023-04-22,Matchday 32,Brentford FC,Aston Villa FC,1,1,played
2022-23,2023-04-22,Matchday 32,Crystal Palace FC,Everton FC,0,0,played
2022-23,2023-04-22,Matchday 32,Fulham FC,Leeds United FC,2,1,played
2022-23,2023-04-22,Matchday 32,Leicester City FC,Wolverhampton Wanderers FC,2,1,played
2022-23,2023-04-22,Matchday 32,Liverpool FC,Nottingham Forest FC,3,2,played
2022-23,2023-04-23,Matchday 32,AFC Bournemouth,West Ham United FC,0,4,played
2022-23,2023-04-23,Matchday 32,Newcastle United FC,Tottenham Hotspur FC,6,1,played
2022-23,2023-04-25,Matchday 33,Aston Villa FC,Fulham FC,1,0,played
2022-23,2023-04-25,Matchday 33,Leeds United FC,Leicester City FC,1,1,played
2022-23,2023-04-25,Matchday 33,Wolverhampton Wanderers FC,Crystal Palace FC,2,0,played
2022-23,2023-04-26,Matchday 33,Chelsea FC,Brentford FC,0,2,played
2022-23,2023-04-26,Matchday 33,Manchester City FC,Arsenal FC,4,1,played
2022-23,2023-04-26,Matchday 33,Nottingham Forest FC,Brighton & Hove Albion FC,3,1,played
2022-23,2023-04-26,Matchday 33,West Ham United FC,Liverpool FC,1,2,played
2022-23,2023-04-27,Matchday 33,Everton FC,Newcastle United FC,1,4,played
2022-23,2023-04-27,Matchday 33,Southampton FC,AFC Bournemouth,0,1,played
2022-23,2023-04-27,Matchday 33,Tottenham Hotspur FC,Manchester United FC,2,2,played
2022-23,2023-04-29,Matchday 34,Brentford FC,Nottingham Forest FC,2,1,played
2022-23,2023-04-29,Matchday 34,Brighton & Hove Albion FC,Wolverhampton Wanderers FC,6,0,played
2022-23,2023-04-29,Matchday 34,Crystal Palace FC,West Ham United FC,4,3,played
2022-23,2023-04-30,Matchday 34,AFC Bournemouth,Leeds United FC,4,1,played
2022-23,2023-04-30,Matchday 34,Fulham FC,Manchester City FC,1,2,played
2022-23,2023-04-30,Matchday 34,Liverpool FC,Tottenham Hotspur FC,4,3,played
2022-23,2023-04-30,Matchday 34,Manchester United FC,Aston Villa FC,1,0,played
2022-23,2023-04-30,Matchday 34,Newcastle United FC,Southampton FC,3,1,played
2022-23,2023-05-01,Matchday 34,Leicester City FC,Everton FC,2,2,played
2022-23,2023-05-02,Matchday 34,Arsenal FC,Chelsea FC,3,1,played
2022-23,2023-05-03,Matchday 28,Liverpool FC,Fulham FC,1,0,played
2022-23,2023-05-03,Matchday 28,Manchester City FC,West Ham United FC,3,0,played
2022-23,2023-05-04,Matchday 28,Brighton & Hove Albion FC,Manchester United FC,1,0,played
2022-23,2023-05-06,Matchday 35,AFC Bournemouth,Chelsea FC,1,3,played
2022-23,2023-05-06,Matchday 35,Liverpool FC,Brentford FC,1,0,played
2022-23,2023-05-06,Matchday 35,Manchester City FC,Leeds United FC,2,1,played
2022-23,2023-05-06,Matchday 35,Tottenham Hotspur FC,Crystal Palace FC,1,0,played
2022-23,2023-05-06,Matchday 35,Wolverhampton Wanderers FC,Aston Villa FC,1,0,played
2022-23,2023-05-07,Matchday 35,Newcastle United FC,Arsenal FC,0,2,played
2022-23,2023-05-07,Matchday 35,West Ham United FC,Manchester United FC,1,0,played
2022-23,2023-05-08,Matchday 35,Brighton & Hove Albion FC,Everton FC,1,5,played
2022-23,2023-05-08,Matchday 35,Fulham FC,Leicester City FC,5,3,played
2022-23,2023-05-08,Matchday 35,Nottingham Forest FC,Southampton FC,4,3,played
2022-23,2023-05-13,Matchday 36,Aston Villa FC,Tottenham Hotspur FC,2,1,played
2022-23,2023-05-13,Matchday 36,Chelsea FC,Nottingham Forest FC,2,2,played
2022-23,2023-05-13,Matchday 36,Crystal Palace FC,AFC Bournemouth,2,0,played
2022-23,2023-05-13,Matchday 36,Leeds United FC,Newcastle United FC,2,2,played
2022-23,2023-05-13,Matchday 36,Manchester United FC,Wolverhampton Wanderers FC,2,0,played
2022-23,2023-05-13,Matchday 36,Southampton FC,Fulham FC,0,2,played
2022-23,2023-05-14,Matchday 36,Arsenal FC,Brighton & Hove Albion FC,0,3,played
2022-23,2023-05-14,Matchday 36,Brentford FC,West Ham United FC,2,0,played
2022-23,2023-05-14,Matchday 36,Everton FC,Manchester City FC,0,3,played
2022-23,2023-05-15,Matchday 36,Leicester City FC,Liverpool FC,0,3,played
2022-23,2023-05-18,Matchday 25,Newcastle United FC,Brighton & Hove Albion FC,4,1,played
2022-23,2023-05-20,Matchday 37,AFC Bournemouth,Manchester United FC,0,1,played
2022-23,2023-05-20,Matchday 37,Fulham FC,Crystal Palace FC,2,2,played
2022-23,2023-05-20,Matchday 37,Liverpool FC,Aston Villa FC,1,1,played
2022-23,2023-05-20,Matchday 37,Nottingham Forest FC,Arsenal FC,1,0,played
2022-23,2023-05-20,Matchday 37,Tottenham Hotspur FC,Brentford FC,1,3,played
2022-23,2023-05-20,Matchday 37,Wolverhampton Wanderers FC,Everton FC,1,1,played
2022-23,2023-05-21,Matchday 37,Brighton & Hove Albion FC,Southampton FC,3,1,played
2022-23,2023-05-21,Matchday 37,Manchester City FC,Chelsea FC,1,0,played
2022-23,2023-05-21,Matchday 37,West Ham United FC,Leeds United FC,3,1,played
2022-23,2023-05-22,Matchday 37,Newcastle United FC,Leicester City FC,0,0,played
2022-23,2023-05-24,Matchday 32,Brighton & Hove Albion FC,Manchester City FC,1,1,played
2022-23,2023-05-25,Matchday 32,Manchester United FC,Chelsea FC,4,1,played
2022-23,2023-05-28,Matchday 38,Arsenal FC,Wolverhampton Wanderers FC,5,0,played
2022-23,2023-05-28,Matchday 38,Aston Villa FC,Brighton & Hove Albion FC,2,1,played
2022-23,2023-05-28,Matchday 38,Brentford FC,Manchester City FC,1,0,played
2022-23,2023-05-28,Matchday 38,Chelsea FC,Newcastle United FC,1,1,played
2022-23,2023-05-28,Matchday 38,Crystal Palace FC,Nottingham Forest FC,1,1,played
2022-23,2023-05-28,Matchday 38,Everton FC,AFC Bournemouth,1,0,played
2022-23,2023-05-28,Matchday 38,Leeds United FC,Tottenham Hotspur FC,1,4,played
2022-23,2023-05-28,Matchday 38,Leicester City FC,West Ham United FC,2,1,played
2022-23,2023-05-28,Matchday 38,Manchester United FC,Fulham FC,2,1,played
2022-23,2023-05-28,Matchday 38,Southampton FC,Liverpool FC,4,4,played
2023-24,2023-08-11,Matchday 1,Burnley FC,Manchester City FC,0,3,played
2023-24,2023-08-12,Matchday 1,AFC Bournemouth,West Ham United FC,1,1,played
2023-24,2023-08-12,Matchday 1,Arsenal FC,Nottingham Forest FC,2,1,played
2023-24,2023-08-12,Matchday 1,Brighton & Hove Albion FC,Luton Town FC,4,1,played
2023-24,2023-08-12,Matchday 1,Everton FC,Fulham FC,0,1,played
2023-24,2023-08-12,Matchday 1,Newcastle United FC,Aston Villa FC,5,1,played
2023-24,2023-08-12,Matchday 1,Sheffield United FC,Crystal Palace FC,0,1,played
2023-24,2023-08-13,Matchday 1,Brentford FC,Tottenham Hotspur FC,2,2,played
2023-24,2023-08-13,Matchday 1,Chelsea FC,Liverpool FC,1,1,played
2023-24,2023-08-14,Matchday 1,Manchester United FC,Wolverhampton Wanderers FC,1,0,played
2023-24,2023-08-18,Matchday 2,Nottingham Forest FC,Sheffield United FC,2,1,played
2023-24,2023-08-19,Matchday 2,Fulham FC,Brentford FC,0,3,played
2023-24,2023-08-19,Matchday 2,Liverpool FC,AFC Bournemouth,3,1,played
2023-24,2023-08-19,Matchday 2,Manchester City FC,Newcastle United FC,1,0,played
2023-24,2023-08-19,Matchday 2,Tottenham Hotspur FC,Manchester United FC,2,0,played
2023-24,2023-08-19,Matchday 2,Wolverhampton Wanderers FC,Brighton & Hove Albion FC,1,4,played
2023-24,2023-08-20,Matchday 2,Aston Villa FC,Everton FC,4,0,played
2023-24,2023-08-20,Matchday 2,West Ham United FC,Chelsea FC,3,1,played
2023-24,2023-08-21,Matchday 2,Crystal Palace FC,Arsenal FC,0,1,played
2023-24,2023-08-25,Matchday 3,Chelsea FC,Luton Town FC,3,0,played
2023-24,2023-08-26,Matchday 3,AFC Bournemouth,Tottenham Hotspur FC,0,2,played
2023-24,2023-08-26,Matchday 3,Arsenal FC,Fulham FC,2,2,played
2023-24,2023-08-26,Matchday 3,Brentford FC,Crystal Palace FC,1,1,played
2023-24,2023-08-26,Matchday 3,Brighton & Hove Albion FC,West Ham United FC,1,3,played
2023-24,2023-08-26,Matchday 3,Everton FC,Wolverhampton Wanderers FC,0,1,played
2023-24,2023-08-26,Matchday 3,Manchester United FC,Nottingham Forest FC,3,2,played
2023-24,2023-08-27,Matchday 3,Burnley FC,Aston Villa FC,1,3,played
2023-24,2023-08-27,Matchday 3,Newcastle United FC,Liverpool FC,1,2,played
2023-24,2023-08-27,Matchday 3,Sheffield United FC,Manchester City FC,1,2,played
2023-24,2023-09-01,Matchday 4,Luton Town FC,West Ham United FC,1,2,played
2023-24,2023-09-02,Matchday 4,Brentford FC,AFC Bournemouth,2,2,played
2023-24,2023-09-02,Matchday 4,Brighton & Hove Albion FC,Newcastle United FC,3,1,played
2023-24,2023-09-02,Matchday 4,Burnley FC,Tottenham Hotspur FC,2,5,played
2023-24,2023-09-02,Matchday 4,Chelsea FC,Nottingham Forest FC,0,1,played
2023-24,2023-09-02,Matchday 4,Manchester City FC,Fulham FC,5,1,played
2023-24,2023-09-02,Matchday 4,Sheffield United FC,Everton FC,2,2,played
2023-24,2023-09-03,Matchday 4,Arsenal FC,Manchester United FC,3,1,played
2023-24,2023-09-03,Matchday 4,Crystal Palace FC,Wolverhampton Wanderers FC,3,2,played
2023-24,2023-09-03,Matchday 4,Liverpool FC,Aston Villa FC,3,0,played
2023-24,2023-09-16,Matchday 5,Aston Villa FC,Crystal Palace FC,3,1,played
2023-24,2023-09-16,Matchday 5,Fulham FC,Luton Town FC,1,0,played
2023-24,2023-09-16,Matchday 5,Manchester United FC,Brighton & Hove Albion FC,1,3,played
2023-24,2023-09-16,Matchday 5,Newcastle United FC,Brentford FC,1,0,played
2023-24,2023-09-16,Matchday 5,Tottenham Hotspur FC,Sheffield United FC,2,1,played
2023-24,2023-09-16,Matchday 5,West Ham United FC,Manchester City FC,1,3,played
2023-24,2023-09-16,Matchday 5,Wolverhampton Wanderers FC,Liverpool FC,1,3,played
2023-24,2023-09-17,Matchday 5,AFC Bournemouth,Chelsea FC,0,0,played
2023-24,2023-09-17,Matchday 5,Everton FC,Arsenal FC,0,1,played
2023-24,2023-09-18,Matchday 5,Nottingham Forest FC,Burnley FC,1,1,played
2023-24,2023-09-23,Matchday 6,Brentford FC,Everton FC,1,3,played
2023-24,2023-09-23,Matchday 6,Burnley FC,Manchester United FC,0,1,played
2023-24,2023-09-23,Matchday 6,Crystal Palace FC,Fulham FC,0,0,played
2023-24,2023-09-23,Matchday 6,Luton Town FC,Wolverhampton Wanderers FC,1,1,played
2023-24,2023-09-23,Matchday 6,Manchester City FC,Nottingham Forest FC,2,0,played
2023-24,2023-09-24,Matchday 6,Arsenal FC,Tottenham Hotspur FC,2,2,played
2023-24,2023-09-24,Matchday 6,Brighton & Hove Albion FC,AFC Bournemouth,3,1,played
2023-24,2023-09-24,Matchday 6,Chelsea FC,Aston Villa FC,0,1,played
2023-24,2023-09-24,Matchday 6,Liverpool FC,West Ham United FC,3,1,played
2023-24,2023-09-24,Matchday 6,Sheffield United FC,Newcastle United FC,0,8,played
2023-24,2023-09-30,Matchday 7,AFC Bournemouth,Arsenal FC,0,4,played
2023-24,2023-09-30,Matchday 7,Aston Villa FC,Brighton & Hove Albion FC,6,1,played
2023-24,2023-09-30,Matchday 7,Everton FC,Luton Town FC,1,2,played
2023-24,2023-09-30,Matchday 7,Manchester United FC,Crystal Palace FC,0,1,played
2023-24,2023-09-30,Matchday 7,Newcastle United FC,Burnley FC,2,0,played
2023-24,2023-09-30,Matchday 7,Tottenham Hotspur FC,Liverpool FC,2,1,played
2023-24,2023-09-30,Matchday 7,West Ham United FC,Sheffield United FC,2,0,played
2023-24,2023-09-30,Matchday 7,Wolverhampton Wanderers FC,Manchester City FC,2,1,played
2023-24,2023-10-01,Matchday 7,Nottingham Forest FC,Brentford FC,1,1,played
2023-24,2023-10-02,Matchday 7,Fulham FC,Chelsea FC,0,2,played
2023-24,2023-10-03,Matchday 2,Luton Town FC,Burnley FC,1,2,played
2023-24,2023-10-07,Matchday 8,Burnley FC,Chelsea FC,1,4,played
2023-24,2023-10-07,Matchday 8,Crystal Palace FC,Nottingham Forest FC,0,0,played
2023-24,2023-10-07,Matchday 8,Everton FC,AFC Bournemouth,3,0,played
2023-24,2023-10-07,Matchday 8,Fulham FC,Sheffield United FC,3,1,played
2023-24,2023-10-07,Matchday 8,Luton Town FC,Tottenham Hotspur FC,0,1,played
2023-24,2023-10-07,Matchday 8,Manchester United FC,Brentford FC,2,1,played
2023-24,2023-10-08,Matchday 8,Arsenal FC,Manchester City FC,1,0,played
2023-24,2023-10-08,Matchday 8,Brighton & Hove Albion FC,Liverpool FC,2,2,played
2023-24,2023-10-08,Matchday 8,West Ham United FC,Newcastle United FC,2,2,played
2023-24,2023-10-08,Matchday 8,Wolverhampton Wanderers FC,Aston Villa FC,1,1,played
2023-24,2023-10-21,Matchday 9,AFC Bournemouth,Wolverhampton Wanderers FC,1,2,played
2023-24,2023-10-21,Matchday 9,Brentford FC,Burnley FC,3,0,played
2023-24,2023-10-21,Matchday 9,Chelsea FC,Arsenal FC,2,2,played
2023-24,2023-10-21,Matchday 9,Liverpool FC,Everton FC,2,0,played
2023-24,2023-10-21,Matchday 9,Manchester City FC,Brighton & Hove Albion FC,2,1,played
2023-24,2023-10-21,Matchday 9,Newcastle United FC,Crystal Palace FC,4,0,played
2023-24,2023-10-21,Matchday 9,Nottingham Forest FC,Luton Town FC,2,2,played
2023-24,2023-10-21,Matchday 9,Sheffield United FC,Manchester United FC,1,2,played
2023-24,2023-10-22,Matchday 9,Aston Villa FC,West Ham United FC,4,1,played
2023-24,2023-10-23,Matchday 9,Tottenham Hotspur FC,Fulham FC,2,0,played
2023-24,2023-10-27,Matchday 10,Crystal Palace FC,Tottenham Hotspur FC,1,2,played
2023-24,2023-10-28,Matchday 10,AFC Bournemouth,Burnley FC,2,1,played
2023-24,2023-10-28,Matchday 10,Arsenal FC,Sheffield United FC,5,0,played
2023-24,2023-10-28,Matchday 10,Chelsea FC,Brentford FC,0,2,played
2023-24,2023-10-28,Matchday 10,Wolverhampton Wanderers FC,Newcastle United FC,2,2,played
2023-24,2023-10-29,Matchday 10,Aston Villa FC,Luton Town FC,3,1,played
2023-24,2023-10-29,Matchday 10,Brighton & Hove Albion FC,Fulham FC,1,1,played
2023-24,2023-10-29,Matchday 10,Liverpool FC,Nottingham Forest FC,3,0,played
2023-24,2023-10-29,Matchday 10,Manchester United FC,Manchester City FC,0,3,played
2023-24,2023-10-29,Matchday 10,West Ham United FC,Everton FC,0,1,played
2023-24,2023-11-04,Matchday 11,Brentford FC,West Ham United FC,3,2,played
2023-24,2023-11-04,Matchday 11,Burnley FC,Crystal Palace FC,0,2,played
2023-24,2023-11-04,Matchday 11,Everton FC,Brighton & Hove Albion FC,1,1,played
2023-24,2023-11-04,Matchday 11,Fulham FC,Manchester United FC,0,1,played
2023-24,2023-11-04,Matchday 11,Manchester City FC,AFC Bournemouth,6,1,played
2023-24,2023-11-04,Matchday 11,Newcastle United FC,Arsenal FC,1,0,played
2023-24,2023-11-04,Matchday 11,Sheffield United FC,Wolverhampton Wanderers FC,2,1,played
2023-24,2023-11-05,Matchday 11,Luton Town FC,Liverpool FC,1,1,played
2023-24,2023-11-05,Matchday 11,Nottingham Forest FC,Aston Villa FC,2,0,played
2023-24,2023-11-06,Matchday 11,Tottenham Hotspur FC,Chelsea FC,1,4,played
2023-24,2023-11-11,Matchday 12,AFC Bournemouth,Newcastle United FC,2,0,played
2023-24,2023-11-11,Matchday 12,Arsenal FC,Burnley FC,3,1,played
2023-24,2023-11-11,Matchday 12,Crystal Palace FC,Everton FC,2,3,played
2023-24,2023-11-11,Matchday 12,Manchester United FC,Luton Town FC,1,0,played
2023-24,2023-11-11,Matchday 12,Wolverhampton Wanderers FC,Tottenham Hotspur FC,2,1,played
2023-24,2023-11-12,Matchday 12,Aston Villa FC,Fulham FC,3,1,played
2023-24,2023-11-12,Matchday 12,Brighton & Hove Albion FC,Sheffield United FC,1,1,played
2023-24,2023-11-12,Matchday 12,Chelsea FC,Manchester City FC,4,4,played
2023-24,2023-11-12,Matchday 12,Liverpool FC,Brentford FC,3,0,played
2023-24,2023-11-12,Matchday 12,West Ham United FC,Nottingham Forest FC,3,2,played
2023-24,2023-11-25,Matchday 13,Brentford FC,Arsenal FC,0,1,played
2023-24,2023-11-25,Matchday 13,Burnley FC,West Ham United FC,1,2,played
2023-24,2023-11-25,Matchday 13,Luton Town FC,Crystal Palace FC,2,1,played
2023-24,2023-11-25,Matchday 13,Manchester City FC,Liverpool FC,1,1,played
2023-24,2023-11-25,Matchday 13,Newcastle United FC,Chelsea FC,4,1,played
2023-24,2023-11-25,Matchday 13,Nottingham Forest FC,Brighton & Hove Albion FC,2,3,played
2023-24,2023-11-25,Matchday 13,Sheffield United FC,AFC Bournemouth,1,3,played
2023-24,2023-11-26,Matchday 13,Everton FC,Manchester United FC,0,3,played
2023-24,2023-11-26,Matchday 13,Tottenham Hotspur FC,Aston Villa FC,1,2,played
2023-24,2023-11-27,Matchday 13,Fulham FC,Wolverhampton Wanderers FC,3,2,played
2023-24,2023-12-02,Matchday 14,Arsenal FC,Wolverhampton Wanderers FC,2,1,played
2023-24,2023-12-02,Matchday 14,Brentford FC,Luton Town FC,3,1,played
2023-24,2023-12-02,Matchday 14,Burnley FC,Sheffield United FC,5,0,played
2023-24,2023-12-02,Matchday 14,Newcastle United FC,Manchester United FC,1,0,played
2023-24,2023-12-02,Matchday 14,Nottingham Forest FC,Everton FC,0,1,played
2023-24,2023-12-03,Matchday 14,AFC Bournemouth,Aston Villa FC,2,2,played
2023-24,2023-12-03,Matchday 14,Chelsea FC,Brighton & Hove Albion FC,3,2,played
2023-24,2023-12-03,Matchday 14,Liverpool FC,Fulham FC,4,3,played
2023-24,2023-12-03,Matchday 14,Manchester City FC,Tottenham Hotspur FC,3,3,played
2023-24,2023-12-03,Matchday 14,West Ham United FC,Crystal Palace FC,1,1,played
2023-24,2023-12-05,Matchday 15,Luton Town FC,Arsenal FC,3,4,played
2023-24,2023-12-05,Matchday 15,Wolverhampton Wanderers FC,Burnley FC,1,0,played
2023-24,2023-12-06,Matchday 15,Aston Villa FC,Manchester City FC,1,0,played
2023-24,2023-12-06,Matchday 15,Brighton & Hove Albion FC,Brentford FC,2,1,played
2023-24,2023-12-06,Matchday 15,Crystal Palace FC,AFC Bournemouth,0,2,played
2023-24,2023-12-06,Matchday 15,Fulham FC,Nottingham Forest FC,5,0,played
2023-24,2023-12-06,Matchday 15,Manchester United FC,Chelsea FC,2,1,played
2023-24,2023-12-06,Matchday 15,Sheffield United FC,Liverpool FC,0,2,played
2023-24,2023-12-07,Matchday 15,Everton FC,Newcastle United FC,3,0,played
2023-24,2023-12-07,Matchday 15,Tottenham Hotspur FC,West Ham United FC,1,2,played
2023-24,2023-12-09,Matchday 16,Aston Villa FC,Arsenal FC,1,0,played
2023-24,2023-12-09,Matchday 16,Brighton & Hove Albion FC,Burnley FC,1,1,played
2023-24,2023-12-09,Matchday 16,Crystal Palace FC,Liverpool FC,1,2,played
2023-24,2023-12-09,Matchday 16,Manchester United FC,AFC Bournemouth,0,3,played
2023-24,2023-12-09,Matchday 16,Sheffield United FC,Brentford FC,1,0,played
2023-24,2023-12-09,Matchday 16,Wolverhampton Wanderers FC,Nottingham Forest FC,1,1,played
2023-24,2023-12-10,Matchday 16,Everton FC,Chelsea FC,2,0,played
2023-24,2023-12-10,Matchday 16,Fulham FC,West Ham United FC,5,0,played
2023-24,2023-12-10,Matchday 16,Luton Town FC,Manchester City FC,1,2,played
2023-24,2023-12-10,Matchday 16,Tottenham Hotspur FC,Newcastle United FC,4,1,played
2023-24,2023-12-15,Matchday 17,Nottingham Forest FC,Tottenham Hotspur FC,0,2,played
2023-24,2023-12-16,Matchday 17,Burnley FC,Everton FC,0,2,played
2023-24,2023-12-16,Matchday 17,Chelsea FC,Sheffield United FC,2,0,played
2023-24,2023-12-16,Matchday 17,Manchester City FC,Crystal Palace FC,2,2,played
2023-24,2023-12-16,Matchday 17,Newcastle United FC,Fulham FC,3,0,played
2023-24,2023-12-17,Matchday 17,Arsenal FC,Brighton & Hove Albion FC,2,0,played
2023-24,2023-12-17,Matchday 17,Brentford FC,Aston Villa FC,1,2,played
2023-24,2023-12-17,Matchday 17,Liverpool FC,Manchester United FC,0,0,played
2023-24,2023-12-17,Matchday 17,West Ham United FC,Wolverhampton Wanderers FC,3,0,played
2023-24,2023-12-21,Matchday 18,Crystal Palace FC,Brighton & Hove Albion FC,1,1,played
2023-24,2023-12-22,Matchday 18,Aston Villa FC,Sheffield United FC,1,1,played
2023-24,2023-12-23,Matchday 18,Fulham FC,Burnley FC,0,2,played
2023-24,2023-12-23,Matchday 18,Liverpool FC,Arsenal FC,1,1,played
2023-24,2023-12-23,Matchday 18,Luton Town FC,Newcastle United FC,1,0,played
2023-24,2023-12-23,Matchday 18,Nottingham Forest FC,AFC Bournemouth,2,3,played
2023-24,2023-12-23,Matchday 18,Tottenham Hotspur FC,Everton FC,2,1,played
2023-24,2023-12-23,Matchday 18,West Ham United FC,Manchester United FC,2,0,played
2023-24,2023-12-24,Matchday 18,Wolverhampton Wanderers FC,Chelsea FC,2,1,played
2023-24,2023-12-26,Matchday 19,AFC Bournemouth,Fulham FC,3,0,played
2023-24,2023-12-26,Matchday 19,Burnley FC,Liverpool FC,0,2,played
2023-24,2023-12-26,Matchday 19,Manchester United FC,Aston Villa FC,3,2,played
2023-24,2023-12-26,Matchday 19,Newcastle United FC,Nottingham Forest FC,1,3,played
2023-24,2023-12-26,Matchday 19,Sheffield United FC,Luton Town FC,2,3,played
2023-24,2023-12-27,Matchday 19,Brentford FC,Wolverhampton Wanderers FC,1,4,played
2023-24,2023-12-27,Matchday 19,Chelsea FC,Crystal Palace FC,2,1,played
2023-24,2023-12-27,Matchday 19,Everton FC,Manchester City FC,1,3,played
2023-24,2023-12-28,Matchday 19,Arsenal FC,West Ham United FC,0,2,played
2023-24,2023-12-28,Matchday 19,Brighton & Hove Albion FC,Tottenham Hotspur FC,4,2,played
2023-24,2023-12-30,Matchday 20,Aston Villa FC,Burnley FC,3,2,played
2023-24,2023-12-30,Matchday 20,Crystal Palace FC,Brentford FC,3,1,played
2023-24,2023-12-30,Matchday 20,Luton Town FC,Chelsea FC,2,3,played
2023-24,2023-12-30,Matchday 20,Manchester City FC,Sheffield United FC,2,0,played
2023-24,2023-12-30,Matchday 20,Nottingham Forest FC,Manchester United FC,2,1,played
2023-24,2023-12-30,Matchday 20,Wolverhampton Wanderers FC,Everton FC,3,0,played
2023-24,2023-12-31,Matchday 20,Fulham FC,Arsenal FC,2,1,played
2023-24,2023-12-31,Matchday 20,Tottenham Hotspur FC,AFC Bournemouth,3,1,played
2023-24,2024-01-01,Matchday 20,Liverpool FC,Newcastle United FC,4,2,played
2023-24,2024-01-02,Matchday 20,West Ham United FC,Brighton & Hove Albion FC,0,0,played
2023-24,2024-01-12,Matchday 21,Burnley FC,Luton Town FC,1,1,played
2023-24,2024-01-13,Matchday 21,Chelsea FC,Fulham FC,1,0,played
2023-24,2024-01-13,Matchday 21,Newcastle United FC,Manchester City FC,2,3,played
2023-24,2024-01-14,Matchday 21,Everton FC,Aston Villa FC,0,0,played
2023-24,2024-01-14,Matchday 21,Manchester United FC,Tottenham Hotspur FC,2,2,played
2023-24,2024-01-20,Matchday 21,Arsenal FC,Crystal Palace FC,5,0,played
2023-24,2024-01-20,Matchday 21,Brentford FC,Nottingham Forest FC,3,2,played
2023-24,2024-01-21,Matchday 21,AFC Bournemouth,Liverpool FC,0,4,played
2023-24,2024-01-21,Matchday 21,Sheffield United FC,West Ham United FC,2,2,played
2023-24,2024-01-22,Matchday 21,Brighton & Hove Albion FC,Wolverhampton Wanderers FC,0,0,played
2023-24,2024-01-30,Matchday 22,Aston Villa FC,Newcastle United FC,1,3,played
2023-24,2024-01-30,Matchday 22,Crystal Palace FC,Sheffield United FC,3,2,played
2023-24,2024-01-30,Matchday 22,Fulham FC,Everton FC,0,0,played
2023-24,2024-01-30,Matchday 22,Luton Town FC,Brighton & Hove Albion FC,4,0,played
2023-24,2024-01-30,Matchday 22,Nottingham Forest FC,Arsenal FC,1,2,played
2023-24,2024-01-31,Matchday 22,Liverpool FC,Chelsea FC,4,1,played
2023-24,2024-01-31,Matchday 22,Manchester City FC,Burnley FC,3,1,played
2023-24,2024-01-31,Matchday 22,Tottenham Hotspur FC,Brentford FC,3,2,played
2023-24,2024-02-01,Matchday 22,West Ham United FC,AFC Bournemouth,1,1,played
2023-24,2024-02-01,Matchday 22,Wolverhampton Wanderers FC,Manchester United FC,3,4,played
2023-24,2024-02-03,Matchday 23,Brighton & Hove Albion FC,Crystal Palace FC,4,1,played
2023-24,2024-02-03,Matchday 23,Burnley FC,Fulham FC,2,2,played
2023-24,2024-02-03,Matchday 23,Everton FC,Tottenham Hotspur FC,2,2,played
2023-24,2024-02-03,Matchday 23,Newcastle United FC,Luton Town FC,4,4,played
2023-24,2024-02-03,Matchday 23,Sheffield United FC,Aston Villa FC,0,5,played
2023-24,2024-02-04,Matchday 23,AFC Bournemouth,Nottingham Forest FC,1,1,played
2023-24,2024-02-04,Matchday 23,Arsenal FC,Liverpool FC,3,1,played
2023-24,2024-02-04,Matchday 23,Chelsea FC,Wolverhampton Wanderers FC,2,4,played
2023-24,2024-02-04,Matchday 23,Manchester United FC,West Ham United FC,3,0,played
2023-24,2024-02-05,Matchday 23,Brentford FC,Manchester City FC,1,3,played
2023-24,2024-02-10,Matchday 24,Fulham FC,AFC Bournemouth,3,1,played
2023-24,2024-02-10,Matchday 24,Liverpool FC,Burnley FC,3,1,played
2023-24,2024-02-10,Matchday 24,Luton Town FC,Sheffield United FC,1,3,played
2023-24,2024-02-10,Matchday 24,Manchester City FC,Everton FC,2,0,played
2023-24,2024-02-10,Matchday 24,Nottingham Forest FC,Newcastle United FC,2,3,played
2023-24,2024-02-10,Matchday 24,Tottenham Hotspur FC,Brighton & Hove Albion FC,2,1,played
2023-24,2024-02-10,Matchday 24,Wolverhampton Wanderers FC,Brentford FC,0,2,played
2023-24,2024-02-11,Matchday 24,Aston Villa FC,Manchester United FC,1,2,played
2023-24,2024-02-11,Matchday 24,West Ham United FC,Arsenal FC,0,6,played
2023-24,2024-02-12,Matchday 24,Crystal Palace FC,Chelsea FC,1,3,played
2023-24,2024-02-17,Matchday 25,Brentford FC,Liverpool FC,1,4,played
2023-24,2024-02-17,Matchday 25,Burnley FC,Arsenal FC,0,5,played
2023-24,2024-02-17,Matchday 25,Fulham FC,Aston Villa FC,1,2,played
2023-24,2024-02-17,Matchday 25,Manchester City FC,Chelsea FC,1,1,played
2023-24,2024-02-17,Matchday 25,Newcastle United FC,AFC Bournemouth,2,2,played
2023-24,2024-02-17,Matchday 25,Nottingham Forest FC,West Ham United FC,2,0,played
2023-24,2024-02-17,Matchday 25,Tottenham Hotspur FC,Wolverhampton Wanderers FC,1,2,played
2023-24,2024-02-18,Matchday 25,Luton Town FC,Manchester United FC,1,2,played
2023-24,2024-02-18,Matchday 25,Sheffield United FC,Brighton & Hove Albion FC,0,5,played
2023-24,2024-02-19,Matchday 25,Everton FC,Crystal Palace FC,1,1,played
2023-24,2024-02-20,Matchday 18,Manchester City FC,Brentford FC,1,0,played
2023-24,2024-02-21,Matchday 26,Liverpool FC,Luton Town FC,4,1,played
2023-24,2024-02-24,Matchday 26,AFC Bournemouth,Manchester City FC,0,1,played
2023-24,2024-02-24,Matchday 26,Arsenal FC,Newcastle United FC,4,1,played
2023-24,2024-02-24,Matchday 26,Aston Villa FC,Nottingham Forest FC,4,2,played
2023-24,2024-02-24,Matchday 26,Brighton & Hove Albion FC,Everton FC,1,1,played
2023-24,2024-02-24,Matchday 26,Crystal Palace FC,Burnley FC,3,0,played
2023-24,2024-02-24,Matchday 26,Manchester United FC,Fulham FC,1,2,played
2023-24,2024-02-25,Matchday 26,Wolverhampton Wanderers FC,Sheffield United FC,1,0,played
2023-24,2024-02-26,Matchday 26,West Ham United FC,Brentford FC,4,2,played
2023-24,2024-03-02,Matchday 27,Brentford FC,Chelsea FC,2,2,played
2023-24,2024-03-02,Matchday 27,Everton FC,West Ham United FC,1,3,played
2023-24,2024-03-02,Matchday 27,Fulham FC,Brighton & Hove Albion FC,3,0,played
2023-24,2024-03-02,Matchday 27,Luton Town FC,Aston Villa FC,2,3,played
2023-24,2024-03-02,Matchday 27,Newcastle United FC,Wolverhampton Wanderers FC,3,0,played
2023-24,2024-03-02,Matchday 27,Nottingham Forest FC,Liverpool FC,0,1,played
2023-24,2024-03-02,Matchday 27,Tottenham Hotspur FC,Crystal Palace FC,3,1,played
2023-24,2024-03-03,Matchday 27,Burnley FC,AFC Bournemouth,0,2,played
2023-24,2024-03-03,Matchday 27,Manchester City FC,Manchester United FC,3,1,played
2023-24,2024-03-04,Matchday 27,Sheffield United FC,Arsenal FC,0,6,played
2023-24,2024-03-09,Matchday 28,AFC Bournemouth,Sheffield United FC,2,2,played
2023-24,2024-03-09,Matchday 28,Arsenal FC,Brentford FC,2,1,played
2023-24,2024-03-09,Matchday 28,Crystal Palace FC,Luton Town FC,1,1,played
2023-24,2024-03-09,Matchday 28,Manchester United FC,Everton FC,2,0,played
2023-24,2024-03-09,Matchday 28,Wolverhampton Wanderers FC,Fulham FC,2,1,played
2023-24,2024-03-10,Matchday 28,Aston Villa FC,Tottenham Hotspur FC,0,4,played
2023-24,2024-03-10,Matchday 28,Brighton & Hove Albion FC,Nottingham Forest FC,1,0,played
2023-24,2024-03-10,Matchday 28,Liverpool FC,Manchester City FC,1,1,played
2023-24,2024-03-10,Matchday 28,West Ham United FC,Burnley FC,2,2,played
2023-24,2024-03-11,Matchday 28,Chelsea FC,Newcastle United FC,3,2,played
2023-24,2024-03-13,Matchday 17,AFC Bournemouth,Luton Town FC,4,3,played
2023-24,2024-03-16,Matchday 29,Burnley FC,Brentford FC,2,1,played
2023-24,2024-03-16,Matchday 29,Fulham FC,Tottenham Hotspur FC,3,0,played
2023-24,2024-03-16,Matchday 29,Luton Town FC,Nottingham Forest FC,1,1,played
2023-24,2024-03-17,Matchday 29,West Ham United FC,Aston Villa FC,1,1,played
2023-24,2024-03-30,Matchday 30,AFC Bournemouth,Everton FC,2,1,played
2023-24,2024-03-30,Matchday 30,Aston Villa FC,Wolverhampton Wanderers FC,2,0,played
2023-24,2024-03-30,Matchday 30,Brentford FC,Manchester United FC,1,1,played
2023-24,2024-03-30,Matchday 30,Chelsea FC,Burnley FC,2,2,played
2023-24,2024-03-30,Matchday 30,Newcastle United FC,West Ham United FC,4,3,played
2023-24,2024-03-30,Matchday 30,Nottingham Forest FC,Crystal Palace FC,1,1,played
2023-24,2024-03-30,Matchday 30,Sheffield United FC,Fulham FC,3,3,played
2023-24,2024-03-30,Matchday 30,Tottenham Hotspur FC,Luton Town FC,2,1,played
2023-24,2024-03-31,Matchday 30,Liverpool FC,Brighton & Hove Albion FC,2,1,played
2023-24,2024-03-31,Matchday 30,Manchester City FC,Arsenal FC,0,0,played
2023-24,2024-04-02,Matchday 31,AFC Bournemouth,Crystal Palace FC,1,0,played
2023-24,2024-04-02,Matchday 31,Burnley FC,Wolverhampton Wanderers FC,1,1,played
2023-24,2024-04-02,Matchday 31,Newcastle United FC,Everton FC,1,1,played
2023-24,2024-04-02,Matchday 31,Nottingham Forest FC,Fulham FC,3,1,played
2023-24,2024-04-02,Matchday 31,West Ham United FC,Tottenham Hotspur FC,1,1,played
2023-24,2024-04-03,Matchday 31,Arsenal FC,Luton Town FC,2,0,played
2023-24,2024-04-03,Matchday 31,Brentford FC,Brighton & Hove Albion FC,0,0,played
2023-24,2024-04-03,Matchday 31,Manchester City FC,Aston Villa FC,4,1,played
2023-24,2024-04-04,Matchday 31,Chelsea FC,Manchester United FC,4,3,played
2023-24,2024-04-04,Matchday 31,Liverpool FC,Sheffield United FC,3,1,played
2023-24,2024-04-06,Matchday 32,Aston Villa FC,Brentford FC,3,3,played
2023-24,2024-04-06,Matchday 32,Brighton & Hove Albion FC,Arsenal FC,0,3,played
2023-24,2024-04-06,Matchday 32,Crystal Palace FC,Manchester City FC,2,4,played
2023-24,2024-04-06,Matchday 32,Everton FC,Burnley FC,1,0,played
2023-24,2024-04-06,Matchday 32,Fulham FC,Newcastle United FC,0,1,played
2023-24,2024-04-06,Matchday 32,Luton Town FC,AFC Bournemouth,2,1,played
2023-24,2024-04-06,Matchday 32,Wolverhampton Wanderers FC,West Ham United FC,1,2,played
2023-24,2024-04-07,Matchday 32,Manchester United FC,Liverpool FC,2,2,played
2023-24,2024-04-07,Matchday 32,Sheffield United FC,Chelsea FC,2,2,played
2023-24,2024-04-07,Matchday 32,Tottenham Hotspur FC,Nottingham Forest FC,3,1,played
2023-24,2024-04-13,Matchday 33,AFC Bournemouth,Manchester United FC,2,2,played
2023-24,2024-04-13,Matchday 33,Brentford FC,Sheffield United FC,2,0,played
2023-24,2024-04-13,Matchday 33,Burnley FC,Brighton & Hove Albion FC,1,1,played
2023-24,2024-04-13,Matchday 33,Manchester City FC,Luton Town FC,5,1,played
2023-24,2024-04-13,Matchday 33,Newcastle United FC,Tottenham Hotspur FC,4,0,played
2023-24,2024-04-13,Matchday 33,Nottingham Forest FC,Wolverhampton Wanderers FC,2,2,played
2023-24,2024-04-14,Matchday 33,Arsenal FC,Aston Villa FC,0,2,played
2023-24,2024-04-14,Matchday 33,Liverpool FC,Crystal Palace FC,0,1,played
2023-24,2024-04-14,Matchday 33,West Ham United FC,Fulham FC,0,2,played
2023-24,2024-04-15,Matchday 33,Chelsea FC,Everton FC,6,0,played
2023-24,2024-04-20,Matchday 34,Luton Town FC,Brentford FC,1,5,played
2023-24,2024-04-20,Matchday 34,Sheffield United FC,Burnley FC,1,4,played
2023-24,2024-04-20,Matchday 34,Wolverhampton Wanderers FC,Arsenal FC,0,2,played
2023-24,2024-04-21,Matchday 34,Aston Villa FC,AFC Bournemouth,3,1,played
2023-24,2024-04-21,Matchday 34,Crystal Palace FC,West Ham United FC,5,2,played
2023-24,2024-04-21,Matchday 34,Everton FC,Nottingham Forest FC,2,0,played
2023-24,2024-04-21,Matchday 34,Fulham FC,Liverpool FC,1,3,played
2023-24,2024-04-23,Matchday 29,Arsenal FC,Chelsea FC,5,0,played
2023-24,2024-04-24,Matchday 29,Crystal Palace FC,Newcastle United FC,2,0,played
2023-24,2024-04-24,Matchday 29,Everton FC,Liverpool FC,2,0,played
2023-24,2024-04-24,Matchday 29,Manchester United FC,Sheffield United FC,4,2,played
2023-24,2024-04-24,Matchday 29,Wolverhampton Wanderers FC,AFC Bournemouth,0,1,played
2023-24,2024-04-25,Matchday 29,Brighton & Hove Albion FC,Manchester City FC,0,4,played
2023-24,2024-04-27,Matchday 35,Aston Villa FC,Chelsea FC,2,2,played
2023-24,2024-04-27,Matchday 35,Everton FC,Brentford FC,1,0,played
2023-24,2024-04-27,Matchday 35,Fulham FC,Crystal Palace FC,1,1,played
2023-24,2024-04-27,Matchday 35,Manchester United FC,Burnley FC,1,1,played
2023-24,2024-04-27,Matchday 35,Newcastle United FC,Sheffield United FC,5,1,played
2023-24,2024-04-27,Matchday 35,West Ham United FC,Liverpool FC,2,2,played
2023-24,2024-04-27,Matchday 35,Wolverhampton Wanderers FC,Luton Town FC,2,1,played
2023-24,2024-04-28,Matchday 35,AFC Bournemouth,Brighton & Hove Albion FC,3,0,played
2023-24,2024-04-28,Matchday 35,Nottingham Forest FC,Manchester City FC,0,2,played
2023-24,2024-04-28,Matchday 35,Tottenham Hotspur FC,Arsenal FC,2,3,played
2023-24,2024-05-02,Matchday 26,Chelsea FC,Tottenham Hotspur FC,2,0,played
2023-24,2024-05-03,Matchday 36,Luton Town FC,Everton FC,1,1,played
2023-24,2024-05-04,Matchday 36,Arsenal FC,AFC Bournemouth,3,0,played
2023-24,2024-05-04,Matchday 36,Brentford FC,Fulham FC,0,0,played
2023-24,2024-05-04,Matchday 36,Burnley FC,Newcastle United FC,1,4,played
2023-24,2024-05-04,Matchday 36,Manchester City FC,Wolverhampton Wanderers FC,5,1,played
2023-24,2024-05-04,Matchday 36,Sheffield United FC,Nottingham Forest FC,1,3,played
2023-24,2024-05-05,Matchday 36,Brighton & Hove Albion FC,Aston Villa FC,1,0,played
2023-24,2024-05-05,Matchday 36,Chelsea FC,West Ham United FC,5,0,played
2023-24,2024-05-05,Matchday 36,Liverpool FC,Tottenham Hotspur FC,4,2,played
2023-24,2024-05-06,Matchday 36,Crystal Palace FC,Manchester United FC,4,0,played
2023-24,2024-05-11,Matchday 37,AFC Bournemouth,Brentford FC,1,2,played
2023-24,2024-05-11,Matchday 37,Everton FC,Sheffield United FC,1,0,played
2023-24,2024-05-11,Matchday 37,Fulham FC,Manchester City FC,0,4,played
2023-24,2024-05-11,Matchday 37,Newcastle United FC,Brighton & Hove Albion FC,1,1,played
2023-24,2024-05-11,Matchday 37,Nottingham Forest FC,Chelsea FC,2,3,played
2023-24,2024-05-11,Matchday 37,Tottenham Hotspur FC,Burnley FC,2,1,played
2023-24,2024-05-11,Matchday 37,West Ham United FC,Luton Town FC,3,1,played
2023-24,2024-05-11,Matchday 37,Wolverhampton Wanderers FC,Crystal Palace FC,1,3,played
2023-24,2024-05-12,Matchday 37,Manchester United FC,Arsenal FC,0,1,played
2023-24,2024-05-13,Matchday 37,Aston Villa FC,Liverpool FC,3,3,played
2023-24,2024-05-14,Matchday 34,Tottenham Hotspur FC,Manchester City FC,0,2,played
2023-24,2024-05-15,Matchday 34,Brighton & Hove Albion FC,Chelsea FC,1,2,played
2023-24,2024-05-15,Matchday 34,Manchester United FC,Newcastle United FC,3,2,played
2023-24,2024-05-19,Matchday 38,Arsenal FC,Everton FC,2,1,played
2023-24,2024-05-19,Matchday 38,Brentford FC,Newcastle United FC,2,4,played
2023-24,2024-05-19,Matchday 38,Brighton & Hove Albion FC,Manchester United FC,0,2,played
2023-24,2024-05-19,Matchday 38,Burnley FC,Nottingham Forest FC,1,2,played
2023-24,2024-05-19,Matchday 38,Chelsea FC,AFC Bournemouth,2,1,played
2023-24,2024-05-19,Matchday 38,Crystal Palace FC,Aston Villa FC,5,0,played
2023-24,2024-05-19,Matchday 38,Liverpool FC,Wolverhampton Wanderers FC,2,0,played
2023-24,2024-05-19,Matchday 38,Luton Town FC,Fulham FC,2,4,played
2023-24,2024-05-19,Matchday 38,Manchester City FC,West Ham United FC,3,1,played
2023-24,2024-05-19,Matchday 38,Sheffield United FC,Tottenham Hotspur FC,0,3,played
2024-25,2024-08-16,Matchday 1,Manchester United FC,Fulham FC,1,0,played
2024-25,2024-08-17,Matchday 1,Arsenal FC,Wolverhampton Wanderers FC,2,0,played
2024-25,2024-08-17,Matchday 1,Everton FC,Brighton & Hove Albion FC,0,3,played
2024-25,2024-08-17,Matchday 1,Ipswich Town FC,Liverpool FC,0,2,played
2024-25,2024-08-17,Matchday 1,Newcastle United FC,Southampton FC,1,0,played
2024-25,2024-08-17,Matchday 1,Nottingham Forest FC,AFC Bournemouth,1,1,played
2024-25,2024-08-17,Matchday 1,West Ham United FC,Aston Villa FC,1,2,played
2024-25,2024-08-18,Matchday 1,Brentford FC,Crystal Palace FC,2,1,played
2024-25,2024-08-18,Matchday 1,Chelsea FC,Manchester City FC,0,2,played
2024-25,2024-08-19,Matchday 1,Leicester City FC,Tottenham Hotspur FC,1,1,played
2024-25,2024-08-24,Matchday 2,Aston Villa FC,Arsenal FC,0,2,played
2024-25,2024-08-24,Matchday 2,Brighton & Hove Albion FC,Manchester United FC,2,1,played
2024-25,2024-08-24,Matchday 2,Crystal Palace FC,West Ham United FC,0,2,played
2024-25,2024-08-24,Matchday 2,Fulham FC,Leicester City FC,2,1,played
2024-25,2024-08-24,Matchday 2,Manchester City FC,Ipswich Town FC,4,1,played
2024-25,2024-08-24,Matchday 2,Southampton FC,Nottingham Forest FC,0,1,played
2024-25,2024-08-24,Matchday 2,Tottenham Hotspur FC,Everton FC,4,0,played
2024-25,2024-08-25,Matchday 2,AFC Bournemouth,Newcastle United FC,1,1,played
2024-25,2024-08-25,Matchday 2,Liverpool FC,Brentford FC,2,0,played
2024-25,2024-08-25,Matchday 2,Wolverhampton Wanderers FC,Chelsea FC,2,6,played
2024-25,2024-08-31,Matchday 3,Arsenal FC,Brighton & Hove Albion FC,1,1,played
2024-25,2024-08-31,Matchday 3,Brentford FC,Southampton FC,3,1,played
2024-25,2024-08-31,Matchday 3,Everton FC,AFC Bournemouth,2,3,played
2024-25,2024-08-31,Matchday 3,Ipswich Town FC,Fulham FC,1,1,played
2024-25,2024-08-31,Matchday 3,Leicester City FC,Aston Villa FC,1,2,played
2024-25,2024-08-31,Matchday 3,Nottingham Forest FC,Wolverhampton Wanderers FC,1,1,played
2024-25,2024-08-31,Matchday 3,West Ham United FC,Manchester City FC,1,3,played
2024-25,2024-09-01,Matchday 3,Chelsea FC,Crystal Palace FC,1,1,played
2024-25,2024-09-01,Matchday 3,Manchester United FC,Liverpool FC,0,3,played
2024-25,2024-09-01,Matchday 3,Newcastle United FC,Tottenham Hotspur FC,2,1,played
2024-25,2024-09-14,Matchday 4,AFC Bournemouth,Chelsea FC,0,1,played
2024-25,2024-09-14,Matchday 4,Aston Villa FC,Everton FC,3,2,played
2024-25,2024-09-14,Matchday 4,Brighton & Hove Albion FC,Ipswich Town FC,0,0,played
2024-25,2024-09-14,Matchday 4,Crystal Palace FC,Leicester City FC,2,2,played
2024-25,2024-09-14,Matchday 4,Fulham FC,West Ham United FC,1,1,played
2024-25,2024-09-14,Matchday 4,Liverpool FC,Nottingham Forest FC,0,1,played
2024-25,2024-09-14,Matchday 4,Manchester City FC,Brentford FC,2,1,played
2024-25,2024-09-14,Matchday 4,Southampton FC,Manchester United FC,0,3,played
2024-25,2024-09-15,Matchday 4,Tottenham Hotspur FC,Arsenal FC,0,1,played
2024-25,2024-09-15,Matchday 4,Wolverhampton Wanderers FC,Newcastle United FC,1,2,played
2024-25,2024-09-21,Matchday 5,Aston Villa FC,Wolverhampton Wanderers FC,3,1,played
2024-25,2024-09-21,Matchday 5,Crystal Palace FC,Manchester United FC,0,0,played
2024-25,2024-09-21,Matchday 5,Fulham FC,Newcastle United FC,3,1,played
2024-25,2024-09-21,Matchday 5,Leicester City FC,Everton FC,1,1,played
2024-25,2024-09-21,Matchday 5,Liverpool FC,AFC Bournemouth,3,0,played
2024-25,2024-09-21,Matchday 5,Southampton FC,Ipswich Town FC,1,1,played
2024-25,2024-09-21,Matchday 5,Tottenham Hotspur FC,Brentford FC,3,1,played
2024-25,2024-09-21,Matchday 5,West Ham United FC,Chelsea FC,0,3,played
2024-25,2024-09-22,Matchday 5,Brighton & Hove Albion FC,Nottingham Forest FC,2,2,played
2024-25,2024-09-22,Matchday 5,Manchester City FC,Arsenal FC,2,2,played
2024-25,2024-09-28,Matchday 6,Arsenal FC,Leicester City FC,4,2,played
2024-25,2024-09-28,Matchday 6,Brentford FC,West Ham United FC,1,1,played
2024-25,2024-09-28,Matchday 6,Chelsea FC,Brighton & Hove Albion FC,4,2,played
2024-25,2024-09-28,Matchday 6,Everton FC,Crystal Palace FC,2,1,played
2024-25,2024-09-28,Matchday 6,Newcastle United FC,Manchester City FC,1,1,played
2024-25,2024-09-28,Matchday 6,Nottingham Forest FC,Fulham FC,0,1,played
2024-25,2024-09-28,Matchday 6,Wolverhampton Wanderers FC,Liverpool FC,1,2,played
2024-25,2024-09-29,Matchday 6,Ipswich Town FC,Aston Villa FC,2,2,played
2024-25,2024-09-29,Matchday 6,Manchester United FC,Tottenham Hotspur FC,0,3,played
2024-25,2024-09-30,Matchday 6,AFC Bournemouth,Southampton FC,3,1,played
2024-25,2024-10-05,Matchday 7,Arsenal FC,Southampton FC,3,1,played
2024-25,2024-10-05,Matchday 7,Brentford FC,Wolverhampton Wanderers FC,5,3,played
2024-25,2024-10-05,Matchday 7,Crystal Palace FC,Liverpool FC,0,1,played
2024-25,2024-10-05,Matchday 7,Everton FC,Newcastle United FC,0,0,played
2024-25,2024-10-05,Matchday 7,Leicester City FC,AFC Bournemouth,1,0,played
2024-25,2024-10-05,Matchday 7,Manchester City FC,Fulham FC,3,2,played
2024-25,2024-10-05,Matchday 7,West Ham United FC,Ipswich Town FC,4,1,played
2024-25,2024-10-06,Matchday 7,Aston Villa FC,Manchester United FC,0,0,played
2024-25,2024-10-06,Matchday 7,Brighton & Hove Albion FC,Tottenham Hotspur FC,3,2,played
2024-25,2024-10-06,Matchday 7,Chelsea FC,Nottingham Forest FC,1,1,played
2024-25,2024-10-19,Matchday 8,AFC Bournemouth,Arsenal FC,2,0,played
2024-25,2024-10-19,Matchday 8,Fulham FC,Aston Villa FC,1,3,played
2024-25,2024-10-19,Matchday 8,Ipswich Town FC,Everton FC,0,2,played
2024-25,2024-10-19,Matchday 8,Manchester United FC,Brentford FC,2,1,played
2024-25,2024-10-19,Matchday 8,Newcastle United FC,Brighton & Hove Albion FC,0,1,played
2024-25,2024-10-19,Matchday 8,Southampton FC,Leicester City FC,2,3,played
2024-25,2024-10-19,Matchday 8,Tottenham Hotspur FC,West Ham United FC,4,1,played
2024-25,2024-10-20,Matchday 8,Liverpool FC,Chelsea FC,2,1,played
2024-25,2024-10-20,Matchday 8,Wolverhampton Wanderers FC,Manchester City FC,1,2,played
2024-25,2024-10-21,Matchday 8,Nottingham Forest FC,Crystal Palace FC,1,0,played
2024-25,2024-10-25,Matchday 9,Leicester City FC,Nottingham Forest FC,1,3,played
2024-25,2024-10-26,Matchday 9,Aston Villa FC,AFC Bournemouth,1,1,played
2024-25,2024-10-26,Matchday 9,Brentford FC,Ipswich Town FC,4,3,played
2024-25,2024-10-26,Matchday 9,Brighton & Hove Albion FC,Wolverhampton Wanderers FC,2,2,played
2024-25,2024-10-26,Matchday 9,Everton FC,Fulham FC,1,1,played
2024-25,2024-10-26,Matchday 9,Manchester City FC,Southampton FC,1,0,played
2024-25,2024-10-27,Matchday 9,Arsenal FC,Liverpool FC,2,2,played
2024-25,2024-10-27,Matchday 9,Chelsea FC,Newcastle United FC,2,1,played
2024-25,2024-10-27,Matchday 9,Crystal Palace FC,Tottenham Hotspur FC,1,0,played
2024-25,2024-10-27,Matchday 9,West Ham United FC,Manchester United FC,2,1,played
2024-25,2024-11-02,Matchday 10,AFC Bournemouth,Manchester City FC,2,1,played
2024-25,2024-11-02,Matchday 10,Ipswich Town FC,Leicester City FC,1,1,played
2024-25,2024-11-02,Matchday 10,Liverpool FC,Brighton & Hove Albion FC,2,1,played
2024-25,2024-11-02,Matchday 10,Newcastle United FC,Arsenal FC,1,0,played
2024-25,2024-11-02,Matchday 10,Nottingham Forest FC,West Ham United FC,3,0,played
2024-25,2024-11-02,Matchday 10,Southampton FC,Everton FC,1,0,played
2024-25,2024-11-02,Matchday 10,Wolverhampton Wanderers FC,Crystal Palace FC,2,2,played
2024-25,2024-11-03,Matchday 10,Manchester United FC,Chelsea FC,1,1,played
2024-25,2024-11-03,Matchday 10,Tottenham Hotspur FC,Aston Villa FC,4,1,played
2024-25,2024-11-04,Matchday 10,Fulham FC,Brentford FC,2,1,played
2024-25,2024-11-09,Matchday 11,Brentford FC,AFC Bournemouth,3,2,played
2024-25,2024-11-09,Matchday 11,Brighton & Hove Albion FC,Manchester City FC,2,1,played
2024-25,2024-11-09,Matchday 11,Crystal Palace FC,Fulham FC,0,2,played
2024-25,2024-11-09,Matchday 11,Liverpool FC,Aston Villa FC,2,0,played
2024-25,2024-11-09,Matchday 11,West Ham United FC,Everton FC,0,0,played
2024-25,2024-11-09,Matchday 11,Wolverhampton Wanderers FC,Southampton FC,2,0,played
2024-25,2024-11-10,Matchday 11,Chelsea FC,Arsenal FC,1,1,played
2024-25,2024-11-10,Matchday 11,Manchester United FC,Leicester City FC,3,0,played
2024-25,2024-11-10,Matchday 11,Nottingham Forest FC,Newcastle United FC,1,3,played
2024-25,2024-11-10,Matchday 11,Tottenham Hotspur FC,Ipswich Town FC,1,2,played
2024-25,2024-11-23,Matchday 12,AFC Bournemouth,Brighton & Hove Albion FC,1,2,played
2024-25,2024-11-23,Matchday 12,Arsenal FC,Nottingham Forest FC,3,0,played
2024-25,2024-11-23,Matchday 12,Aston Villa FC,Crystal Palace FC,2,2,played
2024-25,2024-11-23,Matchday 12,Everton FC,Brentford FC,0,0,played
2024-25,2024-11-23,Matchday 12,Fulham FC,Wolverhampton Wanderers FC,1,4,played
2024-25,2024-11-23,Matchday 12,Leicester City FC,Chelsea FC,1,2,played
2024-25,2024-11-23,Matchday 12,Manchester City FC,Tottenham Hotspur FC,0,4,played
2024-25,2024-11-24,Matchday 12,Ipswich Town FC,Manchester United FC,1,1,played
2024-25,2024-11-24,Matchday 12,Southampton FC,Liverpool FC,2,3,played
2024-25,2024-11-25,Matchday 12,Newcastle United FC,West Ham United FC,0,2,played
2024-25,2024-11-29,Matchday 13,Brighton & Hove Albion FC,Southampton FC,1,1,played
2024-25,2024-11-30,Matchday 13,Brentford FC,Leicester City FC,4,1,played
2024-25,2024-11-30,Matchday 13,Crystal Palace FC,Newcastle United FC,1,1,played
2024-25,2024-11-30,Matchday 13,Nottingham Forest FC,Ipswich Town FC,1,0,played
2024-25,2024-11-30,Matchday 13,West Ham United FC,Arsenal FC,2,5,played
2024-25,2024-11-30,Matchday 13,Wolverhampton Wanderers FC,AFC Bournemouth,2,4,played
2024-25,2024-12-01,Matchday 13,Chelsea FC,Aston Villa FC,3,0,played
2024-25,2024-12-01,Matchday 13,Liverpool FC,Manchester City FC,2,0,played
2024-25,2024-12-01,Matchday 13,Manchester United FC,Everton FC,4,0,played
2024-25,2024-12-01,Matchday 13,Tottenham Hotspur FC,Fulham FC,1,1,played
2024-25,2024-12-03,Matchday 14,Ipswich Town FC,Crystal Palace FC,0,1,played
2024-25,2024-12-03,Matchday 14,Leicester City FC,West Ham United FC,3,1,played
2024-25,2024-12-04,Matchday 14,Arsenal FC,Manchester United FC,2,0,played
2024-25,2024-12-04,Matchday 14,Aston Villa FC,Brentford FC,3,1,played
2024-25,2024-12-04,Matchday 14,Everton FC,Wolverhampton Wanderers FC,4,0,played
2024-25,2024-12-04,Matchday 14,Manchester City FC,Nottingham Forest FC,3,0,played
2024-25,2024-12-04,Matchday 14,Newcastle United FC,Liverpool FC,3,3,played
2024-25,2024-12-04,Matchday 14,Southampton FC,Chelsea FC,1,5,played
2024-25,2024-12-05,Matchday 14,AFC Bournemouth,Tottenham Hotspur FC,1,0,played
2024-25,2024-12-05,Matchday 14,Fulham FC,Brighton & Hove Albion FC,3,1,played
2024-25,2024-12-07,Matchday 15,Aston Villa FC,Southampton FC,1,0,played
2024-25,2024-12-07,Matchday 15,Brentford FC,Newcastle United FC,4,2,played
2024-25,2024-12-07,Matchday 15,Crystal Palace FC,Manchester City FC,2,2,played
2024-25,2024-12-07,Matchday 15,Manchester United FC,Nottingham Forest FC,2,3,played
2024-25,2024-12-08,Matchday 15,Fulham FC,Arsenal FC,1,1,played
2024-25,2024-12-08,Matchday 15,Ipswich Town FC,AFC Bournemouth,1,2,played
2024-25,2024-12-08,Matchday 15,Leicester City FC,Brighton & Hove Albion FC,2,2,played
2024-25,2024-12-08,Matchday 15,Tottenham Hotspur FC,Chelsea FC,3,4,played
2024-25,2024-12-09,Matchday 15,West Ham United FC,Wolverhampton Wanderers FC,2,1,played
2024-25,2024-12-14,Matchday 16,Arsenal FC,Everton FC,0,0,played
2024-25,2024-12-14,Matchday 16,Liverpool FC,Fulham FC,2,2,played
2024-25,2024-12-14,Matchday 16,Newcastle United FC,Leicester City FC,4,0,played
2024-25,2024-12-14,Matchday 16,Nottingham Forest FC,Aston Villa FC,2,1,played
2024-25,2024-12-14,Matchday 16,Wolverhampton Wanderers FC,Ipswich Town FC,1,2,played
2024-25,2024-12-15,Matchday 16,Brighton & Hove Albion FC,Crystal Palace FC,1,3,played
2024-25,2024-12-15,Matchday 16,Chelsea FC,Brentford FC,2,1,played
2024-25,2024-12-15,Matchday 16,Manchester City FC,Manchester United FC,1,2,played
2024-25,2024-12-15,Matchday 16,Southampton FC,Tottenham Hotspur FC,0,5,played
2024-25,2024-12-16,Matchday 16,AFC Bournemouth,West Ham United FC,1,1,played
2024-25,2024-12-21,Matchday 17,Aston Villa FC,Manchester City FC,2,1,played
2024-25,2024-12-21,Matchday 17,Brentford FC,Nottingham Forest FC,0,2,played
2024-25,2024-12-21,Matchday 17,Crystal Palace FC,Arsenal FC,1,5,played
2024-25,2024-12-21,Matchday 17,Ipswich Town FC,Newcastle United FC,0,4,played
2024-25,2024-12-21,Matchday 17,West Ham United FC,Brighton & Hove Albion FC,1,1,played
2024-25,2024-12-22,Matchday 17,Everton FC,Chelsea FC,0,0,played
2024-25,2024-12-22,Matchday 17,Fulham FC,Southampton FC,0,0,played
2024-25,2024-12-22,Matchday 17,Leicester City FC,Wolverhampton Wanderers FC,0,3,played
2024-25,2024-12-22,Matchday 17,Manchester United FC,AFC Bournemouth,0,3,played
2024-25,2024-12-22,Matchday 17,Tottenham Hotspur FC,Liverpool FC,3,6,played
2024-25,2024-12-26,Matchday 18,AFC Bournemouth,Crystal Palace FC,0,0,played
2024-25,2024-12-26,Matchday 18,Chelsea FC,Fulham FC,1,2,played
2024-25,2024-12-26,Matchday 18,Liverpool FC,Leicester City FC,3,1,played
2024-25,2024-12-26,Matchday 18,Manchester City FC,Everton FC,1,1,played
2024-25,2024-12-26,Matchday 18,Newcastle United FC,Aston Villa FC,3,0,played
2024-25,2024-12-26,Matchday 18,Nottingham Forest FC,Tottenham Hotspur FC,1,0,played
2024-25,2024-12-26,Matchday 18,Southampton FC,West Ham United FC,0,1,played
2024-25,2024-12-26,Matchday 18,Wolverhampton Wanderers FC,Manchester United FC,2,0,played
2024-25,2024-12-27,Matchday 18,Arsenal FC,Ipswich Town FC,1,0,played
2024-25,2024-12-27,Matchday 18,Brighton & Hove Albion FC,Brentford FC,0,0,played
2024-25,2024-12-29,Matchday 19,Crystal Palace FC,Southampton FC,2,1,played
2024-25,2024-12-29,Matchday 19,Everton FC,Nottingham Forest FC,0,2,played
2024-25,2024-12-29,Matchday 19,Fulham FC,AFC Bournemouth,2,2,played
2024-25,2024-12-29,Matchday 19,Leicester City FC,Manchester City FC,0,2,played
2024-25,2024-12-29,Matchday 19,Tottenham Hotspur FC,Wolverhampton Wanderers FC,2,2,played
2024-25,2024-12-29,Matchday 19,West Ham United FC,Liverpool FC,0,5,played
2024-25,2024-12-30,Matchday 19,Aston Villa FC,Brighton & Hove Albion FC,2,2,played
2024-25,2024-12-30,Matchday 19,Ipswich Town FC,Chelsea FC,2,0,played
2024-25,2024-12-30,Matchday 19,Manchester United FC,Newcastle United FC,0,2,played
2024-25,2025-01-01,Matchday 19,Brentford FC,Arsenal FC,1,3,played
2024-25,2025-01-04,Matchday 20,AFC Bournemouth,Everton FC,1,0,played
2024-25,2025-01-04,Matchday 20,Aston Villa FC,Leicester City FC,2,1,played
2024-25,2025-01-04,Matchday 20,Brighton & Hove Albion FC,Arsenal FC,1,1,played
2024-25,2025-01-04,Matchday 20,Crystal Palace FC,Chelsea FC,1,1,played
2024-25,2025-01-04,Matchday 20,Manchester City FC,West Ham United FC,4,1,played
2024-25,2025-01-04,Matchday 20,Southampton FC,Brentford FC,0,5,played
2024-25,2025-01-04,Matchday 20,Tottenham Hotspur FC,Newcastle United FC,1,2,played
2024-25,2025-01-05,Matchday 20,Fulham FC,Ipswich Town FC,2,2,played
2024-25,2025-01-05,Matchday 20,Liverpool FC,Manchester United FC,2,2,played
2024-25,2025-01-06,Matchday 20,Wolverhampton Wanderers FC,Nottingham Forest FC,0,3,played
2024-25,2025-01-14,Matchday 21,Brentford FC,Manchester City FC,2,2,played
2024-25,2025-01-14,Matchday 21,Chelsea FC,AFC Bournemouth,2,2,played
2024-25,2025-01-14,Matchday 21,Nottingham Forest FC,Liverpool FC,1,1,played
2024-25,2025-01-14,Matchday 21,West Ham United FC,Fulham FC,3,2,played
2024-25,2025-01-15,Matchday 21,Arsenal FC,Tottenham Hotspur FC,2,1,played
2024-25,2025-01-15,Matchday 21,Everton FC,Aston Villa FC,0,1,played
2024-25,2025-01-15,Matchday 21,Leicester City FC,Crystal Palace FC,0,2,played
2024-25,2025-01-15,Matchday 21,Newcastle United FC,Wolverhampton Wanderers FC,3,0,played
2024-25,2025-01-16,Matchday 21,Ipswich Town FC,Brighton & Hove Albion FC,0,2,played
2024-25,2025-01-16,Matchday 21,Manchester United FC,Southampton FC,3,1,played
2024-25,2025-01-18,Matchday 22,Arsenal FC,Aston Villa FC,2,2,played
2024-25,2025-01-18,Matchday 22,Brentford FC,Liverpool FC,0,2,played
2024-25,2025-01-18,Matchday 22,Leicester City FC,Fulham FC,0,2,played
2024-25,2025-01-18,Matchday 22,Newcastle United FC,AFC Bournemouth,1,4,played
2024-25,2025-01-18,Matchday 22,West Ham United FC,Crystal Palace FC,0,2,played
2024-25,2025-01-19,Matchday 22,Everton FC,Tottenham Hotspur FC,3,2,played
2024-25,2025-01-19,Matchday 22,Ipswich Town FC,Manchester City FC,0,6,played
2024-25,2025-01-19,Matchday 22,Manchester United FC,Brighton & Hove Albion FC,1,3,played
2024-25,2025-01-19,Matchday 22,Nottingham Forest FC,Southampton FC,3,2,played
2024-25,2025-01-20,Matchday 22,Chelsea FC,Wolverhampton Wanderers FC,3,1,played
2024-25,2025-01-25,Matchday 23,AFC Bournemouth,Nottingham Forest FC,5,0,played
2024-25,2025-01-25,Matchday 23,Brighton & Hove Albion FC,Everton FC,0,1,played
2024-25,2025-01-25,Matchday 23,Liverpool FC,Ipswich Town FC,4,1,played
2024-25,2025-01-25,Matchday 23,Manchester City FC,Chelsea FC,3,1,played
2024-25,2025-01-25,Matchday 23,Southampton FC,Newcastle United FC,1,3,played
2024-25,2025-01-25,Matchday 23,Wolverhampton Wanderers FC,Arsenal FC,0,1,played
2024-25,2025-01-26,Matchday 23,Aston Villa FC,West Ham United FC,1,1,played
2024-25,2025-01-26,Matchday 23,Crystal Palace FC,Brentford FC,1,2,played
2024-25,2025-01-26,Matchday 23,Fulham FC,Manchester United FC,0,1,played
2024-25,2025-01-26,Matchday 23,Tottenham Hotspur FC,Leicester City FC,1,2,played
2024-25,2025-02-01,Matchday 24,AFC Bournemouth,Liverpool FC,0,2,played
2024-25,2025-02-01,Matchday 24,Everton FC,Leicester City FC,4,0,played
2024-25,2025-02-01,Matchday 24,Ipswich Town FC,Southampton FC,1,2,played
2024-25,2025-02-01,Matchday 24,Newcastle United FC,Fulham FC,1,2,played
2024-25,2025-02-01,Matchday 24,Nottingham Forest FC,Brighton & Hove Albion FC,7,0,played
2024-25,2025-02-01,Matchday 24,Wolverhampton Wanderers FC,Aston Villa FC,2,0,played
2024-25,2025-02-02,Matchday 24,Arsenal FC,Manchester City FC,5,1,played
2024-25,2025-02-02,Matchday 24,Brentford FC,Tottenham Hotspur FC,0,2,played
2024-25,2025-02-02,Matchday 24,Manchester United FC,Crystal Palace FC,0,2,played
2024-25,2025-02-03,Matchday 24,Chelsea FC,West Ham United FC,2,1,played
2024-25,2025-02-12,Matchday 15,Everton FC,Liverpool FC,2,2,played
2024-25,2025-02-14,Matchday 25,Brighton & Hove Albion FC,Chelsea FC,3,0,played
2024-25,2025-02-15,Matchday 25,Aston Villa FC,Ipswich Town FC,1,1,played
2024-25,2025-02-15,Matchday 25,Crystal Palace FC,Everton FC,1,2,played
2024-25,2025-02-15,Matchday 25,Fulham FC,Nottingham Forest FC,2,1,played
2024-25,2025-02-15,Matchday 25,Leicester City FC,Arsenal FC,0,2,played
2024-25,2025-02-15,Matchday 25,Manchester City FC,Newcastle United FC,4,0,played
2024-25,2025-02-15,Matchday 25,Southampton FC,AFC Bournemouth,1,3,played
2024-25,2025-02-15,Matchday 25,West Ham United FC,Brentford FC,0,1,played
2024-25,2025-02-16,Matchday 25,Liverpool FC,Wolverhampton Wanderers FC,2,1,played
2024-25,2025-02-16,Matchday 25,Tottenham Hotspur FC,Manchester United FC,1,0,played
2024-25,2025-02-19,Matchday 29,Aston Villa FC,Liverpool FC,2,2,played
2024-25,2025-02-21,Matchday 26,Leicester City FC,Brentford FC,0,4,played
2024-25,2025-02-22,Matchday 26,AFC Bournemouth,Wolverhampton Wanderers FC,0,1,played
2024-25,2025-02-22,Matchday 26,Arsenal FC,West Ham United FC,0,1,played
2024-25,2025-02-22,Matchday 26,Aston Villa FC,Chelsea FC,2,1,played
2024-25,2025-02-22,Matchday 26,Everton FC,Manchester United FC,2,2,played
2024-25,2025-02-22,Matchday 26,Fulham FC,Crystal Palace FC,0,2,played
2024-25,2025-02-22,Matchday 26,Ipswich Town FC,Tottenham Hotspur FC,1,4,played
2024-25,2025-02-22,Matchday 26,Southampton FC,Brighton & Hove Albion FC,0,4,played
2024-25,2025-02-23,Matchday 26,Manchester City FC,Liverpool FC,0,2,played
2024-25,2025-02-23,Matchday 26,Newcastle United FC,Nottingham Forest FC,4,3,played
2024-25,2025-02-25,Matchday 27,Brighton & Hove Albion FC,AFC Bournemouth,2,1,played
2024-25,2025-02-25,Matchday 27,Chelsea FC,Southampton FC,4,0,played
2024-25,2025-02-25,Matchday 27,Crystal Palace FC,Aston Villa FC,4,1,played
2024-25,2025-02-25,Matchday 27,Wolverhampton Wanderers FC,Fulham FC,1,2,played
2024-25,2025-02-26,Matchday 27,Brentford FC,Everton FC,1,1,played
2024-25,2025-02-26,Matchday 27,Liverpool FC,Newcastle United FC,2,0,played
2024-25,2025-02-26,Matchday 27,Manchester United FC,Ipswich Town FC,3,2,played
2024-25,2025-02-26,Matchday 27,Nottingham Forest FC,Arsenal FC,0,0,played
2024-25,2025-02-26,Matchday 27,Tottenham Hotspur FC,Manchester City FC,0,1,played
2024-25,2025-02-27,Matchday 27,West Ham United FC,Leicester City FC,2,0,played
2024-25,2025-03-08,Matchday 28,Brentford FC,Aston Villa FC,0,1,played
2024-25,2025-03-08,Matchday 28,Brighton & Hove Albion FC,Fulham FC,2,1,played
2024-25,2025-03-08,Matchday 28,Crystal Palace FC,Ipswich Town FC,1,0,played
2024-25,2025-03-08,Matchday 28,Liverpool FC,Southampton FC,3,1,played
2024-25,2025-03-08,Matchday 28,Nottingham Forest FC,Manchester City FC,1,0,played
2024-25,2025-03-08,Matchday 28,Wolverhampton Wanderers FC,Everton FC,1,1,played
2024-25,2025-03-09,Matchday 28,Chelsea FC,Leicester City FC,1,0,played
2024-25,2025-03-09,Matchday 28,Manchester United FC,Arsenal FC,1,1,played
2024-25,2025-03-09,Matchday 28,Tottenham Hotspur FC,AFC Bournemouth,2,2,played
2024-25,2025-03-10,Matchday 28,West Ham United FC,Newcastle United FC,0,1,played
2024-25,2025-03-15,Matchday 29,AFC Bournemouth,Brentford FC,1,2,played
2024-25,2025-03-15,Matchday 29,Everton FC,West Ham United FC,1,1,played
2024-25,2025-03-15,Matchday 29,Ipswich Town FC,Nottingham Forest FC,2,4,played
2024-25,2025-03-15,Matchday 29,Manchester City FC,Brighton & Hove Albion FC,2,2,played
2024-25,2025-03-15,Matchday 29,Southampton FC,Wolverhampton Wanderers FC,1,2,played
2024-25,2025-03-16,Matchday 29,Arsenal FC,Chelsea FC,1,0,played
2024-25,2025-03-16,Matchday 29,Fulham FC,Tottenham Hotspur FC,2,0,played
2024-25,2025-03-16,Matchday 29,Leicester City FC,Manchester United FC,0,3,played
2024-25,2025-04-01,Matchday 30,Arsenal FC,Fulham FC,2,1,played
2024-25,2025-04-01,Matchday 30,Nottingham Forest FC,Manchester United FC,1,0,played
2024-25,2025-04-01,Matchday 30,Wolverhampton Wanderers FC,West Ham United FC,1,0,played
2024-25,2025-04-02,Matchday 30,AFC Bournemouth,Ipswich Town FC,1,2,played
2024-25,2025-04-02,Matchday 30,Brighton & Hove Albion FC,Aston Villa FC,0,3,played
2024-25,2025-04-02,Matchday 30,Liverpool FC,Everton FC,1,0,played
2024-25,2025-04-02,Matchday 30,Manchester City FC,Leicester City FC,2,0,played
2024-25,2025-04-02,Matchday 30,Newcastle United FC,Brentford FC,2,1,played
2024-25,2025-04-02,Matchday 30,Southampton FC,Crystal Palace FC,1,1,played
2024-25,2025-04-03,Matchday 30,Chelsea FC,Tottenham Hotspur FC,1,0,played
2024-25,2025-04-05,Matchday 31,Aston Villa FC,Nottingham Forest FC,2,1,played
2024-25,2025-04-05,Matchday 31,Crystal Palace FC,Brighton & Hove Albion FC,2,1,played
2024-25,2025-04-05,Matchday 31,Everton FC,Arsenal FC,1,1,played
2024-25,2025-04-05,Matchday 31,Ipswich Town FC,Wolverhampton Wanderers FC,1,2,played
2024-25,2025-04-05,Matchday 31,West Ham United FC,AFC Bournemouth,2,2,played
2024-25,2025-04-06,Matchday 31,Brentford FC,Chelsea FC,0,0,played
2024-25,2025-04-06,Matchday 31,Fulham FC,Liverpool FC,3,2,played
2024-25,2025-04-06,Matchday 31,Manchester United FC,Manchester City FC,0,0,played
2024-25,2025-04-06,Matchday 31,Tottenham Hotspur FC,Southampton FC,3,1,played
2024-25,2025-04-07,Matchday 31,Leicester City FC,Newcastle United FC,0,3,played
2024-25,2025-04-12,Matchday 32,Arsenal FC,Brentford FC,1,1,played
2024-25,2025-04-12,Matchday 32,Brighton & Hove Albion FC,Leicester City FC,2,2,played
2024-25,2025-04-12,Matchday 32,Manchester City FC,Crystal Palace FC,5,2,played
2024-25,2025-04-12,Matchday 32,Nottingham Forest FC,Everton FC,0,1,played
2024-25,2025-04-12,Matchday 32,Southampton FC,Aston Villa FC,0,3,played
2024-25,2025-04-13,Matchday 32,Chelsea FC,Ipswich Town FC,2,2,played
2024-25,2025-04-13,Matchday 32,Liverpool FC,West Ham United FC,2,1,played
2024-25,2025-04-13,Matchday 32,Newcastle United FC,Manchester United FC,4,1,played
2024-25,2025-04-13,Matchday 32,Wolverhampton Wanderers FC,Tottenham Hotspur FC,4,2,played
2024-25,2025-04-14,Matchday 32,AFC Bournemouth,Fulham FC,1,0,played
2024-25,2025-04-16,Matchday 29,Newcastle United FC,Crystal Palace FC,5,0,played
2024-25,2025-04-19,Matchday 33,Aston Villa FC,Newcastle United FC,4,1,played
2024-25,2025-04-19,Matchday 33,Brentford FC,Brighton & Hove Albion FC,4,2,played
2024-25,2025-04-19,Matchday 33,Crystal Palace FC,AFC Bournemouth,0,0,played
2024-25,2025-04-19,Matchday 33,Everton FC,Manchester City FC,0,2,played
2024-25,2025-04-19,Matchday 33,West Ham United FC,Southampton FC,1,1,played
2024-25,2025-04-20,Matchday 33,Fulham FC,Chelsea FC,1,2,played
2024-25,2025-04-20,Matchday 33,Ipswich Town FC,Arsenal FC,0,4,played
2024-25,2025-04-20,Matchday 33,Leicester City FC,Liverpool FC,0,1,played
2024-25,2025-04-20,Matchday 33,Manchester United FC,Wolverhampton Wanderers FC,0,1,played
2024-25,2025-04-21,Matchday 33,Tottenham Hotspur FC,Nottingham Forest FC,1,2,played
2024-25,2025-04-22,Matchday 34,Manchester City FC,Aston Villa FC,2,1,played
2024-25,2025-04-23,Matchday 34,Arsenal FC,Crystal Palace FC,2,2,played
2024-25,2025-04-26,Matchday 34,Brighton & Hove Albion FC,West Ham United FC,3,2,played
2024-25,2025-04-26,Matchday 34,Chelsea FC,Everton FC,1,0,played
2024-25,2025-04-26,Matchday 34,Newcastle United FC,Ipswich Town FC,3,0,played
2024-25,2025-04-26,Matchday 34,Southampton FC,Fulham FC,1,2,played
2024-25,2025-04-26,Matchday 34,Wolverhampton Wanderers FC,Leicester City FC,3,0,played
2024-25,2025-04-27,Matchday 34,AFC Bournemouth,Manchester United FC,1,1,played
2024-25,2025-04-27,Matchday 34,Liverpool FC,Tottenham Hotspur FC,5,1,played
2024-25,2025-05-01,Matchday 34,Nottingham Forest FC,Brentford FC,0,2,played
2024-25,2025-05-02,Matchday 35,Manchester City FC,Wolverhampton Wanderers FC,1,0,played
2024-25,2025-05-03,Matchday 35,Arsenal FC,AFC Bournemouth,1,2,played
2024-25,2025-05-03,Matchday 35,Aston Villa FC,Fulham FC,1,0,played
2024-25,2025-05-03,Matchday 35,Everton FC,Ipswich Town FC,2,2,played
2024-25,2025-05-03,Matchday 35,Leicester City FC,Southampton FC,2,0,played
2024-25,2025-05-04,Matchday 35,Brentford FC,Manchester United FC,4,3,played
2024-25,2025-05-04,Matchday 35,Brighton & Hove Albion FC,Newcastle United FC,1,1,played
2024-25,2025-05-04,Matchday 35,Chelsea FC,Liverpool FC,3,1,played
2024-25,2025-05-04,Matchday 35,West Ham United FC,Tottenham Hotspur FC,1,1,played
2024-25,2025-05-05,Matchday 35,Crystal Palace FC,Nottingham Forest FC,1,1,played
2024-25,2025-05-10,Matchday 36,AFC Bournemouth,Aston Villa FC,0,1,played
2024-25,2025-05-10,Matchday 36,Fulham FC,Everton FC,1,3,played
2024-25,2025-05-10,Matchday 36,Ipswich Town FC,Brentford FC,0,1,played
2024-25,2025-05-10,Matchday 36,Southampton FC,Manchester City FC,0,0,played
2024-25,2025-05-10,Matchday 36,Wolverhampton Wanderers FC,Brighton & Hove Albion FC,0,2,played
2024-25,2025-05-11,Matchday 36,Liverpool FC,Arsenal FC,2,2,played
2024-25,2025-05-11,Matchday 36,Manchester United FC,West Ham United FC,0,2,played
2024-25,2025-05-11,Matchday 36,Newcastle United FC,Chelsea FC,2,0,played
2024-25,2025-05-11,Matchday 36,Nottingham Forest FC,Leicester City FC,2,2,played
2024-25,2025-05-11,Matchday 36,Tottenham Hotspur FC,Crystal Palace FC,0,2,played
2024-25,2025-05-16,Matchday 37,Aston Villa FC,Tottenham Hotspur FC,2,0,played
2024-25,2025-05-16,Matchday 37,Chelsea FC,Manchester United FC,1,0,played
2024-25,2025-05-18,Matchday 37,Arsenal FC,Newcastle United FC,1,0,played
2024-25,2025-05-18,Matchday 37,Brentford FC,Fulham FC,2,3,played
2024-25,2025-05-18,Matchday 37,Everton FC,Southampton FC,2,0,played
2024-25,2025-05-18,Matchday 37,Leicester City FC,Ipswich Town FC,2,0,played
2024-25,2025-05-18,Matchday 37,West Ham United FC,Nottingham Forest FC,1,2,played
2024-25,2025-05-19,Matchday 37,Brighton & Hove Albion FC,Liverpool FC,3,2,played
2024-25,2025-05-20,Matchday 37,Crystal Palace FC,Wolverhampton Wanderers FC,4,2,played
2024-25,2025-05-20,Matchday 37,Manchester City FC,AFC Bournemouth,3,1,played
2024-25,2025-05-25,Matchday 38,AFC Bournemouth,Leicester City FC,2,0,played
2024-25,2025-05-25,Matchday 38,Fulham FC,Manchester City FC,0,2,played
2024-25,2025-05-25,Matchday 38,Ipswich Town FC,West Ham United FC,1,3,played
2024-25,2025-05-25,Matchday 38,Liverpool FC,Crystal Palace FC,1,1,played
2024-25,2025-05-25,Matchday 38,Manchester United FC,Aston Villa FC,2,0,played
2024-25,2025-05-25,Matchday 38,Newcastle United FC,Everton FC,0,1,played
2024-25,2025-05-25,Matchday 38,Nottingham Forest FC,Chelsea FC,0,1,played
2024-25,2025-05-25,Matchday 38,Southampton FC,Arsenal FC,1,2,played
2024-25,2025-05-25,Matchday 38,Tottenham Hotspur FC,Brighton & Hove Albion FC,1,4,played
2024-25,2025-05-25,Matchday 38,Wolverhampton Wanderers FC,Brentford FC,1,1,played
2025-26,2025-08-15,Matchday 1,Liverpool FC,AFC Bournemouth,4,2,played
2025-26,2025-08-16,Matchday 1,Aston Villa FC,Newcastle United FC,0,0,played
2025-26,2025-08-16,Matchday 1,Brighton & Hove Albion FC,Fulham FC,1,1,played
2025-26,2025-08-16,Matchday 1,Sunderland AFC,West Ham United FC,3,0,played
2025-26,2025-08-16,Matchday 1,Tottenham Hotspur FC,Burnley FC,3,0,played
2025-26,2025-08-16,Matchday 1,Wolverhampton Wanderers FC,Manchester City FC,0,4,played
2025-26,2025-08-17,Matchday 1,Chelsea FC,Crystal Palace FC,0,0,played
2025-26,2025-08-17,Matchday 1,Manchester United FC,Arsenal FC,0,1,played
2025-26,2025-08-17,Matchday 1,Nottingham Forest FC,Brentford FC,3,1,played
2025-26,2025-08-18,Matchday 1,Leeds United FC,Everton FC,1,0,played
2025-26,2025-08-22,Matchday 2,West Ham United FC,Chelsea FC,1,5,played
2025-26,2025-08-23,Matchday 2,AFC Bournemouth,Wolverhampton Wanderers FC,1,0,played
2025-26,2025-08-23,Matchday 2,Arsenal FC,Leeds United FC,5,0,played
2025-26,2025-08-23,Matchday 2,Brentford FC,Aston Villa FC,1,0,played
2025-26,2025-08-23,Matchday 2,Burnley FC,Sunderland AFC,2,0,played
2025-26,2025-08-23,Matchday 2,Manchester City FC,Tottenham Hotspur FC,0,2,played
2025-26,2025-08-24,Matchday 2,Crystal Palace FC,Nottingham Forest FC,1,1,played
2025-26,2025-08-24,Matchday 2,Everton FC,Brighton & Hove Albion FC,2,0,played
2025-26,2025-08-24,Matchday 2,Fulham FC,Manchester United FC,1,1,played
2025-26,2025-08-25,Matchday 2,Newcastle United FC,Liverpool FC,2,3,played
2025-26,2025-08-30,Matchday 3,Chelsea FC,Fulham FC,2,0,played
2025-26,2025-08-30,Matchday 3,Leeds United FC,Newcastle United FC,0,0,played
2025-26,2025-08-30,Matchday 3,Manchester United FC,Burnley FC,3,2,played
2025-26,2025-08-30,Matchday 3,Sunderland AFC,Brentford FC,2,1,played
2025-26,2025-08-30,Matchday 3,Tottenham Hotspur FC,AFC Bournemouth,0,1,played
2025-26,2025-08-30,Matchday 3,Wolverhampton Wanderers FC,Everton FC,2,3,played
2025-26,2025-08-31,Matchday 3,Aston Villa FC,Crystal Palace FC,0,3,played
2025-26,2025-08-31,Matchday 3,Brighton & Hove Albion FC,Manchester City FC,2,1,played
2025-26,2025-08-31,Matchday 3,Liverpool FC,Arsenal FC,1,0,played
2025-26,2025-08-31,Matchday 3,Nottingham Forest FC,West Ham United FC,0,3,played
2025-26,2025-09-13,Matchday 4,AFC Bournemouth,Brighton & Hove Albion FC,2,1,played
2025-26,2025-09-13,Matchday 4,Arsenal FC,Nottingham Forest FC,3,0,played
2025-26,2025-09-13,Matchday 4,Brentford FC,Chelsea FC,2,2,played
2025-26,2025-09-13,Matchday 4,Crystal Palace FC,Sunderland AFC,0,0,played
2025-26,2025-09-13,Matchday 4,Everton FC,Aston Villa FC,0,0,played
2025-26,2025-09-13,Matchday 4,Fulham FC,Leeds United FC,1,0,played
2025-26,2025-09-13,Matchday 4,Newcastle United FC,Wolverhampton Wanderers FC,1,0,played
2025-26,2025-09-13,Matchday 4,West Ham United FC,Tottenham Hotspur FC,0,3,played
2025-26,2025-09-14,Matchday 4,Burnley FC,Liverpool FC,0,1,played
2025-26,2025-09-14,Matchday 4,Manchester City FC,Manchester United FC,3,0,played
2025-26,2025-09-20,Matchday 5,Brighton & Hove Albion FC,Tottenham Hotspur FC,2,2,played
2025-26,2025-09-20,Matchday 5,Burnley FC,Nottingham Forest FC,1,1,played
2025-26,2025-09-20,Matchday 5,Fulham FC,Brentford FC,3,1,played
2025-26,2025-09-20,Matchday 5,Liverpool FC,Everton FC,2,1,played
2025-26,2025-09-20,Matchday 5,Manchester United FC,Chelsea FC,2,1,played
2025-26,2025-09-20,Matchday 5,West Ham United FC,Crystal Palace FC,1,2,played
2025-26,2025-09-20,Matchday 5,Wolverhampton Wanderers FC,Leeds United FC,1,3,played
2025-26,2025-09-21,Matchday 5,AFC Bournemouth,Newcastle United FC,0,0,played
2025-26,2025-09-21,Matchday 5,Arsenal FC,Manchester City FC,1,1,played
2025-26,2025-09-21,Matchday 5,Sunderland AFC,Aston Villa FC,1,1,played
2025-26,2025-09-27,Matchday 6,Brentford FC,Manchester United FC,3,1,played
2025-26,2025-09-27,Matchday 6,Chelsea FC,Brighton & Hove Albion FC,1,3,played
2025-26,2025-09-27,Matchday 6,Crystal Palace FC,Liverpool FC,2,1,played
2025-26,2025-09-27,Matchday 6,Leeds United FC,AFC Bournemouth,2,2,played
2025-26,2025-09-27,Matchday 6,Manchester City FC,Burnley FC,5,1,played
2025-26,2025-09-27,Matchday 6,Nottingham Forest FC,Sunderland AFC,0,1,played
2025-26,2025-09-27,Matchday 6,Tottenham Hotspur FC,Wolverhampton Wanderers FC,1,1,played
2025-26,2025-09-28,Matchday 6,Aston Villa FC,Fulham FC,3,1,played
2025-26,2025-09-28,Matchday 6,Newcastle United FC,Arsenal FC,1,2,played
2025-26,2025-09-29,Matchday 6,Everton FC,West Ham United FC,1,1,played
2025-26,2025-10-03,Matchday 7,AFC Bournemouth,Fulham FC,3,1,played
2025-26,2025-10-04,Matchday 7,Arsenal FC,West Ham United FC,2,0,played
2025-26,2025-10-04,Matchday 7,Chelsea FC,Liverpool FC,2,1,played
2025-26,2025-10-04,Matchday 7,Leeds United FC,Tottenham Hotspur FC,1,2,played
2025-26,2025-10-04,Matchday 7,Manchester United FC,Sunderland AFC,2,0,played
2025-26,2025-10-05,Matchday 7,Aston Villa FC,Burnley FC,2,1,played
2025-26,2025-10-05,Matchday 7,Brentford FC,Manchester City FC,0,1,played
2025-26,2025-10-05,Matchday 7,Everton FC,Crystal Palace FC,2,1,played
2025-26,2025-10-05,Matchday 7,Newcastle United FC,Nottingham Forest FC,2,0,played
2025-26,2025-10-05,Matchday 7,Wolverhampton Wanderers FC,Brighton & Hove Albion FC,1,1,played
2025-26,2025-10-18,Matchday 8,Brighton & Hove Albion FC,Newcastle United FC,2,1,played
2025-26,2025-10-18,Matchday 8,Burnley FC,Leeds United FC,2,0,played
2025-26,2025-10-18,Matchday 8,Crystal Palace FC,AFC Bournemouth,3,3,played
2025-26,2025-10-18,Matchday 8,Fulham FC,Arsenal FC,0,1,played
2025-26,2025-10-18,Matchday 8,Manchester City FC,Everton FC,2,0,played
2025-26,2025-10-18,Matchday 8,Nottingham Forest FC,Chelsea FC,0,3,played
2025-26,2025-10-18,Matchday 8,Sunderland AFC,Wolverhampton Wanderers FC,2,0,played
2025-26,2025-10-19,Matchday 8,Liverpool FC,Manchester United FC,1,2,played
2025-26,2025-10-19,Matchday 8,Tottenham Hotspur FC,Aston Villa FC,1,2,played
2025-26,2025-10-20,Matchday 8,West Ham United FC,Brentford FC,0,2,played
2025-26,2025-10-24,Matchday 9,Leeds United FC,West Ham United FC,2,1,played
2025-26,2025-10-25,Matchday 9,Brentford FC,Liverpool FC,3,2,played
2025-26,2025-10-25,Matchday 9,Chelsea FC,Sunderland AFC,1,2,played
2025-26,2025-10-25,Matchday 9,Manchester United FC,Brighton & Hove Albion FC,4,2,played
2025-26,2025-10-25,Matchday 9,Newcastle United FC,Fulham FC,2,1,played
2025-26,2025-10-26,Matchday 9,AFC Bournemouth,Nottingham Forest FC,2,0,played
2025-26,2025-10-26,Matchday 9,Arsenal FC,Crystal Palace FC,1,0,played
2025-26,2025-10-26,Matchday 9,Aston Villa FC,Manchester City FC,1,0,played
2025-26,2025-10-26,Matchday 9,Everton FC,Tottenham Hotspur FC,0,3,played
2025-26,2025-10-26,Matchday 9,Wolverhampton Wanderers FC,Burnley FC,2,3,played
2025-26,2025-11-01,Matchday 10,Brighton & Hove Albion FC,Leeds United FC,3,0,played
2025-26,2025-11-01,Matchday 10,Burnley FC,Arsenal FC,0,2,played
2025-26,2025-11-01,Matchday 10,Crystal Palace FC,Brentford FC,2,0,played
2025-26,2025-11-01,Matchday 10,Fulham FC,Wolverhampton Wanderers FC,3,0,played
2025-26,2025-11-01,Matchday 10,Liverpool FC,Aston Villa FC,2,0,played
2025-26,2025-11-01,Matchday 10,Nottingham Forest FC,Manchester United FC,2,2,played
2025-26,2025-11-01,Matchday 10,Tottenham Hotspur FC,Chelsea FC,0,1,played
2025-26,2025-11-02,Matchday 10,Manchester City FC,AFC Bournemouth,3,1,played
2025-26,2025-11-02,Matchday 10,West Ham United FC,Newcastle United FC,3,1,played
2025-26,2025-11-03,Matchday 10,Sunderland AFC,Everton FC,1,1,played
2025-26,2025-11-08,Matchday 11,Chelsea FC,Wolverhampton Wanderers FC,3,0,played
2025-26,2025-11-08,Matchday 11,Everton FC,Fulham FC,2,0,played
2025-26,2025-11-08,Matchday 11,Sunderland AFC,Arsenal FC,2,2,played
2025-26,2025-11-08,Matchday 11,Tottenham Hotspur FC,Manchester United FC,2,2,played
2025-26,2025-11-08,Matchday 11,West Ham United FC,Burnley FC,3,2,played
2025-26,2025-11-09,Matchday 11,Aston Villa FC,AFC Bournemouth,4,0,played
2025-26,2025-11-09,Matchday 11,Brentford FC,Newcastle United FC,3,1,played
2025-26,2025-11-09,Matchday 11,Crystal Palace FC,Brighton & Hove Albion FC,0,0,played
2025-26,2025-11-09,Matchday 11,Manchester City FC,Liverpool FC,3,0,played
2025-26,2025-11-09,Matchday 11,Nottingham Forest FC,Leeds United FC,3,1,played
2025-26,2025-11-22,Matchday 12,AFC Bournemouth,West Ham United FC,2,2,played
2025-26,2025-11-22,Matchday 12,Brighton & Hove Albion FC,Brentford FC,2,1,played
2025-26,2025-11-22,Matchday 12,Burnley FC,Chelsea FC,0,2,played
2025-26,2025-11-22,Matchday 12,Fulham FC,Sunderland AFC,1,0,played
2025-26,2025-11-22,Matchday 12,Liverpool FC,Nottingham Forest FC,0,3,played
2025-26,2025-11-22,Matchday 12,Newcastle United FC,Manchester City FC,2,1,played
2025-26,2025-11-22,Matchday 12,Wolverhampton Wanderers FC,Crystal Palace FC,0,2,played
2025-26,2025-11-23,Matchday 12,Arsenal FC,Tottenham Hotspur FC,4,1,played
2025-26,2025-11-23,Matchday 12,Leeds United FC,Aston Villa FC,1,2,played
2025-26,2025-11-24,Matchday 12,Manchester United FC,Everton FC,0,1,played
2025-26,2025-11-29,Matchday 13,Brentford FC,Burnley FC,3,1,played
2025-26,2025-11-29,Matchday 13,Everton FC,Newcastle United FC,1,4,played
2025-26,2025-11-29,Matchday 13,Manchester City FC,Leeds United FC,3,2,played
2025-26,2025-11-29,Matchday 13,Sunderland AFC,AFC Bournemouth,3,2,played
2025-26,2025-11-29,Matchday 13,Tottenham Hotspur FC,Fulham FC,1,2,played
2025-26,2025-11-30,Matchday 13,Aston Villa FC,Wolverhampton Wanderers FC,1,0,played
2025-26,2025-11-30,Matchday 13,Chelsea FC,Arsenal FC,1,1,played
2025-26,2025-11-30,Matchday 13,Crystal Palace FC,Manchester United FC,1,2,played
2025-26,2025-11-30,Matchday 13,Nottingham Forest FC,Brighton & Hove Albion FC,0,2,played
2025-26,2025-11-30,Matchday 13,West Ham United FC,Liverpool FC,0,2,played
2025-26,2025-12-02,Matchday 14,AFC Bournemouth,Everton FC,0,1,played
2025-26,2025-12-02,Matchday 14,Fulham FC,Manchester City FC,4,5,played
2025-26,2025-12-02,Matchday 14,Newcastle United FC,Tottenham Hotspur FC,2,2,played
2025-26,2025-12-03,Matchday 14,Arsenal FC,Brentford FC,2,0,played
2025-26,2025-12-03,Matchday 14,Brighton & Hove Albion FC,Aston Villa FC,3,4,played
2025-26,2025-12-03,Matchday 14,Burnley FC,Crystal Palace FC,0,1,played
2025-26,2025-12-03,Matchday 14,Leeds United FC,Chelsea FC,3,1,played
2025-26,2025-12-03,Matchday 14,Liverpool FC,Sunderland AFC,1,1,played
2025-26,2025-12-03,Matchday 14,Wolverhampton Wanderers FC,Nottingham Forest FC,0,1,played
2025-26,2025-12-04,Matchday 14,Manchester United FC,West Ham United FC,1,1,played
2025-26,2025-12-06,Matchday 15,AFC Bournemouth,Chelsea FC,0,0,played
2025-26,2025-12-06,Matchday 15,Aston Villa FC,Arsenal FC,2,1,played
2025-26,2025-12-06,Matchday 15,Everton FC,Nottingham Forest FC,3,0,played
2025-26,2025-12-06,Matchday 15,Leeds United FC,Liverpool FC,3,3,played
2025-26,2025-12-06,Matchday 15,Manchester City FC,Sunderland AFC,3,0,played
2025-26,2025-12-06,Matchday 15,Newcastle United FC,Burnley FC,2,1,played
2025-26,2025-12-06,Matchday 15,Tottenham Hotspur FC,Brentford FC,2,0,played
2025-26,2025-12-07,Matchday 15,Brighton & Hove Albion FC,West Ham United FC,1,1,played
2025-26,2025-12-07,Matchday 15,Fulham FC,Crystal Palace FC,1,2,played
2025-26,2025-12-08,Matchday 15,Wolverhampton Wanderers FC,Manchester United FC,1,4,played
2025-26,2025-12-13,Matchday 16,Arsenal FC,Wolverhampton Wanderers FC,2,1,played
2025-26,2025-12-13,Matchday 16,Burnley FC,Fulham FC,2,3,played
2025-26,2025-12-13,Matchday 16,Chelsea FC,Everton FC,2,0,played
2025-26,2025-12-13,Matchday 16,Liverpool FC,Brighton & Hove Albion FC,2,0,played
2025-26,2025-12-14,Matchday 16,Brentford FC,Leeds United FC,1,1,played
2025-26,2025-12-14,Matchday 16,Crystal Palace FC,Manchester City FC,0,3,played
2025-26,2025-12-14,Matchday 16,Nottingham Forest FC,Tottenham Hotspur FC,3,0,played
2025-26,2025-12-14,Matchday 16,Sunderland AFC,Newcastle United FC,1,0,played
2025-26,2025-12-14,Matchday 16,West Ham United FC,Aston Villa FC,2,3,played
2025-26,2025-12-15,Matchday 16,Manchester United FC,AFC Bournemouth,4,4,played
2025-26,2025-12-20,Matchday 17,AFC Bournemouth,Burnley FC,1,1,played
2025-26,2025-12-20,Matchday 17,Brighton & Hove Albion FC,Sunderland AFC,0,0,played
2025-26,2025-12-20,Matchday 17,Everton FC,Arsenal FC,0,1,played
2025-26,2025-12-20,Matchday 17,Leeds United FC,Crystal Palace FC,4,1,played
2025-26,2025-12-20,Matchday 17,Manchester City FC,West Ham United FC,3,0,played
2025-26,2025-12-20,Matchday 17,Newcastle United FC,Chelsea FC,2,2,played
2025-26,2025-12-20,Matchday 17,Tottenham Hotspur FC,Liverpool FC,1,2,played
2025-26,2025-12-20,Matchday 17,Wolverhampton Wanderers FC,Brentford FC,0,2,played
2025-26,2025-12-21,Matchday 17,Aston Villa FC,Manchester United FC,2,1,played
2025-26,2025-12-22,Matchday 17,Fulham FC,Nottingham Forest FC,1,0,played
2025-26,2025-12-26,Matchday 18,Manchester United FC,Newcastle United FC,1,0,played
2025-26,2025-12-27,Matchday 18,Arsenal FC,Brighton & Hove Albion FC,2,1,played
2025-26,2025-12-27,Matchday 18,Brentford FC,AFC Bournemouth,4,1,played
2025-26,2025-12-27,Matchday 18,Burnley FC,Everton FC,0,0,played
2025-26,2025-12-27,Matchday 18,Chelsea FC,Aston Villa FC,1,2,played
2025-26,2025-12-27,Matchday 18,Liverpool FC,Wolverhampton Wanderers FC,2,1,played
2025-26,2025-12-27,Matchday 18,Nottingham Forest FC,Manchester City FC,1,2,played
2025-26,2025-12-27,Matchday 18,West Ham United FC,Fulham FC,0,1,played
2025-26,2025-12-28,Matchday 18,Crystal Palace FC,Tottenham Hotspur FC,0,1,played
2025-26,2025-12-28,Matchday 18,Sunderland AFC,Leeds United FC,1,1,played
2025-26,2025-12-30,Matchday 19,Arsenal FC,Aston Villa FC,4,1,played
2025-26,2025-12-30,Matchday 19,Burnley FC,Newcastle United FC,1,3,played
2025-26,2025-12-30,Matchday 19,Chelsea FC,AFC Bournemouth,2,2,played
2025-26,2025-12-30,Matchday 19,Manchester United FC,Wolverhampton Wanderers FC,1,1,played
2025-26,2025-12-30,Matchday 19,Nottingham Forest FC,Everton FC,0,2,played
2025-26,2025-12-30,Matchday 19,West Ham United FC,Brighton & Hove Albion FC,2,2,played
2025-26,2026-01-01,Matchday 19,Brentford FC,Tottenham Hotspur FC,0,0,played
2025-26,2026-01-01,Matchday 19,Crystal Palace FC,Fulham FC,1,1,played
2025-26,2026-01-01,Matchday 19,Liverpool FC,Leeds United FC,0,0,played
2025-26,2026-01-01,Matchday 19,Sunderland AFC,Manchester City FC,0,0,played
2025-26,2026-01-03,Matchday 20,AFC Bournemouth,Arsenal FC,2,3,played
2025-26,2026-01-03,Matchday 20,Aston Villa FC,Nottingham Forest FC,3,1,played
2025-26,2026-01-03,Matchday 20,Brighton & Hove Albion FC,Burnley FC,2,0,played
2025-26,2026-01-03,Matchday 20,Wolverhampton Wanderers FC,West Ham United FC,3,0,played
2025-26,2026-01-04,Matchday 20,Everton FC,Brentford FC,2,4,played
2025-26,2026-01-04,Matchday 20,Fulham FC,Liverpool FC,2,2,played
2025-26,2026-01-04,Matchday 20,Leeds United FC,Manchester United FC,1,1,played
2025-26,2026-01-04,Matchday 20,Manchester City FC,Chelsea FC,1,1,played
2025-26,2026-01-04,Matchday 20,Newcastle United FC,Crystal Palace FC,2,0,played
2025-26,2026-01-04,Matchday 20,Tottenham Hotspur FC,Sunderland AFC,1,1,played
2025-26,2026-01-06,Matchday 21,West Ham United FC,Nottingham Forest FC,1,2,played
2025-26,2026-01-07,Matchday 21,AFC Bournemouth,Tottenham Hotspur FC,3,2,played
2025-26,2026-01-07,Matchday 21,Brentford FC,Sunderland AFC,3,0,played
2025-26,2026-01-07,Matchday 21,Burnley FC,Manchester United FC,2,2,played
2025-26,2026-01-07,Matchday 21,Crystal Palace FC,Aston Villa FC,0,0,played
2025-26,2026-01-07,Matchday 21,Everton FC,Wolverhampton Wanderers FC,1,1,played
2025-26,2026-01-07,Matchday 21,Fulham FC,Chelsea FC,2,1,played
2025-26,2026-01-07,Matchday 21,Manchester City FC,Brighton & Hove Albion FC,1,1,played
2025-26,2026-01-07,Matchday 21,Newcastle United FC,Leeds United FC,4,3,played
2025-26,2026-01-08,Matchday 21,Arsenal FC,Liverpool FC,0,0,played
2025-26,2026-01-17,Matchday 22,Chelsea FC,Brentford FC,2,0,played
2025-26,2026-01-17,Matchday 22,Leeds United FC,Fulham FC,1,0,played
2025-26,2026-01-17,Matchday 22,Liverpool FC,Burnley FC,1,1,played
2025-26,2026-01-17,Matchday 22,Manchester United FC,Manchester City FC,2,0,played
2025-26,2026-01-17,Matchday 22,Nottingham Forest FC,Arsenal FC,0,0,played
2025-26,2026-01-17,Matchday 22,Sunderland AFC,Crystal Palace FC,2,1,played
2025-26,2026-01-17,Matchday 22,Tottenham Hotspur FC,West Ham United FC,1,2,played
2025-26,2026-01-18,Matchday 22,Aston Villa FC,Everton FC,0,1,played
2025-26,2026-01-18,Matchday 22,Wolverhampton Wanderers FC,Newcastle United FC,0,0,played
2025-26,2026-01-19,Matchday 22,Brighton & Hove Albion FC,AFC Bournemouth,1,1,played
2025-26,2026-01-24,Matchday 23,AFC Bournemouth,Liverpool FC,3,2,played
2025-26,2026-01-24,Matchday 23,Burnley FC,Tottenham Hotspur FC,2,2,played
2025-26,2026-01-24,Matchday 23,Fulham FC,Brighton & Hove Albion FC,2,1,played
2025-26,2026-01-24,Matchday 23,Manchester City FC,Wolverhampton Wanderers FC,2,0,played
2025-26,2026-01-24,Matchday 23,West Ham United FC,Sunderland AFC,3,1,played
2025-26,2026-01-25,Matchday 23,Arsenal FC,Manchester United FC,2,3,played
2025-26,2026-01-25,Matchday 23,Brentford FC,Nottingham Forest FC,0,2,played
2025-26,2026-01-25,Matchday 23,Crystal Palace FC,Chelsea FC,1,3,played
2025-26,2026-01-25,Matchday 23,Newcastle United FC,Aston Villa FC,0,2,played
2025-26,2026-01-26,Matchday 23,Everton FC,Leeds United FC,1,1,played
2025-26,2026-01-31,Matchday 24,Brighton & Hove Albion FC,Everton FC,1,1,played
2025-26,2026-01-31,Matchday 24,Chelsea FC,West Ham United FC,3,2,played
2025-26,2026-01-31,Matchday 24,Leeds United FC,Arsenal FC,0,4,played
2025-26,2026-01-31,Matchday 24,Liverpool FC,Newcastle United FC,4,1,played
2025-26,2026-01-31,Matchday 24,Wolverhampton Wanderers FC,AFC Bournemouth,0,2,played
2025-26,2026-02-01,Matchday 24,Aston Villa FC,Brentford FC,0,1,played
2025-26,2026-02-01,Matchday 24,Manchester United FC,Fulham FC,3,2,played
2025-26,2026-02-01,Matchday 24,Nottingham Forest FC,Crystal Palace FC,1,1,played
2025-26,2026-02-01,Matchday 24,Tottenham Hotspur FC,Manchester City FC,2,2,played
2025-26,2026-02-02,Matchday 24,Sunderland AFC,Burnley FC,3,0,played
2025-26,2026-02-06,Matchday 25,Leeds United FC,Nottingham Forest FC,3,1,played
2025-26,2026-02-07,Matchday 25,AFC Bournemouth,Aston Villa FC,1,1,played
2025-26,2026-02-07,Matchday 25,Arsenal FC,Sunderland AFC,3,0,played
2025-26,2026-02-07,Matchday 25,Burnley FC,West Ham United FC,0,2,played
2025-26,2026-02-07,Matchday 25,Fulham FC,Everton FC,1,2,played
2025-26,2026-02-07,Matchday 25,Manchester United FC,Tottenham Hotspur FC,2,0,played
2025-26,2026-02-07,Matchday 25,Newcastle United FC,Brentford FC,2,3,played
2025-26,2026-02-07,Matchday 25,Wolverhampton Wanderers FC,Chelsea FC,1,3,played
2025-26,2026-02-08,Matchday 25,Brighton & Hove Albion FC,Crystal Palace FC,0,1,played
2025-26,2026-02-08,Matchday 25,Liverpool FC,Manchester City FC,1,2,played
2025-26,2026-02-10,Matchday 26,Chelsea FC,Leeds United FC,2,2,played
2025-26,2026-02-10,Matchday 26,Everton FC,AFC Bournemouth,1,2,played
2025-26,2026-02-10,Matchday 26,Tottenham Hotspur FC,Newcastle United FC,1,2,played
2025-26,2026-02-10,Matchday 26,West Ham United FC,Manchester United FC,1,1,played
2025-26,2026-02-11,Matchday 26,Aston Villa FC,Brighton & Hove Albion FC,1,0,played
2025-26,2026-02-11,Matchday 26,Crystal Palace FC,Burnley FC,2,3,played
2025-26,2026-02-11,Matchday 26,Manchester City FC,Fulham FC,3,0,played
2025-26,2026-02-11,Matchday 26,Nottingham Forest FC,Wolverhampton Wanderers FC,0,0,played
2025-26,2026-02-11,Matchday 26,Sunderland AFC,Liverpool FC,0,1,played
2025-26,2026-02-12,Matchday 26,Brentford FC,Arsenal FC,1,1,played
2025-26,2026-02-18,Matchday 31,Wolverhampton Wanderers FC,Arsenal FC,2,2,played
2025-26,2026-02-21,Matchday 27,Aston Villa FC,Leeds United FC,1,1,played
2025-26,2026-02-21,Matchday 27,Brentford FC,Brighton & Hove Albion FC,0,2,played
2025-26,2026-02-21,Matchday 27,Chelsea FC,Burnley FC,1,1,played
2025-26,2026-02-21,Matchday 27,Manchester City FC,Newcastle United FC,2,1,played
2025-26,2026-02-21,Matchday 27,West Ham United FC,AFC Bournemouth,0,0,played
2025-26,2026-02-22,Matchday 27,Crystal Palace FC,Wolverhampton Wanderers FC,1,0,played
2025-26,2026-02-22,Matchday 27,Nottingham Forest FC,Liverpool FC,0,1,played
2025-26,2026-02-22,Matchday 27,Sunderland AFC,Fulham FC,1,3,played
2025-26,2026-02-22,Matchday 27,Tottenham Hotspur FC,Arsenal FC,1,4,played
2025-26,2026-02-23,Matchday 27,Everton FC,Manchester United FC,0,1,played
2025-26,2026-02-27,Matchday 28,Wolverhampton Wanderers FC,Aston Villa FC,2,0,played
2025-26,2026-02-28,Matchday 28,AFC Bournemouth,Sunderland AFC,1,1,played
2025-26,2026-02-28,Matchday 28,Burnley FC,Brentford FC,3,4,played
2025-26,2026-02-28,Matchday 28,Leeds United FC,Manchester City FC,0,1,played
2025-26,2026-02-28,Matchday 28,Liverpool FC,West Ham United FC,5,2,played
2025-26,2026-02-28,Matchday 28,Newcastle United FC,Everton FC,2,3,played
2025-26,2026-03-01,Matchday 28,Arsenal FC,Chelsea FC,2,1,played
2025-26,2026-03-01,Matchday 28,Brighton & Hove Albion FC,Nottingham Forest FC,2,1,played
2025-26,2026-03-01,Matchday 28,Fulham FC,Tottenham Hotspur FC,2,1,played
2025-26,2026-03-01,Matchday 28,Manchester United FC,Crystal Palace FC,2,1,played
2025-26,2026-03-03,Matchday 29,AFC Bournemouth,Brentford FC,0,0,played
2025-26,2026-03-03,Matchday 29,Everton FC,Burnley FC,2,0,played
2025-26,2026-03-03,Matchday 29,Leeds United FC,Sunderland AFC,0,1,played
2025-26,2026-03-03,Matchday 29,Wolverhampton Wanderers FC,Liverpool FC,2,1,played
2025-26,2026-03-04,Matchday 29,Aston Villa FC,Chelsea FC,1,4,played
2025-26,2026-03-04,Matchday 29,Brighton & Hove Albion FC,Arsenal FC,0,1,played
2025-26,2026-03-04,Matchday 29,Fulham FC,West Ham United FC,0,1,played
2025-26,2026-03-04,Matchday 29,Manchester City FC,Nottingham Forest FC,2,2,played
2025-26,2026-03-04,Matchday 29,Newcastle United FC,Manchester United FC,2,1,played
2025-26,2026-03-05,Matchday 29,Tottenham Hotspur FC,Crystal Palace FC,1,3,played
2025-26,2026-03-14,Matchday 30,Arsenal FC,Everton FC,2,0,played
2025-26,2026-03-14,Matchday 30,Burnley FC,AFC Bournemouth,0,0,played
2025-26,2026-03-14,Matchday 30,Chelsea FC,Newcastle United FC,0,1,played
2025-26,2026-03-14,Matchday 30,Sunderland AFC,Brighton & Hove Albion FC,0,1,played
2025-26,2026-03-14,Matchday 30,West Ham United FC,Manchester City FC,1,1,played
2025-26,2026-03-15,Matchday 30,Crystal Palace FC,Leeds United FC,0,0,played
2025-26,2026-03-15,Matchday 30,Liverpool FC,Tottenham Hotspur FC,1,1,played
2025-26,2026-03-15,Matchday 30,Manchester United FC,Aston Villa FC,3,1,played
2025-26,2026-03-15,Matchday 30,Nottingham Forest FC,Fulham FC,0,0,played
2025-26,2026-03-16,Matchday 30,Brentford FC,Wolverhampton Wanderers FC,2,2,played
2025-26,2026-03-20,Matchday 31,AFC Bournemouth,Manchester United FC,2,2,played
2025-26,2026-03-21,Matchday 31,Brighton & Hove Albion FC,Liverpool FC,2,1,played
2025-26,2026-03-21,Matchday 31,Everton FC,Chelsea FC,3,0,played
2025-26,2026-03-21,Matchday 31,Fulham FC,Burnley FC,3,1,played
2025-26,2026-03-21,Matchday 31,Leeds United FC,Brentford FC,0,0,played
2025-26,2026-03-22,Matchday 31,Aston Villa FC,West Ham United FC,2,0,played
2025-26,2026-03-22,Matchday 31,Newcastle United FC,Sunderland AFC,1,2,played
2025-26,2026-03-22,Matchday 31,Tottenham Hotspur FC,Nottingham Forest FC,0,3,played
2025-26,2026-04-10,Matchday 32,West Ham United FC,Wolverhampton Wanderers FC,4,0,played
2025-26,2026-04-11,Matchday 32,Arsenal FC,AFC Bournemouth,1,2,played
2025-26,2026-04-11,Matchday 32,Brentford FC,Everton FC,2,2,played
2025-26,2026-04-11,Matchday 32,Burnley FC,Brighton & Hove Albion FC,0,2,played
2025-26,2026-04-11,Matchday 32,Liverpool FC,Fulham FC,2,0,played
2025-26,2026-04-12,Matchday 32,Chelsea FC,Manchester City FC,0,3,played
2025-26,2026-04-12,Matchday 32,Crystal Palace FC,Newcastle United FC,2,1,played
2025-26,2026-04-12,Matchday 32,Nottingham Forest FC,Aston Villa FC,1,1,played
2025-26,2026-04-12,Matchday 32,Sunderland AFC,Tottenham Hotspur FC,1,0,played
2025-26,2026-04-13,Matchday 32,Manchester United FC,Leeds United FC,1,2,played
2025-26,2026-04-18,Matchday 33,Brentford FC,Fulham FC,0,0,played
2025-26,2026-04-18,Matchday 33,Chelsea FC,Manchester United FC,0,1,played
2025-26,2026-04-18,Matchday 33,Leeds United FC,Wolverhampton Wanderers FC,3,0,played
2025-26,2026-04-18,Matchday 33,Newcastle United FC,AFC Bournemouth,1,2,played
2025-26,2026-04-18,Matchday 33,Tottenham Hotspur FC,Brighton & Hove Albion FC,2,2,played
2025-26,2026-04-19,Matchday 33,Aston Villa FC,Sunderland AFC,4,3,played
2025-26,2026-04-19,Matchday 33,Everton FC,Liverpool FC,1,2,played
2025-26,2026-04-19,Matchday 33,Manchester City FC,Arsenal FC,2,1,played
2025-26,2026-04-19,Matchday 33,Nottingham Forest FC,Burnley FC,4,1,played
2025-26,2026-04-20,Matchday 33,Crystal Palace FC,West Ham United FC,0,0,played
2025-26,2026-04-21,Matchday 34,Brighton & Hove Albion FC,Chelsea FC,3,0,played
2025-26,2026-04-22,Matchday 34,AFC Bournemouth,Leeds United FC,2,2,played
2025-26,2026-04-22,Matchday 34,Burnley FC,Manchester City FC,0,1,played
2025-26,2026-04-24,Matchday 34,Sunderland AFC,Nottingham Forest FC,0,5,played
2025-26,2026-04-25,Matchday 34,Arsenal FC,Newcastle United FC,1,0,played
2025-26,2026-04-25,Matchday 34,Fulham FC,Aston Villa FC,1,0,played
2025-26,2026-04-25,Matchday 34,Liverpool FC,Crystal Palace FC,3,1,played
2025-26,2026-04-25,Matchday 34,West Ham United FC,Everton FC,2,1,played
2025-26,2026-04-25,Matchday 34,Wolverhampton Wanderers FC,Tottenham Hotspur FC,0,1,played
2025-26,2026-04-27,Matchday 34,Manchester United FC,Brentford FC,2,1,played
2025-26,2026-05-01,Matchday 35,Leeds United FC,Burnley FC,3,1,played
2025-26,2026-05-02,Matchday 35,Arsenal FC,Fulham FC,3,0,played
2025-26,2026-05-02,Matchday 35,Brentford FC,West Ham United FC,3,0,played
2025-26,2026-05-02,Matchday 35,Newcastle United FC,Brighton & Hove Albion FC,3,1,played
2025-26,2026-05-02,Matchday 35,Wolverhampton Wanderers FC,Sunderland AFC,1,1,played
2025-26,2026-05-03,Matchday 35,AFC Bournemouth,Crystal Palace FC,3,0,played
2025-26,2026-05-03,Matchday 35,Aston Villa FC,Tottenham Hotspur FC,1,2,played
2025-26,2026-05-03,Matchday 35,Manchester United FC,Liverpool FC,3,2,played
2025-26,2026-05-04,Matchday 35,Chelsea FC,Nottingham Forest FC,1,3,played
2025-26,2026-05-04,Matchday 35,Everton FC,Manchester City FC,3,3,played
2025-26,2026-05-09,Matchday 36,Brighton & Hove Albion FC,Wolverhampton Wanderers FC,3,0,played
2025-26,2026-05-09,Matchday 36,Fulham FC,AFC Bournemouth,0,1,played
2025-26,2026-05-09,Matchday 36,Liverpool FC,Chelsea FC,1,1,played
2025-26,2026-05-09,Matchday 36,Manchester City FC,Brentford FC,3,0,played
2025-26,2026-05-09,Matchday 36,Sunderland AFC,Manchester United FC,0,0,played
2025-26,2026-05-10,Matchday 36,Burnley FC,Aston Villa FC,2,2,played
2025-26,2026-05-10,Matchday 36,Crystal Palace FC,Everton FC,2,2,played
2025-26,2026-05-10,Matchday 36,Nottingham Forest FC,Newcastle United FC,1,1,played
2025-26,2026-05-10,Matchday 36,West Ham United FC,Arsenal FC,0,1,played
2025-26,2026-05-11,Matchday 36,Tottenham Hotspur FC,Leeds United FC,1,1,played
2025-26,2026-05-13,Matchday 31,Manchester City FC,Crystal Palace FC,3,0,played
2025-26,2026-05-15,Matchday 37,Aston Villa FC,Liverpool FC,4,2,played
2025-26,2026-05-17,Matchday 37,Brentford FC,Crystal Palace FC,2,2,played
2025-26,2026-05-17,Matchday 37,Everton FC,Sunderland AFC,1,3,played
2025-26,2026-05-17,Matchday 37,Leeds United FC,Brighton & Hove Albion FC,1,0,played
2025-26,2026-05-17,Matchday 37,Manchester United FC,Nottingham Forest FC,3,2,played
2025-26,2026-05-17,Matchday 37,Newcastle United FC,West Ham United FC,3,1,played
2025-26,2026-05-17,Matchday 37,Wolverhampton Wanderers FC,Fulham FC,1,1,played
2025-26,2026-05-18,Matchday 37,Arsenal FC,Burnley FC,1,0,played
2025-26,2026-05-19,Matchday 37,AFC Bournemouth,Manchester City FC,1,1,played
2025-26,2026-05-19,Matchday 37,Chelsea FC,Tottenham Hotspur FC,2,1,played
2025-26,2026-05-24,Matchday 38,Brighton & Hove Albion FC,Manchester United FC,0,3,played
2025-26,2026-05-24,Matchday 38,Burnley FC,Wolverhampton Wanderers FC,1,1,played
2025-26,2026-05-24,Matchday 38,Crystal Palace FC,Arsenal FC,1,2,played
2025-26,2026-05-24,Matchday 38,Fulham FC,Newcastle United FC,2,0,played
2025-26,2026-05-24,Matchday 38,Liverpool FC,Brentford FC,1,1,played
2025-26,2026-05-24,Matchday 38,Manchester City FC,Aston Villa FC,1,2,played
2025-26,2026-05-24,Matchday 38,Nottingham Forest FC,AFC Bournemouth,1,1,played
2025-26,2026-05-24,Matchday 38,Sunderland AFC,Chelsea FC,2,1,played
2025-26,2026-05-24,Matchday 38,Tottenham Hotspur FC,Everton FC,1,0,played
2025-26,2026-05-24,Matchday 38,West Ham United FC,Leeds United FC,3,0,played
2026-27,2026-08-21,Matchday 1,Arsenal FC,Coventry City FC,3,0,played
2026-27,2026-08-22,Matchday 1,Brentford FC,Tottenham Hotspur FC,3,0,played
2026-27,2026-08-22,Matchday 1,Everton FC,Crystal Palace FC,2,0,played
2026-27,2026-08-22,Matchday 1,Hull City AFC,Manchester United FC,2,0,played
2026-27,2026-08-22,Matchday 1,Ipswich Town FC,Sunderland AFC,2,1,played
2026-27,2026-08-22,Matchday 1,Nottingham Forest FC,Leeds United FC,0,1,played
2026-27,2026-08-23,Matchday 1,Brighton & Hove Albion FC,Aston Villa FC,4,0,played
2026-27,2026-08-23,Matchday 1,Manchester City FC,AFC Bournemouth,2,1,played
2026-27,2026-08-23,Matchday 1,Newcastle United FC,Liverpool FC,2,2,played
2026-27,2026-08-24,Matchday 1,Fulham FC,Chelsea FC,2,3,played
2026-27,2026-08-28,Matchday 2,Crystal Palace FC,Manchester City FC,1,4,played
2026-27,2026-08-29,Matchday 2,AFC Bournemouth,Everton FC,1,1,played
2026-27,2026-08-29,Matchday 2,Coventry City FC,Hull City AFC,0,1,played
2026-27,2026-08-29,Matchday 2,Liverpool FC,Nottingham Forest FC,2,2,played
2026-27,2026-08-29,Matchday 2,Tottenham Hotspur FC,Newcastle United FC,0,2,played
2026-27,2026-08-30,Matchday 2,Chelsea FC,Brighton & Hove Albion FC,4,3,played
2026-27,2026-08-30,Matchday 2,Leeds United FC,Brentford FC,1,1,played
2026-27,2026-08-30,Matchday 2,Manchester United FC,Ipswich Town FC,5,2,played
2026-27,2026-08-30,Matchday 2,Sunderland AFC,Fulham FC,1,0,played
2026-27,2026-08-31,Matchday 2,Aston Villa FC,Arsenal FC,0,1,played
2026-27,2026-09-04,Matchday 3,Ipswich Town FC,Liverpool FC,0,2,played
2026-27,2026-09-05,Matchday 3,Brentford FC,Sunderland AFC,1,1,played
2026-27,2026-09-05,Matchday 3,Brighton & Hove Albion FC,Leeds United FC,1,1,played
2026-27,2026-09-05,Matchday 3,Fulham FC,Crystal Palace FC,2,3,played
2026-27,2026-09-05,Matchday 3,Hull City AFC,Aston Villa FC,0,0,played
2026-27,2026-09-05,Matchday 3,Manchester City FC,Coventry City FC,1,0,played
2026-27,2026-09-05,Matchday 3,Newcastle United FC,AFC Bournemouth,2,2,played
2026-27,2026-09-05,Matchday 3,Nottingham Forest FC,Tottenham Hotspur FC,0,0,played
2026-27,2026-09-06,Matchday 3,Arsenal FC,Chelsea FC,2,1,played
2026-27,2026-09-06,Matchday 3,Everton FC,Manchester United FC,2,2,played
2026-27,2026-09-12,Matchday 4,AFC Bournemouth,Brentford FC,2,2,played
2026-27,2026-09-12,Matchday 4,Aston Villa FC,Nottingham Forest FC,1,2,played
2026-27,2026-09-12,Matchday 4,Chelsea FC,Hull City AFC,2,2,played
2026-27,2026-09-12,Matchday 4,Crystal Palace FC,Ipswich Town FC,2,3,played
2026-27,2026-09-12,Matchday 4,Liverpool FC,Fulham FC,0,0,played
2026-27,2026-09-12,Matchday 4,Sunderland AFC,Arsenal FC,0,2,played
2026-27,2026-09-12,Matchday 4,Tottenham Hotspur FC,Everton FC,0,0,played
2026-27,2026-09-13,Matchday 4,Coventry City FC,Brighton & Hove Albion FC,0,5,played
2026-27,2026-09-13,Matchday 4,Manchester United FC,Manchester City FC,0,1,played
2026-27,2026-09-14,Matchday 4,Leeds United FC,Newcastle United FC,4,1,played
2026-27,2026-09-18,Matchday 5,Brentford FC,Chelsea FC,,,scheduled
2026-27,2026-09-19,Matchday 5,Brighton & Hove Albion FC,Arsenal FC,,,scheduled
2026-27,2026-09-19,Matchday 5,Everton FC,Ipswich Town FC,,,scheduled
2026-27,2026-09-19,Matchday 5,Newcastle United FC,Hull City AFC,,,scheduled
2026-27,2026-09-19,Matchday 5,Nottingham Forest FC,Coventry City FC,,,scheduled
2026-27,2026-09-19,Matchday 5,Tottenham Hotspur FC,Aston Villa FC,,,scheduled
2026-27,2026-09-20,Matchday 5,AFC Bournemouth,Liverpool FC,,,scheduled
2026-27,2026-09-20,Matchday 5,Fulham FC,Manchester United FC,,,scheduled
2026-27,2026-09-20,Matchday 5,Leeds United FC,Crystal Palace FC,,,scheduled
2026-27,2026-09-20,Matchday 5,Manchester City FC,Sunderland AFC,,,scheduled
2026-27,2026-10-10,Matchday 6,Arsenal FC,Leeds United FC,,,scheduled
2026-27,2026-10-10,Matchday 6,Aston Villa FC,Brentford FC,,,scheduled
2026-27,2026-10-10,Matchday 6,Chelsea FC,AFC Bournemouth,,,scheduled
2026-27,2026-10-10,Matchday 6,Ipswich Town FC,Fulham FC,,,scheduled
2026-27,2026-10-10,Matchday 6,Manchester United FC,Tottenham Hotspur FC,,,scheduled
2026-27,2026-10-10,Matchday 6,Sunderland AFC,Brighton & Hove Albion FC,,,scheduled
2026-27,2026-10-11,Matchday 6,Crystal Palace FC,Nottingham Forest FC,,,scheduled
2026-27,2026-10-11,Matchday 6,Hull City AFC,Everton FC,,,scheduled
2026-27,2026-10-11,Matchday 6,Liverpool FC,Manchester City FC,,,scheduled
2026-27,2026-10-12,Matchday 6,Coventry City FC,Newcastle United FC,,,scheduled
2026-27,2026-10-17,Matchday 7,Brentford FC,Liverpool FC,,,scheduled
2026-27,2026-10-17,Matchday 7,Everton FC,Chelsea FC,,,scheduled
2026-27,2026-10-17,Matchday 7,Fulham FC,Hull City AFC,,,scheduled
2026-27,2026-10-17,Matchday 7,Manchester City FC,Ipswich Town FC,,,scheduled
2026-27,2026-10-17,Matchday 7,Newcastle United FC,Aston Villa FC,,,scheduled
2026-27,2026-10-18,Matchday 7,AFC Bournemouth,Sunderland AFC,,,scheduled
2026-27,2026-10-18,Matchday 7,Brighton & Hove Albion FC,Crystal Palace FC,,,scheduled
2026-27,2026-10-18,Matchday 7,Leeds United FC,Manchester United FC,,,scheduled
2026-27,2026-10-18,Matchday 7,Nottingham Forest FC,Arsenal FC,,,scheduled
2026-27,2026-10-19,Matchday 7,Tottenham Hotspur FC,Coventry City FC,,,scheduled
2026-27,2026-10-23,Matchday 8,Ipswich Town FC,Nottingham Forest FC,,,scheduled
2026-27,2026-10-24,Matchday 8,Arsenal FC,Everton FC,,,scheduled
2026-27,2026-10-24,Matchday 8,Aston Villa FC,Manchester City FC,,,scheduled
2026-27,2026-10-24,Matchday 8,Chelsea FC,Tottenham Hotspur FC,,,scheduled
2026-27,2026-10-24,Matchday 8,Coventry City FC,Fulham FC,,,scheduled
2026-27,2026-10-25,Matchday 8,Crystal Palace FC,Newcastle United FC,,,scheduled
2026-27,2026-10-25,Matchday 8,Hull City AFC,Brentford FC,,,scheduled
2026-27,2026-10-25,Matchday 8,Liverpool FC,Brighton & Hove Albion FC,,,scheduled
2026-27,2026-10-25,Matchday 8,Manchester United FC,AFC Bournemouth,,,scheduled
2026-27,2026-10-25,Matchday 8,Sunderland AFC,Leeds United FC,,,scheduled
2026-27,2026-10-31,Matchday 9,AFC Bournemouth,Leeds United FC,,,scheduled
2026-27,2026-10-31,Matchday 9,Aston Villa FC,Fulham FC,,,scheduled
2026-27,2026-10-31,Matchday 9,Brentford FC,Nottingham Forest FC,,,scheduled
2026-27,2026-10-31,Matchday 9,Chelsea FC,Manchester United FC,,,scheduled
2026-27,2026-10-31,Matchday 9,Coventry City FC,Sunderland AFC,,,scheduled
2026-27,2026-10-31,Matchday 9,Hull City AFC,Ipswich Town FC,,,scheduled
2026-27,2026-10-31,Matchday 9,Manchester City FC,Brighton & Hove Albion FC,,,scheduled
2026-27,2026-10-31,Matchday 9,Tottenham Hotspur FC,Crystal Palace FC,,,scheduled
2026-27,2026-11-01,Matchday 9,Liverpool FC,Arsenal FC,,,scheduled
2026-27,2026-11-02,Matchday 9,Newcastle United FC,Everton FC,,,scheduled
2026-27,2026-11-07,Matchday 10,Arsenal FC,Hull City AFC,,,scheduled
2026-27,2026-11-07,Matchday 10,Brighton & Hove Albion FC,Brentford FC,,,scheduled
2026-27,2026-11-07,Matchday 10,Crystal Palace FC,Liverpool FC,,,scheduled
2026-27,2026-11-07,Matchday 10,Everton FC,Coventry City FC,,,scheduled
2026-27,2026-11-07,Matchday 10,Fulham FC,Newcastle United FC,,,scheduled
2026-27,2026-11-07,Matchday 10,Ipswich Town FC,AFC Bournemouth,,,scheduled
2026-27,2026-11-07,Matchday 10,Leeds United FC,Tottenham Hotspur FC,,,scheduled
2026-27,2026-11-07,Matchday 10,Manchester United FC,Aston Villa FC,,,scheduled
2026-27,2026-11-07,Matchday 10,Nottingham Forest FC,Manchester City FC,,,scheduled
2026-27,2026-11-07,Matchday 10,Sunderland AFC,Chelsea FC,,,scheduled
2026-27,2026-11-21,Matchday 11,AFC Bournemouth,Nottingham Forest FC,,,scheduled
2026-27,2026-11-21,Matchday 11,Aston Villa FC,Sunderland AFC,,,scheduled
2026-27,2026-11-21,Matchday 11,Brentford FC,Everton FC,,,scheduled
2026-27,2026-11-21,Matchday 11,Chelsea FC,Leeds United FC,,,scheduled
2026-27,2026-11-21,Matchday 11,Coventry City FC,Crystal Palace FC,,,scheduled
2026-27,2026-11-21,Matchday 11,Hull City AFC,Brighton & Hove Albion FC,,,scheduled
2026-27,2026-11-21,Matchday 11,Liverpool FC,Manchester United FC,,,scheduled
2026-27,2026-11-21,Matchday 11,Manchester City FC,Fulham FC,,,scheduled
2026-27,2026-11-21,Matchday 11,Newcastle United FC,Arsenal FC,,,scheduled
2026-27,2026-11-21,Matchday 11,Tottenham Hotspur FC,Ipswich Town FC,,,scheduled
2026-27,2026-11-28,Matchday 12,Arsenal FC,Manchester City FC,,,scheduled
2026-27,2026-11-28,Matchday 12,Brighton & Hove Albion FC,Newcastle United FC,,,scheduled
2026-27,2026-11-28,Matchday 12,Crystal Palace FC,Hull City AFC,,,scheduled
2026-27,2026-11-28,Matchday 12,Everton FC,Liverpool FC,,,scheduled
2026-27,2026-11-28,Matchday 12,Fulham FC,AFC Bournemouth,,,scheduled
2026-27,2026-11-28,Matchday 12,Ipswich Town FC,Aston Villa FC,,,scheduled
2026-27,2026-11-28,Matchday 12,Leeds United FC,Coventry City FC,,,scheduled
2026-27,2026-11-28,Matchday 12,Manchester United FC,Brentford FC,,,scheduled
2026-27,2026-11-28,Matchday 12,Nottingham Forest FC,Chelsea FC,,,scheduled
2026-27,2026-11-28,Matchday 12,Sunderland AFC,Tottenham Hotspur FC,,,scheduled
2026-27,2026-12-02,Matchday 13,AFC Bournemouth,Brighton & Hove Albion FC,,,scheduled
2026-27,2026-12-02,Matchday 13,Aston Villa FC,Everton FC,,,scheduled
2026-27,2026-12-02,Matchday 13,Brentford FC,Arsenal FC,,,scheduled
2026-27,2026-12-02,Matchday 13,Chelsea FC,Crystal Palace FC,,,scheduled
2026-27,2026-12-02,Matchday 13,Coventry City FC,Ipswich Town FC,,,scheduled
2026-27,2026-12-02,Matchday 13,Hull City AFC,Nottingham Forest FC,,,scheduled
2026-27,2026-12-02,Matchday 13,Liverpool FC,Sunderland AFC,,,scheduled
2026-27,2026-12-02,Matchday 13,Manchester City FC,Leeds United FC,,,scheduled
2026-27,2026-12-02,Matchday 13,Newcastle United FC,Manchester United FC,,,scheduled
2026-27,2026-12-02,Matchday 13,Tottenham Hotspur FC,Fulham FC,,,scheduled
2026-27,2026-12-05,Matchday 14,AFC Bournemouth,Hull City AFC,,,scheduled
2026-27,2026-12-05,Matchday 14,Aston Villa FC,Crystal Palace FC,,,scheduled
2026-27,2026-12-05,Matchday 14,Brentford FC,Manchester City FC,,,scheduled
2026-27,2026-12-05,Matchday 14,Chelsea FC,Liverpool FC,,,scheduled
2026-27,2026-12-05,Matchday 14,Everton FC,Fulham FC,,,scheduled
2026-27,2026-12-05,Matchday 14,Leeds United FC,Ipswich Town FC,,,scheduled
2026-27,2026-12-05,Matchday 14,Manchester United FC,Coventry City FC,,,scheduled
2026-27,2026-12-05,Matchday 14,Newcastle United FC,Sunderland AFC,,,scheduled
2026-27,2026-12-05,Matchday 14,Nottingham Forest FC,Brighton & Hove Albion FC,,,scheduled
2026-27,2026-12-05,Matchday 14,Tottenham Hotspur FC,Arsenal FC,,,scheduled
2026-27,2026-12-12,Matchday 15,Arsenal FC,AFC Bournemouth,,,scheduled
2026-27,2026-12-12,Matchday 15,Brighton & Hove Albion FC,Everton FC,,,scheduled
2026-27,2026-12-12,Matchday 15,Coventry City FC,Aston Villa FC,,,scheduled
2026-27,2026-12-12,Matchday 15,Crystal Palace FC,Manchester United FC,,,scheduled
2026-27,2026-12-12,Matchday 15,Fulham FC,Brentford FC,,,scheduled
2026-27,2026-12-12,Matchday 15,Hull City AFC,Tottenham Hotspur FC,,,scheduled
2026-27,2026-12-12,Matchday 15,Ipswich Town FC,Newcastle United FC,,,scheduled
2026-27,2026-12-12,Matchday 15,Liverpool FC,Leeds United FC,,,scheduled
2026-27,2026-12-12,Matchday 15,Manchester City FC,Chelsea FC,,,scheduled
2026-27,2026-12-12,Matchday 15,Sunderland AFC,Nottingham Forest FC,,,scheduled
2026-27,2026-12-19,Matchday 16,AFC Bournemouth,Coventry City FC,,,scheduled
2026-27,2026-12-19,Matchday 16,Arsenal FC,Manchester United FC,,,scheduled
2026-27,2026-12-19,Matchday 16,Brentford FC,Newcastle United FC,,,scheduled
2026-27,2026-12-19,Matchday 16,Brighton & Hove Albion FC,Ipswich Town FC,,,scheduled
2026-27,2026-12-19,Matchday 16,Chelsea FC,Aston Villa FC,,,scheduled
2026-27,2026-12-19,Matchday 16,Leeds United FC,Fulham FC,,,scheduled
2026-27,2026-12-19,Matchday 16,Liverpool FC,Tottenham Hotspur FC,,,scheduled
2026-27,2026-12-19,Matchday 16,Manchester City FC,Hull City AFC,,,scheduled
2026-27,2026-12-19,Matchday 16,Nottingham Forest FC,Everton FC,,,scheduled
2026-27,2026-12-19,Matchday 16,Sunderland AFC,Crystal Palace FC,,,scheduled
2026-27,2026-12-26,Matchday 17,Aston Villa FC,Leeds United FC,,,scheduled
2026-27,2026-12-26,Matchday 17,Everton FC,Sunderland AFC,,,scheduled
2026-27,2026-12-26,Matchday 17,Fulham FC,Brighton & Hove Albion FC,,,scheduled
2026-27,2026-12-26,Matchday 17,Hull City AFC,Liverpool FC,,,scheduled
2026-27,2026-12-26,Matchday 17,Ipswich Town FC,Brentford FC,,,scheduled
2026-27,2026-12-26,Matchday 17,Newcastle United FC,Manchester City FC,,,scheduled
2026-27,2026-12-26,Matchday 17,Tottenham Hotspur FC,AFC Bournemouth,,,scheduled
2026-27,2026-12-27,Matchday 17,Coventry City FC,Chelsea FC,,,scheduled
2026-27,2026-12-27,Matchday 17,Crystal Palace FC,Arsenal FC,,,scheduled
2026-27,2026-12-27,Matchday 17,Manchester United FC,Nottingham Forest FC,,,scheduled
2026-27,2026-12-29,Matchday 18,Everton FC,Manchester City FC,,,scheduled
2026-27,2026-12-29,Matchday 18,Hull City AFC,Leeds United FC,,,scheduled
2026-27,2026-12-29,Matchday 18,Tottenham Hotspur FC,Brighton & Hove Albion FC,,,scheduled
2026-27,2026-12-30,Matchday 18,Aston Villa FC,Liverpool FC,,,scheduled
2026-27,2026-12-30,Matchday 18,Coventry City FC,Brentford FC,,,scheduled
2026-27,2026-12-30,Matchday 18,Crystal Palace FC,AFC Bournemouth,,,scheduled
2026-27,2026-12-30,Matchday 18,Fulham FC,Arsenal FC,,,scheduled
2026-27,2026-12-30,Matchday 18,Ipswich Town FC,Chelsea FC,,,scheduled
2026-27,2026-12-30,Matchday 18,Manchester United FC,Sunderland AFC,,,scheduled
2026-27,2026-12-30,Matchday 18,Newcastle United FC,Nottingham Forest FC,,,scheduled
2026-27,2027-01-01,Matchday 19,Leeds United FC,Everton FC,,,scheduled
2026-27,2027-01-02,Matchday 19,AFC Bournemouth,Aston Villa FC,,,scheduled
2026-27,2027-01-02,Matchday 19,Arsenal FC,Ipswich Town FC,,,scheduled
2026-27,2027-01-02,Matchday 19,Brentford FC,Crystal Palace FC,,,scheduled
2026-27,2027-01-02,Matchday 19,Brighton & Hove Albion FC,Manchester United FC,,,scheduled
2026-27,2027-01-02,Matchday 19,Liverpool FC,Coventry City FC,,,scheduled
2026-27,2027-01-02,Matchday 19,Nottingham Forest FC,Fulham FC,,,scheduled
2026-27,2027-01-02,Matchday 19,Sunderland AFC,Hull City AFC,,,scheduled
2026-27,2027-01-03,Matchday 19,Chelsea FC,Newcastle United FC,,,scheduled
2026-27,2027-01-03,Matchday 19,Manchester City FC,Tottenham Hotspur FC,,,scheduled
2026-27,2027-01-05,Matchday 20,Arsenal FC,Brentford FC,,,scheduled
2026-27,2027-01-05,Matchday 20,Brighton & Hove Albion FC,AFC Bournemouth,,,scheduled
2026-27,2027-01-05,Matchday 20,Everton FC,Aston Villa FC,,,scheduled
2026-27,2027-01-05,Matchday 20,Nottingham Forest FC,Hull City AFC,,,scheduled
2026-27,2027-01-05,Matchday 20,Sunderland AFC,Liverpool FC,,,scheduled
2026-27,2027-01-06,Matchday 20,Crystal Palace FC,Chelsea FC,,,scheduled
2026-27,2027-01-06,Matchday 20,Fulham FC,Tottenham Hotspur FC,,,scheduled
2026-27,2027-01-06,Matchday 20,Ipswich Town FC,Coventry City FC,,,scheduled
2026-27,2027-01-06,Matchday 20,Leeds United FC,Manchester City FC,,,scheduled
2026-27,2027-01-07,Matchday 20,Manchester United FC,Newcastle United FC,,,scheduled
2026-27,2027-01-16,Matchday 21,AFC Bournemouth,Ipswich Town FC,,,scheduled
2026-27,2027-01-16,Matchday 21,Aston Villa FC,Manchester United FC,,,scheduled
2026-27,2027-01-16,Matchday 21,Brentford FC,Brighton & Hove Albion FC,,,scheduled
2026-27,2027-01-16,Matchday 21,Chelsea FC,Sunderland AFC,,,scheduled
2026-27,2027-01-16,Matchday 21,Coventry City FC,Everton FC,,,scheduled
2026-27,2027-01-16,Matchday 21,Hull City AFC,Arsenal FC,,,scheduled
2026-27,2027-01-16,Matchday 21,Liverpool FC,Crystal Palace FC,,,scheduled
2026-27,2027-01-16,Matchday 21,Manchester City FC,Nottingham Forest FC,,,scheduled
2026-27,2027-01-16,Matchday 21,Newcastle United FC,Fulham FC,,,scheduled
2026-27,2027-01-16,Matchday 21,Tottenham Hotspur FC,Leeds United FC,,,scheduled
2026-27,2027-01-23,Matchday 22,Arsenal FC,Newcastle United FC,,,scheduled
2026-27,2027-01-23,Matchday 22,Brighton & Hove Albion FC,Manchester City FC,,,scheduled
2026-27,2027-01-23,Matchday 22,Crystal Palace FC,Tottenham Hotspur FC,,,scheduled
2026-27,2027-01-23,Matchday 22,Everton FC,Brentford FC,,,scheduled
2026-27,2027-01-23,Matchday 22,Fulham FC,Aston Villa FC,,,scheduled
2026-27,2027-01-23,Matchday 22,Ipswich Town FC,Hull City AFC,,,scheduled
2026-27,2027-01-23,Matchday 22,Leeds United FC,Chelsea FC,,,scheduled
2026-27,2027-01-23,Matchday 22,Manchester United FC,Liverpool FC,,,scheduled
2026-27,2027-01-23,Matchday 22,Nottingham Forest FC,AFC Bournemouth,,,scheduled
2026-27,2027-01-23,Matchday 22,Sunderland AFC,Coventry City FC,,,scheduled
2026-27,2027-01-30,Matchday 23,AFC Bournemouth,Fulham FC,,,scheduled
2026-27,2027-01-30,Matchday 23,Aston Villa FC,Ipswich Town FC,,,scheduled
2026-27,2027-01-30,Matchday 23,Brentford FC,Manchester United FC,,,scheduled
2026-27,2027-01-30,Matchday 23,Chelsea FC,Nottingham Forest FC,,,scheduled
2026-27,2027-01-30,Matchday 23,Coventry City FC,Leeds United FC,,,scheduled
2026-27,2027-01-30,Matchday 23,Hull City AFC,Crystal Palace FC,,,scheduled
2026-27,2027-01-30,Matchday 23,Liverpool FC,Everton FC,,,scheduled
2026-27,2027-01-30,Matchday 23,Manchester City FC,Arsenal FC,,,scheduled
2026-27,2027-01-30,Matchday 23,Newcastle United FC,Brighton & Hove Albion FC,,,scheduled
2026-27,2027-01-30,Matchday 23,Tottenham Hotspur FC,Sunderland AFC,,,scheduled
2026-27,2027-02-06,Matchday 24,Arsenal FC,Liverpool FC,,,scheduled
2026-27,2027-02-06,Matchday 24,Brighton & Hove Albion FC,Hull City AFC,,,scheduled
2026-27,2027-02-06,Matchday 24,Crystal Palace FC,Coventry City FC,,,scheduled
2026-27,2027-02-06,Matchday 24,Everton FC,Newcastle United FC,,,scheduled
2026-27,2027-02-06,Matchday 24,Fulham FC,Manchester City FC,,,scheduled
2026-27,2027-02-06,Matchday 24,Ipswich Town FC,Tottenham Hotspur FC,,,scheduled
2026-27,2027-02-06,Matchday 24,Leeds United FC,AFC Bournemouth,,,scheduled
2026-27,2027-02-06,Matchday 24,Manchester United FC,Chelsea FC,,,scheduled
2026-27,2027-02-06,Matchday 24,Nottingham Forest FC,Brentford FC,,,scheduled
2026-27,2027-02-06,Matchday 24,Sunderland AFC,Aston Villa FC,,,scheduled
2026-27,2027-02-10,Matchday 25,Aston Villa FC,AFC Bournemouth,,,scheduled
2026-27,2027-02-10,Matchday 25,Coventry City FC,Liverpool FC,,,scheduled
2026-27,2027-02-10,Matchday 25,Crystal Palace FC,Brentford FC,,,scheduled
2026-27,2027-02-10,Matchday 25,Everton FC,Leeds United FC,,,scheduled
2026-27,2027-02-10,Matchday 25,Fulham FC,Nottingham Forest FC,,,scheduled
2026-27,2027-02-10,Matchday 25,Hull City AFC,Sunderland AFC,,,scheduled
2026-27,2027-02-10,Matchday 25,Ipswich Town FC,Arsenal FC,,,scheduled
2026-27,2027-02-10,Matchday 25,Manchester United FC,Brighton & Hove Albion FC,,,scheduled
2026-27,2027-02-10,Matchday 25,Newcastle United FC,Chelsea FC,,,scheduled
2026-27,2027-02-10,Matchday 25,Tottenham Hotspur FC,Manchester City FC,,,scheduled
2026-27,2027-02-20,Matchday 26,AFC Bournemouth,Crystal Palace FC,,,scheduled
2026-27,2027-02-20,Matchday 26,Arsenal FC,Fulham FC,,,scheduled
2026-27,2027-02-20,Matchday 26,Brentford FC,Coventry City FC,,,scheduled
2026-27,2027-02-20,Matchday 26,Brighton & Hove Albion FC,Tottenham Hotspur FC,,,scheduled
2026-27,2027-02-20,Matchday 26,Chelsea FC,Ipswich Town FC,,,scheduled
2026-27,2027-02-20,Matchday 26,Leeds United FC,Aston Villa FC,,,scheduled
2026-27,2027-02-20,Matchday 26,Liverpool FC,Hull City AFC,,,scheduled
2026-27,2027-02-20,Matchday 26,Manchester City FC,Newcastle United FC,,,scheduled
2026-27,2027-02-20,Matchday 26,Nottingham Forest FC,Manchester United FC,,,scheduled
2026-27,2027-02-20,Matchday 26,Sunderland AFC,Everton FC,,,scheduled
2026-27,2027-02-27,Matchday 27,Aston Villa FC,Chelsea FC,,,scheduled
2026-27,2027-02-27,Matchday 27,Coventry City FC,AFC Bournemouth,,,scheduled
2026-27,2027-02-27,Matchday 27,Crystal Palace FC,Sunderland AFC,,,scheduled
2026-27,2027-02-27,Matchday 27,Everton FC,Nottingham Forest FC,,,scheduled
2026-27,2027-02-27,Matchday 27,Fulham FC,Leeds United FC,,,scheduled
2026-27,2027-02-27,Matchday 27,Hull City AFC,Manchester City FC,,,scheduled
2026-27,2027-02-27,Matchday 27,Ipswich Town FC,Brighton & Hove Albion FC,,,scheduled
2026-27,2027-02-27,Matchday 27,Manchester United FC,Arsenal FC,,,scheduled
2026-27,2027-02-27,Matchday 27,Newcastle United FC,Brentford FC,,,scheduled
2026-27,2027-02-27,Matchday 27,Tottenham Hotspur FC,Liverpool FC,,,scheduled
2026-27,2027-03-03,Matchday 28,AFC Bournemouth,Tottenham Hotspur FC,,,scheduled
2026-27,2027-03-03,Matchday 28,Arsenal FC,Crystal Palace FC,,,scheduled
2026-27,2027-03-03,Matchday 28,Brentford FC,Ipswich Town FC,,,scheduled
2026-27,2027-03-03,Matchday 28,Brighton & Hove Albion FC,Fulham FC,,,scheduled
2026-27,2027-03-03,Matchday 28,Chelsea FC,Coventry City FC,,,scheduled
2026-27,2027-03-03,Matchday 28,Leeds United FC,Hull City AFC,,,scheduled
2026-27,2027-03-03,Matchday 28,Liverpool FC,Aston Villa FC,,,scheduled
2026-27,2027-03-03,Matchday 28,Manchester City FC,Everton FC,,,scheduled
2026-27,2027-03-03,Matchday 28,Nottingham Forest FC,Newcastle United FC,,,scheduled
2026-27,2027-03-03,Matchday 28,Sunderland AFC,Manchester United FC,,,scheduled
2026-27,2027-03-13,Matchday 29,AFC Bournemouth,Newcastle United FC,,,scheduled
2026-27,2027-03-13,Matchday 29,Aston Villa FC,Hull City AFC,,,scheduled
2026-27,2027-03-13,Matchday 29,Chelsea FC,Arsenal FC,,,scheduled
2026-27,2027-03-13,Matchday 29,Coventry City FC,Manchester City FC,,,scheduled
2026-27,2027-03-13,Matchday 29,Crystal Palace FC,Fulham FC,,,scheduled
2026-27,2027-03-13,Matchday 29,Leeds United FC,Brighton & Hove Albion FC,,,scheduled
2026-27,2027-03-13,Matchday 29,Liverpool FC,Ipswich Town FC,,,scheduled
2026-27,2027-03-13,Matchday 29,Manchester United FC,Everton FC,,,scheduled
2026-27,2027-03-13,Matchday 29,Sunderland AFC,Brentford FC,,,scheduled
2026-27,2027-03-13,Matchday 29,Tottenham Hotspur FC,Nottingham Forest FC,,,scheduled
2026-27,2027-03-20,Matchday 30,Arsenal FC,Sunderland AFC,,,scheduled
2026-27,2027-03-20,Matchday 30,Brentford FC,AFC Bournemouth,,,scheduled
2026-27,2027-03-20,Matchday 30,Brighton & Hove Albion FC,Coventry City FC,,,scheduled
2026-27,2027-03-20,Matchday 30,Everton FC,Tottenham Hotspur FC,,,scheduled
2026-27,2027-03-20,Matchday 30,Fulham FC,Liverpool FC,,,scheduled
2026-27,2027-03-20,Matchday 30,Hull City AFC,Chelsea FC,,,scheduled
2026-27,2027-03-20,Matchday 30,Ipswich Town FC,Crystal Palace FC,,,scheduled
2026-27,2027-03-20,Matchday 30,Manchester City FC,Manchester United FC,,,scheduled
2026-27,2027-03-20,Matchday 30,Newcastle United FC,Leeds United FC,,,scheduled
2026-27,2027-03-20,Matchday 30,Nottingham Forest FC,Aston Villa FC,,,scheduled
2026-27,2027-04-10,Matchday 31,AFC Bournemouth,Manchester City FC,,,scheduled
2026-27,2027-04-10,Matchday 31,Aston Villa FC,Brighton & Hove Albion FC,,,scheduled
2026-27,2027-04-10,Matchday 31,Chelsea FC,Fulham FC,,,scheduled
2026-27,2027-04-10,Matchday 31,Coventry City FC,Arsenal FC,,,scheduled
2026-27,2027-04-10,Matchday 31,Crystal Palace FC,Everton FC,,,scheduled
2026-27,2027-04-10,Matchday 31,Leeds United FC,Nottingham Forest FC,,,scheduled
2026-27,2027-04-10,Matchday 31,Liverpool FC,Newcastle United FC,,,scheduled
2026-27,2027-04-10,Matchday 31,Manchester United FC,Hull City AFC,,,scheduled
2026-27,2027-04-10,Matchday 31,Sunderland AFC,Ipswich Town FC,,,scheduled
2026-27,2027-04-10,Matchday 31,Tottenham Hotspur FC,Brentford FC,,,scheduled
2026-27,2027-04-17,Matchday 32,Arsenal FC,Aston Villa FC,,,scheduled
2026-27,2027-04-17,Matchday 32,Brentford FC,Leeds United FC,,,scheduled
2026-27,2027-04-17,Matchday 32,Brighton & Hove Albion FC,Chelsea FC,,,scheduled
2026-27,2027-04-17,Matchday 32,Everton FC,AFC Bournemouth,,,scheduled
2026-27,2027-04-17,Matchday 32,Fulham FC,Sunderland AFC,,,scheduled
2026-27,2027-04-17,Matchday 32,Hull City AFC,Coventry City FC,,,scheduled
2026-27,2027-04-17,Matchday 32,Ipswich Town FC,Manchester United FC,,,scheduled
2026-27,2027-04-17,Matchday 32,Manchester City FC,Crystal Palace FC,,,scheduled
2026-27,2027-04-17,Matchday 32,Newcastle United FC,Tottenham Hotspur FC,,,scheduled
2026-27,2027-04-17,Matchday 32,Nottingham Forest FC,Liverpool FC,,,scheduled
2026-27,2027-04-24,Matchday 33,AFC Bournemouth,Arsenal FC,,,scheduled
2026-27,2027-04-24,Matchday 33,Aston Villa FC,Coventry City FC,,,scheduled
2026-27,2027-04-24,Matchday 33,Brentford FC,Fulham FC,,,scheduled
2026-27,2027-04-24,Matchday 33,Chelsea FC,Manchester City FC,,,scheduled
2026-27,2027-04-24,Matchday 33,Everton FC,Brighton & Hove Albion FC,,,scheduled
2026-27,2027-04-24,Matchday 33,Leeds United FC,Liverpool FC,,,scheduled
2026-27,2027-04-24,Matchday 33,Manchester United FC,Crystal Palace FC,,,scheduled
2026-27,2027-04-24,Matchday 33,Newcastle United FC,Ipswich Town FC,,,scheduled
2026-27,2027-04-24,Matchday 33,Nottingham Forest FC,Sunderland AFC,,,scheduled
2026-27,2027-04-24,Matchday 33,Tottenham Hotspur FC,Hull City AFC,,,scheduled
2026-27,2027-05-01,Matchday 34,Arsenal FC,Tottenham Hotspur FC,,,scheduled
2026-27,2027-05-01,Matchday 34,Brighton & Hove Albion FC,Nottingham Forest FC,,,scheduled
2026-27,2027-05-01,Matchday 34,Coventry City FC,Manchester United FC,,,scheduled
2026-27,2027-05-01,Matchday 34,Crystal Palace FC,Aston Villa FC,,,scheduled
2026-27,2027-05-01,Matchday 34,Fulham FC,Everton FC,,,scheduled
2026-27,2027-05-01,Matchday 34,Hull City AFC,AFC Bournemouth,,,scheduled
2026-27,2027-05-01,Matchday 34,Ipswich Town FC,Leeds United FC,,,scheduled
2026-27,2027-05-01,Matchday 34,Liverpool FC,Chelsea FC,,,scheduled
2026-27,2027-05-01,Matchday 34,Manchester City FC,Brentford FC,,,scheduled
2026-27,2027-05-01,Matchday 34,Sunderland AFC,Newcastle United FC,,,scheduled
2026-27,2027-05-08,Matchday 35,AFC Bournemouth,Manchester United FC,,,scheduled
2026-27,2027-05-08,Matchday 35,Brentford FC,Aston Villa FC,,,scheduled
2026-27,2027-05-08,Matchday 35,Brighton & Hove Albion FC,Sunderland AFC,,,scheduled
2026-27,2027-05-08,Matchday 35,Everton FC,Hull City AFC,,,scheduled
2026-27,2027-05-08,Matchday 35,Fulham FC,Ipswich Town FC,,,scheduled
2026-27,2027-05-08,Matchday 35,Leeds United FC,Arsenal FC,,,scheduled
2026-27,2027-05-08,Matchday 35,Manchester City FC,Liverpool FC,,,scheduled
2026-27,2027-05-08,Matchday 35,Newcastle United FC,Coventry City FC,,,scheduled
2026-27,2027-05-08,Matchday 35,Nottingham Forest FC,Crystal Palace FC,,,scheduled
2026-27,2027-05-08,Matchday 35,Tottenham Hotspur FC,Chelsea FC,,,scheduled
2026-27,2027-05-15,Matchday 36,Arsenal FC,Nottingham Forest FC,,,scheduled
2026-27,2027-05-15,Matchday 36,Aston Villa FC,Newcastle United FC,,,scheduled
2026-27,2027-05-15,Matchday 36,Chelsea FC,Everton FC,,,scheduled
2026-27,2027-05-15,Matchday 36,Coventry City FC,Tottenham Hotspur FC,,,scheduled
2026-27,2027-05-15,Matchday 36,Crystal Palace FC,Brighton & Hove Albion FC,,,scheduled
2026-27,2027-05-15,Matchday 36,Hull City AFC,Fulham FC,,,scheduled
2026-27,2027-05-15,Matchday 36,Ipswich Town FC,Manchester City FC,,,scheduled
2026-27,2027-05-15,Matchday 36,Liverpool FC,Brentford FC,,,scheduled
2026-27,2027-05-15,Matchday 36,Manchester United FC,Leeds United FC,,,scheduled
2026-27,2027-05-15,Matchday 36,Sunderland AFC,AFC Bournemouth,,,scheduled
2026-27,2027-05-23,Matchday 37,AFC Bournemouth,Chelsea FC,,,scheduled
2026-27,2027-05-23,Matchday 37,Brentford FC,Hull City AFC,,,scheduled
2026-27,2027-05-23,Matchday 37,Brighton & Hove Albion FC,Liverpool FC,,,scheduled
2026-27,2027-05-23,Matchday 37,Everton FC,Arsenal FC,,,scheduled
2026-27,2027-05-23,Matchday 37,Fulham FC,Coventry City FC,,,scheduled
2026-27,2027-05-23,Matchday 37,Leeds United FC,Sunderland AFC,,,scheduled
2026-27,2027-05-23,Matchday 37,Manchester City FC,Aston Villa FC,,,scheduled
2026-27,2027-05-23,Matchday 37,Newcastle United FC,Crystal Palace FC,,,scheduled
2026-27,2027-05-23,Matchday 37,Nottingham Forest FC,Ipswich Town FC,,,scheduled
2026-27,2027-05-23,Matchday 37,Tottenham Hotspur FC,Manchester United FC,,,scheduled
2026-27,2027-05-30,Matchday 38,Arsenal FC,Brighton & Hove Albion FC,,,scheduled
2026-27,2027-05-30,Matchday 38,Aston Villa FC,Tottenham Hotspur FC,,,scheduled
2026-27,2027-05-30,Matchday 38,Chelsea FC,Brentford FC,,,scheduled
2026-27,2027-05-30,Matchday 38,Coventry City FC,Nottingham Forest FC,,,scheduled
2026-27,2027-05-30,Matchday 38,Crystal Palace FC,Leeds United FC,,,scheduled
2026-27,2027-05-30,Matchday 38,Hull City AFC,Newcastle United FC,,,scheduled
2026-27,2027-05-30,Matchday 38,Ipswich Town FC,Everton FC,,,scheduled
2026-27,2027-05-30,Matchday 38,Liverpool FC,AFC Bournemouth,,,scheduled
2026-27,2027-05-30,Matchday 38,Manchester United FC,Fulham FC,,,scheduled
2026-27,2027-05-30,Matchday 38,Sunderland AFC,Manchester City FC,,,scheduled
