season,date,home_team,away_team,home_elo,away_elo,elo_difference,home_win_rate,away_win_rate,win_rate_difference,home_draw_rate,away_draw_rate,draw_rate_difference,home_points_per_match,away_points_per_match,points_per_match_difference,home_goals_scored,away_goals_scored,goals_scored_difference,home_goals_conceded,away_goals_conceded,goals_conceded_difference,home_goal_difference,away_goal_difference,recent_goal_difference_difference,home_goals,away_goals,target
2020-21,2020-09-12,Crystal Palace,Southampton FC,1500.0,1500.0,65.0,0.3333333333333333,0.3333333333333333,0.0,0.3333333333333333,0.3333333333333333,0.0,1.0,1.0,0.0,1.2,1.2,0.0,1.2,1.2,0.0,0.0,0.0,0.0,1,0,home_win
2020-21,2020-09-12,Fulham,Arsenal,1500.0,1500.0,65.0,0.3333333333333333,0.3333333333333333,0.0,0.3333333333333333,0.3333333333333333,0.0,1.0,1.0,0.0,1.2,1.2,0.0,1.2,1.2,0.0,0.0,0.0,0.0,0,3,away_win
2020-21,2020-09-12,Liverpool,Leeds United,1500.0,1500.0,65.0,0.3333333333333333,0.3333333333333333,0.0,0.3333333333333333,0.3333333333333333,0.0,1.0,1.0,0.0,1.2,1.2,0.0,1.2,1.2,0.0,0.0,0.0,0.0,4,3,home_win
2020-21,2020-09-12,West Ham United FC,Newcastle United,1500.0,1500.0,65.0,0.3333333333333333,0.3333333333333333,0.0,0.3333333333333333,0.3333333333333333,0.0,1.0,1.0,0.0,1.2,1.2,0.0,1.2,1.2,0.0,0.0,0.0,0.0,0,2,away_win
2020-21,2020-09-13,Tottenham Hotspur,Everton,1500.0,1500.0,65.0,0.3333333333333333,0.3333333333333333,0.0,0.3333333333333333,0.3333333333333333,0.0,1.0,1.0,0.0,1.2,1.2,0.0,1.2,1.2,0.0,0.0,0.0,0.0,0,1,away_win
2020-21,2020-09-13,West Bromwich Albion FC,Leicester City FC,1500.0,1500.0,65.0,0.3333333333333333,0.3333333333333333,0.0,0.3333333333333333,0.3333333333333333,0.0,1.0,1.0,0.0,1.2,1.2,0.0,1.2,1.2,0.0,0.0,0.0,0.0,0,3,away_win
2020-21,2020-09-14,Brighton & Hove Albion,Chelsea,1500.0,1500.0,65.0,0.3333333333333333,0.3333333333333333,0.0,0.3333333333333333,0.3333333333333333,0.0,1.0,1.0,0.0,1.2,1.2,0.0,1.2,1.2,0.0,0.0,0.0,0.0,1,3,away_win
2020-21,2020-09-14,Sheffield United FC,Wolverhampton Wanderers FC,1500.0,1500.0,65.0,0.3333333333333333,0.3333333333333333,0.0,0.3333333333333333,0.3333333333333333,0.0,1.0,1.0,0.0,1.2,1.2,0.0,1.2,1.2,0.0,0.0,0.0,0.0,0,2,away_win
2020-21,2020-09-19,Arsenal,West Ham United FC,1520.7363180704517,1482.22601308247,103.51030498798173,1.0,0.0,1.0,0.0,0.0,0.0,3.0,0.0,3.0,3.0,0.0,3.0,0.0,2.0,2.0,3.0,-2.0,5.0,2,1,home_win
2020-21,2020-09-19,Everton,West Bromwich Albion FC,1511.8493246116866,1479.2636819295483,97.58564268213831,1.0,0.0,1.0,0.0,0.0,0.0,3.0,0.0,3.0,1.0,0.0,1.0,0.0,3.0,3.0,1.0,-3.0,4.0,5,2,home_win
2020-21,2020-09-19,Leeds United,Fulham,1491.8493246116866,1479.2636819295483,77.58564268213831,0.0,0.0,0.0,0.0,0.0,0.0,0.0,0.0,0.0,3.0,0.0,3.0,4.0,3.0,-1.0,-1.0,-3.0,2.0,4,3,home_win
2020-21,2020-09-19,Manchester United,Crystal Palace,1500.0,1508.1506753883134,56.8493246116866,0.3333333333333333,1.0,-0.6666666666666667,0.3333333333333333,0.0,0.3333333333333333,1.0,3.0,-2.0,1.2,1.0,0.19999999999999996,1.2,0.0,-1.2,0.0,1.0,-1.0,1,3,away_win
2020-21,2020-09-20,Chelsea,Liverpool,1517.77398691753,1508.1506753883134,74.62331152921661,1.0,1.0,0.0,0.0,0.0,0.0,3.0,3.0,0.0,3.0,4.0,-1.0,1.0,3.0,2.0,2.0,1.0,1.0,0,2,away_win
2020-21,2020-09-20,Leicester City FC,Burnley FC,1520.7363180704517,1500.0,85.73631807045172,1.0,0.3333333333333333,0.6666666666666667,0.0,0.3333333333333333,-0.3333333333333333,3.0,1.0,2.0,3.0,1.2,1.8,0.0,1.2,1.2,3.0,0.0,3.0,4,2,home_win
2020-21,2020-09-20,Newcastle United,Brighton & Hove Albion,1517.77398691753,1482.22601308247,100.54797383506002,1.0,0.0,1.0,0.0,0.0,0.0,3.0,0.0,3.0,2.0,1.0,1.0,0.0,3.0,3.0,2.0,-2.0,4.0,0,3,away_win
2020-21,2020-09-20,Southampton FC,Tottenham Hotspur,1491.8493246116866,1488.1506753883134,68.6986492233732,0.0,0.0,0.0,0.0,0.0,0.0,0.0,0.0,0.0,0.0,0.0,0.0,1.0,1.0,0.0,-1.0,-1.0,0.0,2,5,away_win
2020-21,2020-09-21,Aston Villa,Sheffield United FC,1500.0,1482.22601308247,82.77398691753001,0.3333333333333333,0.0,0.3333333333333333,0.3333333333333333,0.0,0.3333333333333333,1.0,0.0,1.0,1.2,0.0,1.2,1.2,2.0,0.8,0.0,-2.0,2.0,1,0,home_win
2020-21,2020-09-21,Wolverhampton Wanderers FC,Manchester City,1517.77398691753,1500.0,82.77398691753001,1.0,0.3333333333333333,0.6666666666666667,0.0,0.3333333333333333,-0.3333333333333333,3.0,1.0,2.0,2.0,1.2,0.8,0.0,1.2,1.2,2.0,0.0,2.0,1,3,away_win
2020-21,2020-09-26,Brighton & Hove Albion,Manchester United,1504.6537118206702,1482.5672892794655,87.08642254120468,0.5,0.0,0.5,0.0,0.0,0.0,1.5,0.0,1.5,2.0,1.0,1.0,1.5,3.0,1.5,0.5,-2.0,2.5,2,3,away_win
2020-21,2020-09-26,Burnley FC,Southampton FC,1488.6281856289115,1470.9334407693736,82.69474485953788,0.0,0.0,0.0,0.0,0.0,0.0,0.0,0.0,0.0,2.0,1.0,1.0,4.0,3.0,-1.0,-2.0,-2.0,0.0,0,1,away_win
2020-21,2020-09-26,Crystal Palace,Everton,1525.583386108848,1524.5593322760922,66.02405383275573,1.0,1.0,0.0,0.0,0.0,0.0,3.0,3.0,0.0,2.0,3.0,-1.0,0.5,1.0,0.5,1.5,2.0,-0.5,1,2,away_win
2020-21,2020-09-26,West Bromwich Albion FC,Chelsea,1466.5536742651427,1499.6008838293706,31.952790435772158,0.0,0.5,-0.5,0.0,0.0,0.0,0.0,1.5,-1.5,1.0,1.5,-0.5,4.0,1.5,-2.5,-3.0,0.0,-3.0,3,3,draw
2020-21,2020-09-27,Manchester City,Leicester City FC,1518.5075281063455,1532.1081324415402,51.3993956648053,1.0,1.0,0.0,0.0,0.0,0.0,3.0,3.0,0.0,3.0,3.5,-0.5,1.0,1.0,0.0,2.0,2.5,-0.5,2,5,away_win
2020-21,2020-09-27,Sheffield United FC,Leeds United,1474.564365153367,1499.6526238575427,39.911741295824186,0.0,0.5,-0.5,0.0,0.0,0.0,0.0,1.5,-1.5,0.0,3.5,-3.5,1.5,3.5,2.0,-1.5,0.0,-1.5,0,1,away_win
2020-21,2020-09-27,Tottenham Hotspur,Newcastle United,1509.0665592306264,1495.3462881793298,78.72027105129655,0.5,0.5,0.0,0.0,0.0,0.0,1.5,1.5,0.0,2.5,1.0,1.5,1.5,1.5,0.0,1.0,-0.5,1.5,1,1,draw
2020-21,2020-09-27,West Ham United FC,Wolverhampton Wanderers FC,1475.1201533767794,1499.2664588111845,40.85369456559488,0.0,0.5,-0.5,0.0,0.0,0.0,0.0,1.5,-1.5,0.5,1.5,-1.0,2.0,1.5,-0.5,-1.5,0.0,-1.5,4,0,home_win
2020-21,2020-09-28,Fulham,Aston Villa,1471.4603826836922,1507.661647929103,28.798734754589077,0.0,1.0,-1.0,0.0,0.0,0.0,0.0,3.0,-3.0,1.5,1.0,0.5,3.5,0.0,-3.5,-2.0,1.0,-3.0,0,3,away_win
2020-21,2020-09-28,Liverpool,Arsenal,1526.3237784764729,1527.8421777761423,63.481600700330546,1.0,1.0,0.0,0.0,0.0,0.0,3.0,3.0,0.0,3.0,2.5,0.5,1.5,0.5,-1.0,1.5,2.0,-0.5,3,1,home_win
2020-21,2020-10-03,Chelsea,Crystal Palace,1500.5179749295671,1513.705610482147,51.81236444742012,0.3333333333333333,0.6666666666666666,-0.3333333333333333,0.3333333333333333,0.0,0.3333333333333333,1.3333333333333333,2.0,-0.6666666666666667,2.0,1.6666666666666667,0.33333333333333326,2.0,1.0,-1.0,0.0,0.6666666666666666,-0.6666666666666666,4,0,home_win
2020-21,2020-10-03,Everton,Brighton & Hove Albion,1536.437107902793,1492.1983702819023,109.23873762089079,1.0,0.3333333333333333,0.6666666666666667,0.0,0.0,0.0,3.0,1.0,2.0,2.6666666666666665,2.0,0.6666666666666665,1.0,2.0,1.0,1.6666666666666667,0.0,1.6666666666666667,4,2,home_win
2020-21,2020-10-03,Leeds United,Manchester City,1510.7963495457177,1498.4373127530123,77.35903679270541,0.6666666666666666,0.5,0.16666666666666663,0.0,0.0,0.0,2.0,1.5,0.5,2.6666666666666665,2.5,0.16666666666666652,2.3333333333333335,3.0,0.6666666666666665,0.3333333333333333,-0.5,0.8333333333333333,1,1,draw
2020-21,2020-10-03,Newcastle United,Burnley FC,1497.5740478988187,1476.291989732748,86.28205816607056,0.3333333333333333,0.0,0.3333333333333333,0.3333333333333333,0.0,0.3333333333333333,1.3333333333333333,0.0,1.3333333333333333,1.0,1.0,0.0,1.3333333333333333,2.5,1.1666666666666667,-0.3333333333333333,-1.5,1.1666666666666667,3,1,home_win
2020-21,2020-10-04,Arsenal,Sheffield United FC,1515.5528012859004,1463.420639465192,117.13216182070846,0.6666666666666666,0.0,0.6666666666666666,0.0,0.0,0.0,2.0,0.0,2.0,2.0,0.0,2.0,1.3333333333333333,1.3333333333333333,0.0,0.6666666666666666,-1.3333333333333333,2.0,2,1,home_win
2020-21,2020-10-04,Aston Villa,Liverpool,1526.6088998023208,1538.6131549667148,52.99574483560605,1.0,1.0,0.0,0.0,0.0,0.0,3.0,3.0,0.0,2.0,3.0,-1.0,0.0,1.3333333333333333,1.3333333333333333,2.0,1.6666666666666667,0.33333333333333326,7,2,home_win
2020-21,2020-10-04,Leicester City FC,West Ham United FC,1552.1783477948734,1491.675514113436,125.50283368143732,1.0,0.3333333333333333,0.6666666666666667,0.0,0.0,0.0,3.0,1.0,2.0,4.0,1.6666666666666667,2.333333333333333,1.3333333333333333,1.3333333333333333,0.0,2.6666666666666665,0.3333333333333333,2.333333333333333,0,3,away_win
2020-21,2020-10-04,Manchester United,Tottenham Hotspur,1495.0226308182334,1506.8387995111375,53.18383130709594,0.5,0.3333333333333333,0.16666666666666669,0.0,0.3333333333333333,-0.3333333333333333,1.5,1.3333333333333333,0.16666666666666674,2.0,2.0,0.0,2.5,1.3333333333333333,-1.1666666666666667,-0.5,0.6666666666666666,-1.1666666666666665,1,6,away_win
2020-21,2020-10-04,Southampton FC,West Bromwich Albion FC,1483.269636665537,1465.6365831649462,82.6330535005909,0.3333333333333333,0.0,0.3333333333333333,0.0,0.3333333333333333,-0.3333333333333333,1.0,0.3333333333333333,0.6666666666666667,1.0,1.6666666666666667,-0.6666666666666667,2.0,3.6666666666666665,1.6666666666666665,-1.0,-2.0,1.0,2,0,home_win
2020-21,2020-10-04,Wolverhampton Wanderers FC,Fulham,1482.7110980745279,1452.5131308104744,95.19796726405343,0.3333333333333333,0.0,0.3333333333333333,0.0,0.0,0.0,1.0,0.0,1.0,1.0,1.0,0.0,2.3333333333333335,3.3333333333333335,1.0,-1.3333333333333333,-2.3333333333333335,1.0000000000000002,1,0,home_win
2020-21,2020-10-17,Chelsea,Southampton FC,1516.4923706986717,1494.7678609908032,86.72450970786849,0.5,0.5,0.0,0.25,0.0,0.25,1.75,1.5,0.25,2.5,1.25,1.25,1.5,1.5,0.0,1.0,-0.25,1.25,3,3,draw
2020-21,2020-10-17,Everton,Liverpool,1546.8703929709266,1521.6403937271045,90.22999924382202,1.0,0.75,0.25,0.0,0.0,0.0,3.0,2.25,0.75,3.0,2.75,0.25,1.25,2.75,1.5,1.75,0.0,1.75,2,2,draw
2020-21,2020-10-17,Manchester City,Arsenal,1500.6278051071454,1522.3036425752814,43.324162531863976,0.3333333333333333,0.75,-0.4166666666666667,0.3333333333333333,0.0,0.3333333333333333,1.3333333333333333,2.25,-0.9166666666666667,2.0,2.0,0.0,2.3333333333333335,1.25,-1.0833333333333335,-0.3333333333333333,0.75,-1.0833333333333333,1,0,home_win
2020-21,2020-10-17,Newcastle United,Manchester United,1508.9236876954328,1471.9848138522448,101.93887384318805,0.5,0.3333333333333333,0.16666666666666669,0.25,0.0,0.25,1.75,1.0,0.75,1.5,1.6666666666666667,-0.16666666666666674,1.25,3.6666666666666665,2.4166666666666665,0.25,-2.0,2.25,1,4,away_win
2020-21,2020-10-18,Crystal Palace,Brighton & Hove Albion,1497.7312147130424,1481.7650852137688,80.96612949927362,0.5,0.25,0.25,0.0,0.0,0.0,1.5,0.75,0.75,1.25,2.0,-0.75,1.75,2.5,0.75,-0.5,-0.5,0.0,1,1,draw
2020-21,2020-10-18,Leicester City FC,Aston Villa,1528.618209088729,1543.581661041931,50.03654804679786,0.75,1.0,-0.25,0.0,0.0,0.0,2.25,3.0,-0.75,3.0,3.6666666666666665,-0.6666666666666665,1.75,0.6666666666666666,-1.0833333333333335,1.25,3.0,-1.75,0,1,away_win
2020-21,2020-10-18,Sheffield United FC,Fulham,1456.669798175811,1445.1865763226563,76.48322185315465,0.0,0.0,0.0,0.0,0.0,0.0,0.0,0.0,0.0,0.25,0.75,-0.5,1.5,2.75,1.25,-1.25,-2.0,0.75,1,1,draw
2020-21,2020-10-18,Tottenham Hotspur,West Ham United FC,1529.8766164771262,1515.2356528195805,79.64096365754563,0.5,0.5,0.0,0.25,0.0,0.25,1.75,1.5,0.25,3.0,2.0,1.0,1.25,1.0,-0.25,1.75,1.0,0.75,3,3,draw
2020-21,2020-10-19,Leeds United,Wolverhampton Wanderers FC,1508.6058571915846,1490.037652562346,83.56820462923861,0.5,0.5,0.0,0.25,0.0,0.25,1.75,1.5,0.25,2.25,1.0,1.25,2.0,1.75,-0.25,0.25,-0.75,1.0,0,1,away_win
2020-21,2020-10-19,West Bromwich Albion FC,Burnley FC,1454.13835883968,1464.942349936134,54.196008903546044,0.0,0.0,0.0,0.25,0.0,0.25,0.25,0.0,0.25,1.25,1.0,0.25,3.25,2.6666666666666665,-0.5833333333333335,-2.0,-1.6666666666666667,-0.33333333333333326,0,0,draw
2020-21,2020-10-23,Aston Villa,Leeds United,1555.011953823069,1496.245907208041,123.76604661502802,1.0,0.4,0.6,0.0,0.2,-0.2,3.0,1.4,1.6,3.0,1.8,1.2,0.5,1.8,1.3,2.5,0.0,2.5,0,3,away_win
2020-21,2020-10-24,Fulham,Crystal Palace,1447.3530570322432,1495.4421112604218,16.91094577182139,0.0,0.4,-0.4,0.2,0.2,0.0,0.2,1.4,-1.2,0.8,1.2,-0.3999999999999999,2.4,1.6,-0.7999999999999998,-1.6,-0.4,-1.2000000000000002,1,2,away_win
2020-21,2020-10-24,Liverpool,Sheffield United FC,1524.180569162308,1454.503317466224,134.6772516960841,0.6,0.0,0.6,0.2,0.2,0.0,2.0,0.2,1.8,2.6,0.4,2.2,2.6,1.4,-1.2000000000000002,0.0,-1.0,1.0,2,1,home_win
2020-21,2020-10-24,Manchester United,Chelsea,1494.4769430823453,1514.0468203581718,45.43012272417354,0.5,0.4,0.09999999999999998,0.0,0.4,-0.4,1.5,1.6,-0.10000000000000009,2.25,2.6,-0.3500000000000001,3.0,1.8,-1.2,-0.75,0.8,-1.55,0,0,draw
2020-21,2020-10-24,West Ham United FC,Manchester City,1517.4885821293585,1509.387258706058,73.10132342330053,0.4,0.5,-0.09999999999999998,0.2,0.25,-0.04999999999999999,1.4,1.75,-0.3500000000000001,2.2,1.75,0.4500000000000002,1.4,1.75,0.3500000000000001,0.8,0.0,0.8,1,1,draw
2020-21,2020-10-25,Arsenal,Leicester City FC,1513.5441889763688,1517.187916307591,61.35627266877782,0.6,0.6,0.0,0.0,0.0,0.0,1.8,1.8,0.0,1.6,2.4,-0.7999999999999998,1.2,1.6,0.40000000000000013,0.4,0.8,-0.4,0,1,away_win
2020-21,2020-10-25,Southampton FC,Everton,1497.2134113313032,1544.330217535723,17.883193795580155,0.4,0.8,-0.4,0.2,0.2,0.0,1.4,2.6,-1.2000000000000002,1.6,2.8,-1.1999999999999997,1.8,1.4,-0.40000000000000013,-0.2,1.4,-1.5999999999999999,2,0,home_win
2020-21,2020-10-25,Wolverhampton Wanderers FC,Newcastle United,1502.3976025458896,1486.4315584653323,80.96604408055737,0.6,0.4,0.19999999999999996,0.0,0.2,-0.2,1.8,1.4,0.40000000000000013,1.0,1.4,-0.3999999999999999,1.4,1.8,0.40000000000000013,-0.4,-0.4,0.0,1,1,draw
2020-21,2020-10-26,Brighton & Hove Albion,West Bromwich Albion FC,1484.0541886663893,1452.5910023305491,96.46318633584019,0.2,0.0,0.2,0.2,0.4,-0.2,0.8,0.4,0.4,1.8,1.0,0.8,2.2,2.6,0.3999999999999999,-0.4,-1.6,1.2000000000000002,1,1,draw
2020-21,2020-10-26,Burnley FC,Tottenham Hotspur,1466.4897064452648,1527.6236871673482,3.866019277916621,0.0,0.4,-0.4,0.25,0.4,-0.15000000000000002,0.25,1.6,-1.35,0.75,3.0,-2.25,2.0,1.6,-0.3999999999999999,-1.25,1.4,-2.65,0,1,away_win
2020-21,2020-10-30,Wolverhampton Wanderers FC,Crystal Palace,1500.1085014229898,1505.9284633909604,59.180038032029415,0.4,0.4,0.0,0.2,0.2,0.0,1.4,1.4,0.0,0.8,1.4,-0.5999999999999999,1.6,1.8,0.19999999999999996,-0.8,-0.4,-0.4,2,0,home_win
2020-21,2020-10-31,Burnley FC,Chelsea,1456.3784380580419,1515.3470027637582,6.03143529428371,0.0,0.2,-0.2,0.2,0.6,-0.39999999999999997,0.2,1.2,-1.0,0.6,2.0,-1.4,1.8,1.6,-0.19999999999999996,-1.2,0.4,-1.6,0,3,away_win
2020-21,2020-10-31,Liverpool,West Ham United FC,1530.4873966359758,1515.4150646541348,80.07233198184099,0.6,0.4,0.19999999999999996,0.2,0.4,-0.2,2.0,1.6,0.3999999999999999,2.2,2.4,-0.19999999999999973,2.2,1.2,-1.0000000000000002,0.0,1.2,-1.2,2,1,home_win
2020-21,2020-10-31,Sheffield United FC,Manchester City,1448.1964899925563,1511.4607761812817,1.735713811274536,0.0,0.4,-0.4,0.2,0.4,-0.2,0.2,1.6,-1.4000000000000001,0.6,1.6,-1.0,1.4,1.6,0.20000000000000018,-0.8,0.0,-0.8,0,1,away_win
2020-21,2020-11-01,Aston Villa,Southampton FC,1531.5289377159218,1511.442012909651,85.08692480627064,0.8,0.6,0.20000000000000007,0.0,0.2,-0.2,2.4,2.0,0.3999999999999999,2.4,2.0,0.3999999999999999,1.0,1.6,0.6000000000000001,1.4,0.4,0.9999999999999999,3,4,away_win
2020-21,2020-11-01,Manchester United,Arsenal,1493.176760676759,1501.7963456444747,56.38041503228419,0.4,0.4,0.0,0.2,0.0,0.2,1.4,1.2,0.19999999999999996,1.8,1.0,0.8,2.4,1.4,-1.0,-0.6,-0.4,-0.19999999999999996,0,1,away_win
2020-21,2020-11-01,Newcastle United,Everton,1488.7206595882321,1530.101615957375,23.61904363085705,0.2,0.6,-0.39999999999999997,0.4,0.2,0.2,1.0,2.0,-1.0,1.2,2.6,-1.4000000000000001,2.0,1.8,-0.19999999999999996,-0.8,0.8,-1.6,2,1,home_win
2020-21,2020-11-01,Tottenham Hotspur,Brighton & Hove Albion,1537.7349555545711,1481.346963018238,121.38799253633306,0.6,0.2,0.39999999999999997,0.4,0.4,0.0,2.2,1.0,1.2000000000000002,3.2,1.8,1.4000000000000001,1.4,1.8,0.40000000000000013,1.8,0.0,1.8,2,1,home_win
2020-21,2020-11-02,Fulham,West Bromwich Albion FC,1436.8667049017047,1455.2982279787004,46.568476923004255,0.0,0.0,0.0,0.2,0.6,-0.39999999999999997,0.2,0.6,-0.39999999999999997,1.0,1.2,-0.19999999999999996,2.2,2.2,0.0,-1.2,-1.0,-0.19999999999999996,2,0,home_win
2020-21,2020-11-02,Leeds United,Leicester City FC,1519.7289233151882,1528.935759639485,55.79316367570323,0.6,0.6,0.0,0.2,0.0,0.2,2.0,1.8,0.19999999999999996,1.8,2.0,-0.19999999999999996,1.0,1.6,0.6000000000000001,0.8,0.4,0.4,1,4,away_win
2020-21,2020-11-06,Brighton & Hove Albion,Burnley FC,1474.7052430359379,1438.5746709130221,101.13057212291574,0.0,0.0,0.0,0.4,0.2,0.2,0.4,0.2,0.2,1.4,0.2,1.2,2.2,1.6,-0.6000000000000001,-0.8,-1.4,0.5999999999999999,0,0,draw
2020-21,2020-11-06,Southampton FC,Newcastle United,1523.8431978775673,1498.0418941654648,90.80130371210248,0.8,0.4,0.4,0.2,0.4,-0.2,2.6,1.6,1.0,2.4,1.6,0.7999999999999998,1.2,1.6,0.40000000000000013,1.2,0.0,1.2,2,0,home_win
2020-21,2020-11-07,Chelsea,Sheffield United FC,1533.1507699087779,1438.1465325488218,160.00423735995605,0.4,0.0,0.4,0.6,0.2,0.39999999999999997,1.8,0.2,1.6,2.6,0.6,2.0,1.2,1.4,0.19999999999999996,1.4,-0.8,2.2,4,1,home_win
2020-21,2020-11-07,Crystal Palace,Leeds United,1493.4590444540438,1499.442584779611,59.01645967443278,0.2,0.4,-0.2,0.2,0.2,0.0,0.8,1.4,-0.5999999999999999,0.8,1.2,-0.3999999999999999,2.0,1.2,-0.8,-1.2,0.0,-1.2,4,1,home_win
2020-21,2020-11-07,Everton,Manchester United,1520.7803813801424,1481.568097713765,104.21228366637752,0.4,0.4,0.0,0.2,0.2,0.0,1.4,1.4,0.0,1.8,1.6,0.19999999999999996,1.8,2.0,0.19999999999999996,0.0,-0.4,0.4,1,3,away_win
2020-21,2020-11-07,West Ham United FC,Fulham,1507.6797762540632,1449.8681361507054,122.81164010335783,0.4,0.2,0.2,0.4,0.2,0.2,1.6,0.8,0.8,2.4,0.8,1.5999999999999999,1.2,1.4,0.19999999999999996,1.2,-0.6,1.7999999999999998,1,0,home_win
2020-21,2020-11-08,Arsenal,Aston Villa,1513.4050086074687,1519.1277527480056,59.27725585946314,0.4,0.6,-0.19999999999999996,0.0,0.0,0.0,1.2,1.8,-0.6000000000000001,0.8,2.8,-1.9999999999999998,1.2,1.8,0.6000000000000001,-0.4,1.0,-1.4,0,3,away_win
2020-21,2020-11-08,Leicester City FC,Wolverhampton Wanderers FC,1549.2220981750622,1512.5779203599063,101.6441778151559,0.6,0.6,0.0,0.0,0.2,-0.2,1.8,2.0,-0.19999999999999996,2.0,1.0,1.0,1.4,1.0,-0.3999999999999999,0.6,0.0,0.6,1,0,home_win
2020-21,2020-11-08,Manchester City,Liverpool,1521.5107336250162,1538.2226850360473,48.28804858896888,0.4,0.6,-0.19999999999999996,0.4,0.2,0.2,1.6,2.0,-0.3999999999999999,1.2,2.2,-1.0000000000000002,1.4,2.4,1.0,-0.2,-0.2,0.0,1,1,draw
2020-21,2020-11-08,West Bromwich Albion FC,Tottenham Hotspur,1442.2967967296997,1544.3766755368713,-37.07987880717155,0.0,0.6,-0.6,0.6,0.4,0.19999999999999996,0.6,2.2,-1.6,0.8,2.6,-1.8,1.6,1.2,-0.40000000000000013,-0.8,1.4,-2.2,0,1,away_win
2020-21,2020-11-21,Aston Villa,Brighton & Hove Albion,1539.5848544969438,1471.8739835171998,132.71087097974396,0.6,0.0,0.6,0.0,0.6,-0.6,1.8,0.6,1.2000000000000002,2.8,1.0,1.7999999999999998,1.8,1.6,-0.19999999999999996,1.0,-0.6,1.6,1,2,away_win
2020-21,2020-11-21,Manchester United,West Bromwich Albion FC,1500.9370602284391,1433.360007796098,132.57705243234113,0.4,0.0,0.4,0.2,0.4,-0.2,1.4,0.4,0.9999999999999999,1.6,0.2,1.4000000000000001,1.8,1.2,-0.6000000000000001,-0.2,-1.0,0.8,1,0,home_win
2020-21,2020-11-21,Newcastle United,Chelsea,1486.8752213407593,1543.1167497475562,8.758471593203012,0.4,0.6,-0.19999999999999996,0.2,0.4,-0.2,1.4,2.2,-0.8000000000000003,1.4,2.8,-1.4,1.8,0.8,-1.0,-0.4,2.0,-2.4,0,2,away_win
2020-21,2020-11-21,Tottenham Hotspur,Manchester City,1553.313464470473,1520.1297722613917,98.1836922090813,0.8,0.4,0.4,0.2,0.6,-0.39999999999999997,2.6,1.8,0.8,2.6,1.0,1.6,1.0,0.6,-0.4,1.6,0.4,1.2000000000000002,2,0,home_win
2020-21,2020-11-22,Fulham,Everton,1443.2627206010534,1501.4114188654682,6.851301735585139,0.2,0.2,0.0,0.2,0.2,0.0,0.8,0.8,0.0,0.8,1.6,-0.8,1.0,2.2,1.2000000000000002,-0.2,-0.6,0.39999999999999997,2,3,away_win
2020-21,2020-11-22,Leeds United,Arsenal,1484.8869239341984,1492.9479068585306,56.939017075667834,0.2,0.4,-0.2,0.2,0.0,0.2,0.8,1.2,-0.3999999999999999,1.2,0.6,0.6,2.0,1.2,-0.8,-0.8,-0.6,-0.20000000000000007,0,0,draw
2020-21,2020-11-22,Liverpool,Leicester City FC,1539.6036463996718,1556.37724658545,48.22639981422185,0.4,0.6,-0.19999999999999996,0.4,0.0,0.4,1.6,1.8,-0.19999999999999996,1.8,1.2,0.6000000000000001,2.4,1.0,-1.4,-0.6,0.2,-0.8,3,0,home_win
2020-21,2020-11-22,Sheffield United FC,West Ham United FC,1428.1805527100435,1514.2851918037152,-21.10463909367172,0.0,0.4,-0.4,0.2,0.4,-0.2,0.2,1.6,-1.4000000000000001,0.8,1.8,-1.0,2.0,1.2,-0.8,-1.2,0.6,-1.7999999999999998,0,1,away_win
2020-21,2020-11-23,Burnley FC,Crystal Palace,1441.4059304317602,1508.0147052994564,-1.6087748676961837,0.0,0.4,-0.4,0.4,0.2,0.2,0.4,1.4,-0.9999999999999999,0.2,1.4,-1.2,1.4,1.8,0.40000000000000013,-1.2,-0.4,-0.7999999999999999,1,0,home_win
2020-21,2020-11-23,Wolverhampton Wanderers FC,Southampton FC,1505.4227719495186,1535.0098707022728,35.41290124724583,0.6,0.8,-0.20000000000000007,0.2,0.2,0.0,2.0,2.6,-0.6000000000000001,1.0,2.6,-1.6,0.4,1.2,0.7999999999999999,0.6,1.4,-0.7999999999999999,1,1,draw
2020-21,2020-11-27,Crystal Palace,Newcastle United,1497.9684013675335,1471.4971678054258,91.47123356210773,0.4,0.2,0.2,0.2,0.2,0.0,1.4,0.8,0.5999999999999999,1.4,0.8,0.5999999999999999,1.2,2.0,0.8,0.2,-1.2,1.4,0,2,away_win
2020-21,2020-11-28,Brighton & Hove Albion,Liverpool,1485.5181767614301,1554.690010060425,-4.171833298994898,0.2,0.6,-0.39999999999999997,0.6,0.4,0.19999999999999996,1.2,2.2,-1.0000000000000002,1.0,2.0,-1.0,1.0,1.0,0.0,0.0,1.0,-1.0,1,1,draw
2020-21,2020-11-28,Everton,Leeds United,1511.6085896241523,1483.2626032374476,93.34598638670468,0.2,0.2,0.0,0.2,0.2,0.0,0.8,0.8,0.0,1.4,1.0,0.3999999999999999,2.2,1.8,-0.40000000000000013,-0.8,-0.8,0.0,0,1,away_win
2020-21,2020-11-28,Manchester City,Burnley FC,1509.2593541732094,1451.4522343636831,122.80711980952628,0.4,0.2,0.2,0.4,0.4,0.0,1.6,1.0,0.6000000000000001,0.8,0.2,0.6000000000000001,0.8,0.8,0.0,0.0,-0.6,0.6,5,0,home_win
2020-21,2020-11-28,West Bromwich Albion FC,Sheffield United FC,1427.00086046323,1418.7872470344673,73.21361342876276,0.0,0.0,0.0,0.4,0.2,0.2,0.4,0.2,0.2,0.2,0.6,-0.39999999999999997,1.0,1.8,0.8,-0.8,-1.2,0.3999999999999999,1,0,home_win
2020-21,2020-11-29,Arsenal,Wolverhampton Wanderers FC,1494.5722275552814,1504.4070218323877,55.16520572289369,0.2,0.4,-0.2,0.2,0.4,-0.2,0.8,1.6,-0.8,0.2,1.0,-0.8,1.0,0.6,-0.4,-0.8,0.4,-1.2000000000000002,1,2,away_win
2020-21,2020-11-29,Chelsea,Tottenham Hotspur,1558.4948032828897,1564.1838825586553,59.31092072423439,0.6,0.8,-0.20000000000000007,0.4,0.2,0.2,2.2,2.6,-0.3999999999999999,2.4,1.8,0.5999999999999999,0.8,0.8,0.0,1.6,1.0,0.6000000000000001,0,0,draw
2020-21,2020-11-29,Southampton FC,Manchester United,1536.0256208194037,1507.296207561307,93.72941325809666,0.6,0.6,0.0,0.4,0.2,0.2,2.2,2.0,0.20000000000000018,2.4,1.6,0.7999999999999998,1.4,0.6,-0.7999999999999999,1.0,1.0,0.0,2,3,away_win
2020-21,2020-11-30,Leicester City FC,Fulham,1541.2908829246967,1433.0655498423694,173.22533308232732,0.6,0.2,0.39999999999999997,0.0,0.2,-0.2,1.8,0.8,1.0,1.2,1.2,0.0,1.0,1.4,0.3999999999999999,0.2,-0.2,0.4,1,2,away_win
2020-21,2020-11-30,West Ham United FC,Aston Villa,1523.6784974792913,1525.9406612527134,62.73783622657788,0.4,0.4,0.0,0.4,0.0,0.4,1.6,1.2,0.40000000000000013,1.4,1.6,-0.20000000000000018,1.2,1.8,0.6000000000000001,0.2,-0.2,0.4,2,1,home_win
2020-21,2020-12-05,Burnley FC,Everton,1438.2411730387491,1498.9847087460305,4.256464292718647,0.2,0.2,0.0,0.2,0.0,0.2,0.8,0.6,0.20000000000000007,0.2,1.0,-0.8,1.8,2.0,0.19999999999999996,-1.6,-1.0,-0.6000000000000001,1,1,draw
2020-21,2020-12-05,Chelsea,Leeds United,1556.8040895844476,1495.8864841155694,125.91760546887826,0.6,0.4,0.19999999999999996,0.4,0.2,0.2,2.2,1.4,0.8000000000000003,1.8,1.2,0.6000000000000001,0.2,1.6,1.4000000000000001,1.6,-0.4,2.0,3,1,home_win
2020-21,2020-12-05,Manchester City,Fulham,1522.4704154981434,1447.6755669045378,139.7948485936056,0.4,0.4,0.0,0.4,0.0,0.4,1.6,1.2,0.40000000000000013,1.6,1.4,0.20000000000000018,0.8,1.4,0.5999999999999999,0.8,0.0,0.8,2,0,home_win
2020-21,2020-12-05,West Ham United FC,Manchester United,1531.892131320046,1519.930361577873,76.96176974217292,0.6,0.6,0.0,0.2,0.2,0.0,2.0,2.0,0.0,1.2,1.4,-0.19999999999999996,0.8,0.8,0.0,0.4,0.6,-0.19999999999999996,1,3,away_win
2020-21,2020-12-06,Liverpool,Wolverhampton Wanderers FC,1554.569940816342,1515.98159433931,103.58834647703202,0.6,0.4,0.19999999999999996,0.4,0.4,0.0,2.2,1.6,0.6000000000000001,1.8,1.2,0.6000000000000001,0.8,0.8,0.0,1.0,0.4,0.6,4,0,home_win
2020-21,2020-12-06,Sheffield United FC,Leicester City FC,1410.8638573109085,1526.6808658625282,-50.817008551619665,0.0,0.6,-0.6,0.0,0.0,0.0,0.0,1.8,-1.8,0.4,1.4,-0.9999999999999999,1.8,1.2,-0.6000000000000001,-1.4,0.2,-1.5999999999999999,1,2,away_win
2020-21,2020-12-06,Tottenham Hotspur,Arsenal,1565.8745962570974,1482.997655048359,147.87694120873834,0.8,0.2,0.6000000000000001,0.2,0.2,0.0,2.6,0.8,1.8,1.2,0.4,0.7999999999999999,0.2,1.2,1.0,1.0,-0.8,1.8,2,0,home_win
2020-21,2020-12-06,West Bromwich Albion FC,Crystal Palace,1434.9242501867889,1479.108053272696,20.81619691409287,0.2,0.4,-0.2,0.2,0.0,0.2,0.8,1.2,-0.3999999999999999,0.4,1.2,-0.7999999999999999,1.0,1.4,0.3999999999999999,-0.6,-0.2,-0.39999999999999997,1,5,away_win
2020-21,2020-12-07,Brighton & Hove Albion,Southampton FC,1485.638246005513,1523.3914668028376,27.246779202675498,0.2,0.6,-0.39999999999999997,0.6,0.2,0.39999999999999997,1.2,2.0,-0.8,1.0,2.2,-1.2000000000000002,1.0,1.4,0.3999999999999999,0.0,0.8,-0.8,1,2,away_win
2020-21,2020-12-11,Leeds United,West Ham United FC,1486.0966419272345,1513.6227253016848,37.47391662554969,0.2,0.6,-0.39999999999999997,0.2,0.0,0.2,0.8,1.8,-1.0,0.8,1.2,-0.3999999999999999,2.2,1.2,-1.0000000000000002,-1.4,0.0,-1.4,1,2,away_win
2020-21,2020-12-12,Everton,Chelsea,1499.1072135075779,1566.5939317727825,-2.486718265204672,0.2,0.8,-0.6000000000000001,0.2,0.2,0.0,0.8,2.6,-1.8,1.2,2.4,-1.2,1.8,0.4,-1.4,-0.6,2.0,-2.6,1,0,home_win
2020-21,2020-12-12,Manchester United,Manchester City,1538.1997675962343,1531.7408940698947,71.45887352633963,0.8,0.6,0.20000000000000007,0.0,0.2,-0.2,2.4,2.0,0.3999999999999999,2.0,1.8,0.19999999999999996,1.0,0.6,-0.4,1.0,1.2,-0.19999999999999996,0,0,draw
2020-21,2020-12-12,Newcastle United,West Bromwich Albion FC,1490.3575159002633,1415.052208122367,140.30530777789636,0.4,0.2,0.2,0.2,0.0,0.2,1.4,0.6,0.7999999999999999,1.0,0.4,0.6,1.2,1.8,0.6000000000000001,-0.2,-1.4,1.2,2,1,home_win
2020-21,2020-12-12,Wolverhampton Wanderers FC,Aston Villa,1502.661966022608,1517.7270274119587,49.9349386106494,0.4,0.2,0.2,0.2,0.0,0.2,1.4,0.6,0.7999999999999999,1.0,1.6,-0.6000000000000001,1.4,2.2,0.8000000000000003,-0.4,-0.6,0.19999999999999996,0,1,away_win
2020-21,2020-12-13,Arsenal,Burnley FC,1474.0225218862754,1438.1186682772018,100.90385360907362,0.2,0.2,0.0,0.2,0.4,-0.2,0.8,1.0,-0.19999999999999996,0.4,0.4,0.0,1.4,1.8,0.40000000000000013,-1.0,-1.4,0.3999999999999999,0,1,away_win
2020-21,2020-12-13,Crystal Palace,Tottenham Hotspur,1498.980095337118,1574.8497294191811,-10.869634082063158,0.4,0.8,-0.4,0.0,0.2,-0.2,1.2,2.6,-1.4000000000000001,1.8,1.4,0.40000000000000013,1.4,0.2,-1.2,0.4,1.2,-0.7999999999999999,1,1,draw
2020-21,2020-12-13,Fulham,Liverpool,1438.4050883327866,1567.889569133044,-64.48448080025742,0.4,0.6,-0.19999999999999996,0.0,0.4,-0.4,1.2,2.2,-1.0000000000000002,1.2,2.2,-1.0000000000000002,1.4,0.6,-0.7999999999999999,-0.2,1.6,-1.8,1,1,draw
2020-21,2020-12-13,Leicester City FC,Brighton & Hove Albion,1535.228576270157,1474.8556244015722,125.37295186858478,0.6,0.2,0.39999999999999997,0.0,0.4,-0.4,1.8,1.0,0.8,1.6,1.0,0.6000000000000001,1.4,1.2,-0.19999999999999996,0.2,-0.2,0.4,3,0,home_win
2020-21,2020-12-13,Southampton FC,Sheffield United FC,1534.1740884067785,1402.3161469032798,196.85794150349875,0.6,0.0,0.6,0.2,0.0,0.2,2.0,0.0,2.0,2.2,0.4,1.8000000000000003,1.6,1.8,0.19999999999999996,0.6,-1.4,2.0,3,0,home_win
2020-21,2020-12-15,Manchester City,West Bromwich Albion FC,1533.7691264973691,1408.8844306376502,189.88469585971893,0.4,0.2,0.2,0.4,0.0,0.4,1.6,0.6,1.0,1.6,0.6,1.0,0.6,1.8,1.2000000000000002,1.0,-1.2,2.2,1,1,draw
2020-21,2020-12-15,Wolverhampton Wanderers FC,Chelsea,1491.2345380871766,1556.5223594898396,-0.28782140266298484,0.2,0.6,-0.39999999999999997,0.2,0.2,0.0,0.8,2.0,-1.2,0.6,1.8,-1.2000000000000002,1.6,0.6,-1.0,-1.0,1.2,-2.2,2,1,home_win
2020-21,2020-12-16,Arsenal,Southampton FC,1461.1972658744965,1542.6990398135342,-16.501773939037776,0.0,0.6,-0.6,0.2,0.2,0.0,0.2,2.0,-1.8,0.2,2.0,-1.8,1.6,1.0,-0.6000000000000001,-1.4,1.0,-2.4,1,1,draw
2020-21,2020-12-16,Fulham,Brighton & Hove Albion,1440.2400786405503,1463.4100048539356,41.830073786614776,0.2,0.2,0.0,0.2,0.4,-0.2,0.8,1.0,-0.19999999999999996,1.0,0.8,0.19999999999999996,1.6,1.4,-0.20000000000000018,-0.6,-0.6,0.0,0,0,draw
2020-21,2020-12-16,Leeds United,Newcastle United,1475.0222191017958,1496.52529338498,43.496925716815895,0.2,0.6,-0.39999999999999997,0.2,0.0,0.2,0.8,1.8,-1.0,0.8,1.2,-0.3999999999999999,1.8,1.2,-0.6000000000000001,-1.0,0.0,-1.0,5,2,home_win
2020-21,2020-12-16,Leicester City FC,Everton,1546.6741958177936,1509.1787857905208,102.49541002727278,0.6,0.4,0.19999999999999996,0.0,0.2,-0.2,1.8,1.4,0.40000000000000013,1.4,1.2,0.19999999999999996,1.2,1.4,0.19999999999999996,0.2,-0.2,0.4,0,2,away_win
2020-21,2020-12-16,Liverpool,Tottenham Hotspur,1566.0545788252803,1574.5369782322791,56.517600593001134,0.4,0.6,-0.19999999999999996,0.6,0.4,0.19999999999999996,1.8,2.2,-0.40000000000000013,2.0,1.2,0.8,0.6,0.2,-0.39999999999999997,1.4,1.0,0.3999999999999999,2,1,home_win
2020-21,2020-12-16,West Ham United FC,Crystal Palace,1524.6971481271235,1499.29284652402,90.40430160310348,0.8,0.4,0.4,0.0,0.2,-0.2,2.4,1.4,1.0,1.4,2.0,-0.6000000000000001,1.0,1.2,0.19999999999999996,0.4,0.8,-0.4,1,1,draw
2020-21,2020-12-17,Aston Villa,Burnley FC,1529.1544553473902,1450.9439242889807,143.21053105840952,0.4,0.4,0.0,0.0,0.4,-0.4,1.2,1.6,-0.40000000000000013,1.8,0.6,1.2000000000000002,1.6,1.2,-0.40000000000000013,0.2,-0.6,0.8,0,0,draw
2020-21,2020-12-17,Sheffield United FC,Manchester United,1393.791195496524,1536.1715351687599,-77.38033967223578,0.0,0.8,-0.8,0.0,0.2,-0.2,0.0,2.6,-2.6,0.4,2.0,-1.6,2.2,0.8,-1.4000000000000001,-1.8,1.2,-3.0,2,3,away_win
2020-21,2020-12-19,Crystal Palace,Liverpool,1501.8377144758053,1574.4420697685525,-7.6043552927471865,0.2,0.6,-0.39999999999999997,0.4,0.4,0.0,1.0,2.2,-1.2000000000000002,1.4,2.2,-0.8000000000000003,1.2,0.6,-0.6,0.2,1.6,-1.4000000000000001,0,7,away_win
2020-21,2020-12-19,Everton,Arsenal,1528.4798159341249,1461.671868282361,131.80794765176393,0.6,0.0,0.6,0.2,0.4,-0.2,2.0,0.4,1.6,1.4,0.4,0.9999999999999999,0.8,1.2,0.3999999999999999,0.6,-0.8,1.4,2,1,home_win
2020-21,2020-12-19,Newcastle United,Fulham,1481.204817056368,1439.0418961072724,107.16292094909568,0.4,0.2,0.2,0.0,0.4,-0.4,1.2,1.0,0.19999999999999996,1.2,1.0,0.19999999999999996,2.0,1.4,-0.6000000000000001,-0.8,-0.4,-0.4,1,1,draw
2020-21,2020-12-19,Southampton FC,Manchester City,1542.2244374056697,1528.7899607672089,78.43447663846086,0.4,0.4,0.0,0.4,0.4,0.0,1.6,1.6,0.0,1.8,1.6,0.19999999999999996,1.2,0.6,-0.6,0.6,1.0,-0.4,0,1,away_win
2020-21,2020-12-20,Brighton & Hove Albion,Sheffield United FC,1464.6081873872135,1385.98227156865,143.6259158185635,0.2,0.0,0.2,0.4,0.0,0.4,1.0,0.0,1.0,0.8,0.6,0.20000000000000007,1.4,2.0,0.6000000000000001,-0.6,-1.4,0.7999999999999999,1,1,draw
2020-21,2020-12-20,Manchester United,Leeds United,1543.980459096634,1490.3426954304077,118.63776366622619,0.8,0.4,0.4,0.2,0.2,0.0,2.6,1.4,1.2000000000000002,2.0,1.6,0.3999999999999999,1.0,1.4,0.3999999999999999,1.0,0.2,0.8,6,2,home_win
2020-21,2020-12-20,Tottenham Hotspur,Leicester City FC,1566.1494872890069,1527.3731656741895,103.77632161481733,0.4,0.4,0.0,0.4,0.0,0.4,1.6,1.2,0.40000000000000013,1.2,1.2,0.0,0.6,1.6,1.0,0.6,-0.4,1.0,0,2,away_win
2020-21,2020-12-20,West Bromwich Albion FC,Aston Villa,1413.8635963678105,1525.2511235434915,-46.38752717568104,0.2,0.4,-0.2,0.2,0.2,0.0,0.8,1.4,-0.5999999999999999,0.8,1.2,-0.3999999999999999,1.8,0.8,-1.0,-1.0,0.4,-1.4,0,3,away_win
2020-21,2020-12-21,Burnley FC,Wolverhampton Wanderers FC,1454.8472560928794,1501.2428222511717,18.60443384170776,0.4,0.4,0.0,0.4,0.2,0.2,1.6,1.4,0.20000000000000018,0.6,1.0,-0.4,1.2,1.6,0.40000000000000013,-0.6,-0.6,0.0,2,1,home_win
2020-21,2020-12-21,Chelsea,West Ham United FC,1546.5140753258445,1522.152280175338,89.3617951505064,0.4,0.6,-0.19999999999999996,0.2,0.2,0.0,1.4,2.0,-0.6000000000000001,1.2,1.4,-0.19999999999999996,0.8,1.2,0.3999999999999999,0.4,0.2,0.2,3,0,home_win
2020-21,2020-12-26,Arsenal,Chelsea,1455.2935032643534,1559.6097031132801,-39.31619984892677,0.0,0.4,-0.4,0.2,0.2,0.0,0.2,1.4,-1.2,0.6,1.4,-0.7999999999999999,1.6,0.8,-0.8,-1.0,0.6,-1.6,3,1,home_win
2020-21,2020-12-26,Aston Villa,Crystal Palace,1540.428413088215,1479.8300954674003,125.59831762081467,0.4,0.2,0.2,0.2,0.4,-0.2,1.4,1.0,0.3999999999999999,1.2,1.4,-0.19999999999999996,0.8,2.4,1.5999999999999999,0.4,-1.0,1.4,3,0,home_win
2020-21,2020-12-26,Fulham,Southampton FC,1442.0320656193942,1530.004496701157,-22.972431081762807,0.2,0.4,-0.2,0.6,0.2,0.39999999999999997,1.2,1.4,-0.19999999999999996,0.8,1.6,-0.8,1.0,1.2,0.19999999999999996,-0.2,0.4,-0.6000000000000001,0,0,draw
2020-21,2020-12-26,Leicester City FC,Manchester United,1546.7248966658433,1556.5657144400743,55.15918222576897,0.6,0.8,-0.20000000000000007,0.0,0.2,-0.2,1.8,2.6,-0.8,1.6,3.0,-1.4,1.0,1.4,0.3999999999999999,0.6,1.6,-1.0,2,2,draw
2020-21,2020-12-26,Manchester City,Newcastle United,1541.0099014717216,1478.2146475442462,127.79525392747541,0.6,0.4,0.19999999999999996,0.4,0.2,0.2,2.2,1.4,0.8000000000000003,1.8,1.4,0.40000000000000013,0.2,1.8,1.6,1.6,-0.4,2.0,2,0,home_win
2020-21,2020-12-26,Sheffield United FC,Everton,1389.8957327994572,1534.8581809521324,-79.96244815267528,0.0,0.6,-0.6,0.2,0.2,0.0,0.2,2.0,-1.8,0.8,1.2,-0.3999999999999999,2.0,0.6,-1.4,-1.2,0.6,-1.7999999999999998,0,1,away_win
2020-21,2020-12-27,Leeds United,Burnley FC,1477.7574400869673,1464.312288662027,78.44515142494038,0.4,0.4,0.0,0.0,0.4,-0.4,1.2,1.6,-0.40000000000000013,2.0,0.8,1.2,2.6,1.4,-1.2000000000000002,-0.6,-0.6,0.0,1,0,home_win
2020-21,2020-12-27,Liverpool,West Bromwich Albion FC,1596.4496887769576,1398.686306823087,262.7633819538705,0.6,0.2,0.39999999999999997,0.4,0.2,0.2,2.2,0.8,1.4000000000000001,3.0,0.8,2.2,0.6,2.2,1.6,2.4,-1.4,3.8,1,1,draw
2020-21,2020-12-27,West Ham United FC,Brighton & Hove Albion,1509.0566523879024,1460.6947261564064,113.361926231496,0.4,0.0,0.4,0.2,0.6,-0.39999999999999997,1.4,0.6,0.7999999999999999,1.2,0.6,0.6,1.8,1.4,-0.40000000000000013,-0.6,-0.8,0.20000000000000007,2,2,draw
2020-21,2020-12-27,Wolverhampton Wanderers FC,Tottenham Hotspur,1491.7777896820241,1546.797756297353,9.98003338467106,0.4,0.2,0.2,0.0,0.4,-0.4,1.2,1.0,0.19999999999999996,1.0,0.8,0.19999999999999996,1.8,1.0,-0.8,-0.8,-0.2,-0.6000000000000001,1,1,draw
2020-21,2020-12-28,Chelsea,Aston Villa,1542.9194947874566,1551.8640420937854,56.055452693671214,0.4,0.6,-0.19999999999999996,0.0,0.2,-0.2,1.2,2.0,-0.8,1.6,1.6,0.0,1.4,0.4,-0.9999999999999999,0.2,1.2,-1.0,1,1,draw
2020-21,2020-12-28,Crystal Palace,Leicester City FC,1468.3944664618298,1545.1504932312362,-11.75602676940639,0.2,0.6,-0.39999999999999997,0.4,0.2,0.2,1.0,2.0,-1.0,1.4,1.8,-0.40000000000000013,2.6,1.0,-1.6,-1.2,0.8,-2.0,1,1,draw
2020-21,2020-12-29,Brighton & Hove Albion,Arsenal,1463.846485249512,1471.9837115901769,56.86277365933506,0.0,0.2,-0.2,0.6,0.2,0.39999999999999997,0.6,0.8,-0.20000000000000007,0.8,1.0,-0.19999999999999996,1.6,1.4,-0.20000000000000018,-0.8,-0.4,-0.4,0,1,away_win
2020-21,2020-12-29,Burnley FC,Sheffield United FC,1456.5325214681436,1382.1574436865835,139.3750777815601,0.4,0.0,0.4,0.4,0.2,0.2,1.6,0.2,1.4000000000000001,0.8,0.8,0.0,0.6,2.0,1.4,0.2,-1.2,1.4,1,0,home_win
2020-21,2020-12-29,Manchester United,Wolverhampton Wanderers FC,1558.1401178746814,1491.4906202092193,131.64949766546215,0.6,0.2,0.39999999999999997,0.4,0.2,0.2,2.2,0.8,1.4000000000000001,2.8,0.8,1.9999999999999998,1.4,1.8,0.40000000000000013,1.4,-1.0,2.4,1,0,home_win
2020-21,2020-12-29,Southampton FC,West Ham United FC,1529.3442588576138,1505.904893294797,88.43936556281687,0.4,0.2,0.2,0.4,0.4,0.0,1.6,1.0,0.6000000000000001,1.2,1.2,0.0,0.6,2.0,1.4,0.6,-0.8,1.4,0,0,draw
2020-21,2020-12-29,West Bromwich Albion FC,Leeds United,1405.0751943189327,1485.5372072808507,-15.462012961917935,0.0,0.4,-0.4,0.4,0.0,0.4,0.4,1.2,-0.7999999999999999,0.8,2.0,-1.2,2.4,2.6,0.20000000000000018,-1.6,-0.6,-1.0,0,5,away_win
2020-21,2020-12-30,Newcastle United,Liverpool,1468.4959554421014,1590.060801281112,-56.56484583901056,0.4,0.6,-0.19999999999999996,0.2,0.4,-0.2,1.4,2.2,-0.8000000000000003,1.4,3.0,-1.6,1.8,0.6,-1.2000000000000002,-0.4,2.4,-2.8,0,0,draw
2020-21,2021-01-01,Everton,West Ham United FC,1542.596470065006,1508.3967928982665,99.19967716673955,0.8,0.2,0.6000000000000001,0.2,0.6,-0.39999999999999997,2.6,1.2,1.4000000000000001,1.4,1.0,0.3999999999999999,0.4,1.4,0.9999999999999999,1.0,-0.4,1.4,0,1,away_win
2020-21,2021-01-01,Manchester United,Aston Villa,1564.5224459305562,1553.4635925613593,76.05885336919687,0.6,0.6,0.0,0.4,0.4,0.0,2.2,2.2,0.0,2.4,1.6,0.7999999999999998,1.2,0.2,-1.0,1.2,1.4,-0.19999999999999996,2,1,home_win
2020-21,2021-01-02,Brighton & Hove Albion,Wolverhampton Wanderers FC,1452.2243011917387,1485.1082921533446,32.11600903839417,0.0,0.2,-0.2,0.6,0.2,0.39999999999999997,0.6,0.8,-0.20000000000000007,0.6,0.8,-0.20000000000000007,1.4,1.2,-0.19999999999999996,-0.8,-0.4,-0.4,3,3,draw
2020-21,2021-01-02,Crystal Palace,Sheffield United FC,1468.73270303775,1375.966800659808,157.76590237794198,0.0,0.0,0.0,0.6,0.2,0.39999999999999997,0.6,0.2,0.39999999999999997,0.6,0.6,0.0,2.6,1.8,-0.8,-2.0,-1.2,-0.8,2,0,home_win
2020-21,2021-01-02,Tottenham Hotspur,Leeds United,1547.084925770158,1504.6477294047902,107.43719636536775,0.2,0.6,-0.39999999999999997,0.4,0.0,0.4,1.0,1.8,-0.8,1.0,2.8,-1.7999999999999998,1.2,2.0,0.8,-0.2,0.8,-1.0,3,0,home_win
2020-21,2021-01-02,West Bromwich Albion FC,Arsenal,1385.9646721949932,1483.60589564795,-32.641223452956865,0.0,0.4,-0.4,0.4,0.2,0.2,0.4,1.4,-0.9999999999999999,0.6,1.2,-0.6,2.4,1.0,-1.4,-1.8,0.2,-2.0,0,4,away_win
2020-21,2021-01-03,Chelsea,Manchester City,1541.3199443198828,1550.7285935738664,55.59135074601636,0.2,0.6,-0.39999999999999997,0.2,0.4,-0.2,0.8,2.2,-1.4000000000000001,1.2,1.2,0.0,1.4,0.2,-1.2,-0.2,1.0,-1.2,1,3,away_win
2020-21,2021-01-03,Newcastle United,Leicester City FC,1470.1097889392324,1544.8122566553159,-9.702467716083447,0.2,0.4,-0.2,0.4,0.4,0.0,1.0,1.6,-0.6000000000000001,1.0,1.6,-0.6000000000000001,1.8,1.0,-0.8,-0.8,0.6,-1.4,1,2,away_win
2020-21,2021-01-04,Southampton FC,Liverpool,1526.8523592541442,1588.4469677839809,3.405391470163295,0.2,0.4,-0.2,0.6,0.6,0.0,1.2,1.8,-0.6000000000000001,0.8,2.2,-1.4000000000000001,0.4,0.6,0.19999999999999996,0.4,1.6,-1.2000000000000002,1,0,home_win
2020-21,2021-01-12,Burnley FC,Manchester United,1462.723164494919,1572.3676093078304,-44.64444481291139,0.6,0.8,-0.20000000000000007,0.2,0.2,0.0,2.0,2.6,-0.6000000000000001,0.8,2.8,-1.9999999999999998,0.4,1.4,0.9999999999999999,0.4,1.4,-0.9999999999999999,0,1,away_win
2020-21,2021-01-12,Sheffield United FC,Newcastle United,1367.345588660051,1460.3889758366831,-28.043387176632223,0.0,0.0,0.0,0.2,0.4,-0.2,0.2,0.4,-0.2,0.6,0.8,-0.20000000000000007,1.6,2.0,0.3999999999999999,-1.0,-1.2,0.19999999999999996,1,0,home_win
2020-21,2021-01-12,Wolverhampton Wanderers FC,Everton,1486.0300413503205,1529.8164112482386,21.21363010208188,0.2,0.8,-0.6000000000000001,0.4,0.0,0.4,1.0,2.4,-1.4,1.4,1.2,0.19999999999999996,1.6,0.4,-1.2000000000000002,-0.2,0.8,-1.0,1,2,away_win
2020-21,2021-01-13,Manchester City,Brighton & Hove Albion,1568.108390878767,1451.3025519947628,181.8058388840043,0.6,0.0,0.6,0.4,0.8,-0.4,2.2,0.8,1.4000000000000001,1.4,1.2,0.19999999999999996,0.4,1.4,0.9999999999999999,1.0,-0.2,1.2,1,0,home_win
2020-21,2021-01-13,Tottenham Hotspur,Fulham,1559.3395523176166,1442.6923034629374,181.64724885467922,0.2,0.0,0.2,0.4,0.8,-0.4,1.0,0.8,0.19999999999999996,1.2,0.4,0.7999999999999999,1.2,0.8,-0.3999999999999999,0.0,-0.4,0.4,1,1,draw
2020-21,2021-01-14,Arsenal,Crystal Palace,1500.5995164972137,1477.3539150375072,88.24560145970645,0.6,0.2,0.39999999999999997,0.2,0.4,-0.2,2.0,1.0,1.0,2.0,0.8,1.2,0.8,2.4,1.5999999999999999,1.2,-1.6,2.8,0,0,draw
2020-21,2021-01-16,Fulham,Chelsea,1447.4910607062368,1523.9401470149821,-11.449086308745336,0.0,0.2,-0.2,1.0,0.2,0.8,1.0,0.8,0.19999999999999996,0.6,1.4,-0.7999999999999999,0.6,1.8,1.2000000000000002,0.0,-0.4,0.4,0,1,away_win
2020-21,2021-01-16,Leeds United,Brighton & Hove Albion,1492.3931028573315,1446.1048219197942,111.28828093753737,0.6,0.0,0.6,0.0,0.6,-0.6,1.8,0.6,1.2000000000000002,2.6,1.2,1.4000000000000001,2.2,1.6,-0.6000000000000001,0.4,-0.4,0.8,0,1,away_win
2020-21,2021-01-16,Leicester City FC,Southampton FC,1554.5330697578652,1536.754347347338,82.77872241052728,0.4,0.2,0.2,0.4,0.6,-0.19999999999999996,1.6,1.2,0.40000000000000013,1.4,0.4,0.9999999999999999,1.2,0.4,-0.7999999999999999,0.2,0.0,0.2,2,0,home_win
2020-21,2021-01-16,West Ham United FC,Burnley FC,1521.176851715034,1454.0011090495627,132.17574266547126,0.2,0.4,-0.2,0.6,0.2,0.39999999999999997,1.2,1.4,-0.19999999999999996,0.8,0.6,0.20000000000000007,1.2,0.6,-0.6,-0.4,0.0,-0.4,1,0,home_win
2020-21,2021-01-16,Wolverhampton Wanderers FC,West Bromwich Albion FC,1475.420221618748,1368.9710513457296,171.44917027301835,0.0,0.0,0.0,0.4,0.4,0.0,0.4,0.4,0.0,1.2,0.4,0.7999999999999999,1.8,2.8,0.9999999999999998,-0.6,-2.4,1.7999999999999998,2,3,away_win
2020-21,2021-01-17,Liverpool,Manchester United,1578.5449796907872,1581.0896647531868,62.455314937600406,0.4,0.8,-0.4,0.4,0.2,0.2,1.6,2.6,-1.0,2.0,2.4,-0.3999999999999999,0.6,1.0,0.4,1.4,1.4,0.0,0,0,draw
2020-21,2021-01-17,Manchester City,Crystal Palace,1573.3061209537357,1479.8405832413769,158.4655377123588,0.8,0.2,0.6000000000000001,0.2,0.4,-0.2,2.6,1.0,1.6,1.6,0.6,1.0,0.4,2.2,1.8000000000000003,1.2,-1.6,2.8,4,0,home_win
2020-21,2021-01-17,Sheffield United FC,Tottenham Hotspur,1378.1509939217467,1554.5407950743172,-111.3898011525705,0.2,0.2,0.0,0.2,0.4,-0.2,0.8,1.0,-0.19999999999999996,0.4,1.2,-0.7999999999999999,1.0,1.2,0.19999999999999996,-0.6,0.0,-0.6,1,3,away_win
2020-21,2021-01-18,Arsenal,Newcastle United,1498.112848293344,1449.5835705749873,113.52927771835675,0.6,0.0,0.6,0.2,0.4,-0.2,2.0,0.4,1.6,1.8,0.4,1.4,0.6,1.2,0.6,1.2,-0.8,2.0,3,0,home_win
2020-21,2021-01-19,Leicester City FC,Chelsea,1566.0253483834429,1533.610735050102,97.41461333334087,0.6,0.4,0.19999999999999996,0.4,0.2,0.2,2.2,1.4,0.8000000000000003,1.8,1.4,0.40000000000000013,0.8,1.4,0.5999999999999999,1.0,0.0,1.0,2,0,home_win
2020-21,2021-01-19,West Ham United FC,West Bromwich Albion FC,1527.5460227539093,1383.5407161797136,209.00530657419563,0.4,0.2,0.2,0.4,0.2,0.2,1.6,0.8,0.8,0.8,0.8,0.0,1.0,3.0,2.0,-0.2,-2.2,2.0,2,1,home_win
2020-21,2021-01-20,Fulham,Manchester United,1437.820472671117,1582.8681576424763,-80.04768497135933,0.0,0.6,-0.6,0.8,0.4,0.4,0.8,2.2,-1.4000000000000001,0.4,1.2,-0.7999999999999999,0.6,0.6,0.0,-0.2,0.6,-0.8,1,2,away_win
2020-21,2021-01-20,Manchester City,Aston Villa,1584.0517333359207,1545.618429184085,103.43330415183573,1.0,0.4,0.6,0.0,0.4,-0.4,3.0,1.6,1.4,2.2,1.6,0.6000000000000001,0.2,0.6,0.39999999999999997,2.0,1.0,1.0,2,0,home_win
2020-21,2021-01-21,Liverpool,Burnley FC,1576.7664868014976,1447.6319380106875,194.1345487908102,0.2,0.4,-0.2,0.6,0.0,0.6,1.2,1.2,0.0,1.6,0.6,1.0,0.4,0.8,0.4,1.2,-0.2,1.4,0,1,away_win
2020-21,2021-01-23,Aston Villa,Newcastle United,1534.9565934896693,1437.6067398349624,162.34985365470698,0.4,0.0,0.4,0.2,0.2,0.0,1.4,0.2,1.2,1.6,0.2,1.4000000000000001,1.0,1.6,0.6000000000000001,0.6,-1.4,2.0,2,0,home_win
2020-21,2021-01-26,Crystal Palace,West Ham United FC,1469.0949708591918,1532.1643957839779,1.9305750752139375,0.2,0.6,-0.39999999999999997,0.4,0.4,0.0,1.0,2.2,-1.2000000000000002,0.6,1.2,-0.6,1.6,0.6,-1.0,-1.0,0.6,-1.6,2,3,away_win
2020-21,2021-01-26,Newcastle United,Leeds United,1429.146730019394,1479.2951999513682,14.851530068025795,0.0,0.4,-0.4,0.2,0.0,0.2,0.2,1.2,-1.0,0.2,1.6,-1.4000000000000001,1.6,2.0,0.3999999999999999,-1.4,-0.4,-0.9999999999999999,1,2,away_win
2020-21,2021-01-26,Southampton FC,Arsenal,1525.2620687217602,1510.089679033369,80.17238968839115,0.2,0.8,-0.6000000000000001,0.4,0.2,0.2,1.0,2.6,-1.6,0.2,2.2,-2.0,0.6,0.2,-0.39999999999999997,-0.4,2.0,-2.4,1,3,away_win
2020-21,2021-01-26,West Bromwich Albion FC,Manchester City,1378.922343149645,1594.7135690303364,-150.7912258806914,0.2,1.0,-0.8,0.2,0.0,0.2,0.8,3.0,-2.2,1.0,2.4,-1.4,2.8,0.2,-2.5999999999999996,-1.8,2.2,-4.0,0,5,away_win
2020-21,2021-01-27,Brighton & Hove Albion,Fulham,1459.2027248257575,1430.0845112466927,94.11821357906479,0.2,0.0,0.2,0.4,0.6,-0.19999999999999996,1.0,0.6,0.4,1.2,0.6,0.6,1.4,1.0,-0.3999999999999999,-0.2,-0.4,0.2,0,0,draw
2020-21,2021-01-27,Burnley FC,Aston Villa,1462.7025370670312,1543.4166033052377,-15.714066238206442,0.4,0.4,0.0,0.0,0.2,-0.2,1.2,1.4,-0.19999999999999996,0.4,1.4,-0.9999999999999999,0.6,1.0,0.4,-0.2,0.4,-0.6000000000000001,3,2,home_win
2020-21,2021-01-27,Chelsea,Wolverhampton Wanderers FC,1522.7096111145336,1460.850556784764,126.8590543297696,0.2,0.0,0.2,0.2,0.4,-0.2,0.8,0.4,0.4,0.8,1.4,-0.5999999999999999,1.8,2.0,0.19999999999999996,-1.0,-0.6,-0.4,0,0,draw
2020-21,2021-01-27,Everton,Leicester City FC,1540.4262309798112,1576.9264723190113,28.4997586607999,0.8,0.6,0.20000000000000007,0.0,0.4,-0.4,2.4,2.2,0.19999999999999973,1.4,1.8,-0.40000000000000013,0.6,0.8,0.20000000000000007,0.8,1.0,-0.19999999999999996,1,1,draw
2020-21,2021-01-27,Manchester United,Sheffield United FC,1590.6041190669005,1367.8018102672495,287.802308799651,0.8,0.2,0.6000000000000001,0.2,0.0,0.2,2.6,0.6,2.0,1.2,0.4,0.7999999999999999,0.4,1.4,0.9999999999999999,0.8,-1.0,1.8,1,2,away_win
2020-21,2021-01-28,Tottenham Hotspur,Liverpool,1564.8899787288144,1561.6958877451539,68.19409098366054,0.4,0.0,0.4,0.4,0.6,-0.19999999999999996,1.6,0.6,1.0,1.6,0.2,1.4000000000000001,1.0,0.6,-0.4,0.6,-0.4,1.0,1,3,away_win
2020-21,2021-01-30,Arsenal,Manchester United,1528.4908444433138,1573.8081660705122,19.682678372801547,0.8,0.6,0.20000000000000007,0.2,0.2,0.0,2.6,2.0,0.6000000000000001,2.2,1.2,1.0000000000000002,0.2,0.8,0.6000000000000001,2.0,0.4,1.6,0,0,draw
2020-21,2021-01-30,Crystal Palace,Wolverhampton Wanderers FC,1459.0394050137156,1464.34780073698,59.69160427673569,0.2,0.0,0.2,0.4,0.4,0.0,1.0,0.4,0.6,1.0,1.2,-0.19999999999999996,1.6,1.8,0.19999999999999996,-0.6,-0.6,0.0,1,0,home_win
2020-21,2021-01-30,Everton,Newcastle United,1539.6077768854757,1418.7195287895695,185.8882480959062,0.6,0.0,0.6,0.2,0.0,0.2,2.0,0.0,2.0,1.2,0.4,0.7999999999999999,0.8,2.0,1.2,0.4,-1.6,2.0,0,2,away_win
2020-21,2021-01-30,Manchester City,Sheffield United FC,1606.5401937404156,1384.5977632636377,286.9424304767779,1.0,0.4,0.6,0.0,0.0,0.0,3.0,1.2,1.8,3.0,0.8,2.2,0.2,1.4,1.2,2.8,-0.6,3.4,1,0,home_win
2020-21,2021-01-30,Southampton FC,Aston Villa,1506.8609033118155,1532.964624274839,38.896279036976466,0.2,0.2,0.0,0.4,0.2,0.2,1.0,0.8,0.19999999999999996,0.4,1.2,-0.7999999999999999,1.0,1.6,0.6000000000000001,-0.6,-0.4,-0.19999999999999996,0,1,away_win
2020-21,2021-01-30,West Bromwich Albion FC,Fulham,1367.0957184395659,1432.7290762749624,-0.6333578353965095,0.2,0.0,0.2,0.0,0.6,-0.6,0.6,0.6,0.0,0.8,0.4,0.4,3.6,0.8,-2.8,-2.8,-0.4,-2.4,2,2,draw
2020-21,2021-01-31,Brighton & Hove Albion,Tottenham Hotspur,1456.5581597974879,1546.9830377871267,-25.424877989638844,0.2,0.4,-0.2,0.4,0.4,0.0,1.0,1.6,-0.6000000000000001,0.8,1.8,-1.0,1.0,1.2,0.19999999999999996,-0.2,0.6,-0.8,1,0,home_win
2020-21,2021-01-31,Chelsea,Burnley FC,1519.2123671623176,1473.15451609743,111.0578510648877,0.2,0.6,-0.39999999999999997,0.4,0.0,0.4,1.0,1.8,-0.8,0.6,1.0,-0.4,1.2,0.8,-0.3999999999999999,-0.6,0.2,-0.8,2,0,home_win
2020-21,2021-01-31,Leicester City FC,Leeds United,1577.7449264133468,1489.7224011811927,153.02252523215407,0.6,0.6,0.0,0.4,0.0,0.4,2.2,1.8,0.40000000000000013,1.6,1.6,0.0,0.6,1.0,0.4,1.0,0.6,0.4,1,3,away_win
2020-21,2021-01-31,West Ham United FC,Liverpool,1542.219961629454,1579.6028286868416,27.617132942612443,0.8,0.2,0.6000000000000001,0.2,0.4,-0.2,2.6,1.0,1.6,1.4,0.6,0.7999999999999999,0.6,0.6,0.0,0.8,0.0,0.8,1,3,away_win
2020-21,2021-02-02,Manchester United,Southampton FC,1574.3740738201855,1495.7460322147817,143.62804160540372,0.4,0.2,0.2,0.4,0.2,0.2,1.6,0.8,0.8,0.8,0.4,0.4,0.6,1.2,0.6,0.2,-0.8,1.0,9,0,home_win
2020-21,2021-02-02,Newcastle United,Crystal Palace,1441.0577715671097,1467.3380495434308,38.71972202367897,0.2,0.4,-0.2,0.0,0.2,-0.2,0.6,1.4,-0.7999999999999999,0.6,1.0,-0.4,1.6,1.4,-0.20000000000000018,-1.0,-0.4,-0.6,1,2,away_win
2020-21,2021-02-02,Sheffield United FC,West Bromwich Albion FC,1381.3803750131735,1367.1139479232518,79.26642708992176,0.4,0.2,0.2,0.0,0.2,-0.2,1.2,0.8,0.3999999999999999,0.8,1.2,-0.3999999999999999,1.4,3.0,1.6,-0.6,-1.8,1.2000000000000002,2,1,home_win
2020-21,2021-02-02,Wolverhampton Wanderers FC,Arsenal,1456.0491562072648,1527.9249366936406,-6.875780486375788,0.0,0.6,-0.6,0.4,0.4,0.0,0.4,2.2,-1.8000000000000003,1.2,2.0,-0.8,1.8,0.2,-1.6,-0.6,1.8,-2.4,2,1,home_win
2020-21,2021-02-03,Aston Villa,West Ham United FC,1544.0794953718728,1526.0301390338032,83.04935633806963,0.4,0.8,-0.4,0.0,0.0,0.0,1.2,2.4,-1.2,1.2,1.6,-0.40000000000000013,1.4,1.2,-0.19999999999999996,-0.2,0.4,-0.6000000000000001,1,3,away_win
2020-21,2021-02-03,Burnley FC,Manchester City,1462.792374905827,1609.7575819908798,-81.96520708505273,0.4,1.0,-0.6,0.0,0.0,0.0,1.2,3.0,-1.8,0.8,2.6,-1.8,1.2,0.0,-1.2,-0.4,2.6,-3.0,0,2,away_win
2020-21,2021-02-03,Fulham,Leicester City FC,1432.7108467912765,1556.5348617398035,-58.824014948527065,0.0,0.6,-0.6,0.6,0.2,0.39999999999999997,0.6,2.0,-1.4,0.8,1.6,-0.8,1.2,1.0,-0.19999999999999996,-0.4,0.6,-1.0,0,2,away_win
2020-21,2021-02-03,Leeds United,Everton,1510.932465854736,1517.2695341079354,58.662931746800496,0.6,0.4,0.19999999999999996,0.0,0.2,-0.2,1.8,1.4,0.40000000000000013,2.0,0.8,1.2,1.2,1.0,-0.19999999999999996,0.8,-0.2,1.0,1,2,away_win
2020-21,2021-02-03,Liverpool,Brighton & Hove Albion,1595.7926512824924,1467.2886431340662,193.50400814842624,0.4,0.4,0.0,0.2,0.4,-0.2,1.4,1.6,-0.20000000000000018,1.2,1.0,0.19999999999999996,0.8,0.8,0.0,0.4,0.2,0.2,0,1,away_win
2020-21,2021-02-04,Tottenham Hotspur,Chelsea,1536.2525544505484,1529.5745083539205,71.6780460966279,0.4,0.4,0.0,0.2,0.2,0.0,1.4,1.4,0.0,1.6,0.8,0.8,1.2,1.0,-0.19999999999999996,0.4,-0.2,0.6000000000000001,0,1,away_win
2020-21,2021-02-06,Aston Villa,Arsenal,1525.560730755364,1517.7270616547578,72.83366910060613,0.4,0.4,0.0,0.0,0.4,-0.4,1.2,1.6,-0.40000000000000013,1.2,1.4,-0.19999999999999996,1.6,0.6,-1.0,-0.4,0.8,-1.2000000000000002,1,0,home_win
2020-21,2021-02-06,Burnley FC,Brighton & Hove Albion,1451.2668765309388,1482.3457475037335,33.921129027205325,0.4,0.6,-0.19999999999999996,0.0,0.2,-0.2,1.2,2.0,-0.8,0.8,0.6,0.20000000000000007,1.4,0.2,-1.2,-0.6,0.4,-1.0,1,1,draw
2020-21,2021-02-06,Fulham,West Ham United FC,1420.226492000324,1544.548903650312,-59.322411649988,0.0,0.8,-0.8,0.4,0.0,0.4,0.4,2.4,-2.0,0.6,2.0,-1.4,1.4,1.4,0.0,-0.8,0.6,-1.4,0,0,draw
2020-21,2021-02-06,Manchester United,Everton,1589.5902912073236,1528.9421246210527,125.64816658627092,0.4,0.4,0.0,0.4,0.2,0.2,1.6,1.4,0.20000000000000018,2.4,1.0,1.4,0.6,1.2,0.6,1.8,-0.2,2.0,3,3,draw
2020-21,2021-02-06,Newcastle United,Southampton FC,1429.947919310722,1480.5298148276436,14.418104483078423,0.2,0.2,0.0,0.0,0.0,0.0,0.6,0.6,0.0,0.8,0.4,0.4,1.8,3.0,1.2,-1.0,-2.6,1.6,3,2,home_win
2020-21,2021-02-07,Liverpool,Manchester City,1580.7355469128252,1621.283080365768,24.452466547057156,0.4,1.0,-0.6,0.2,0.0,0.2,1.4,3.0,-1.6,1.2,2.8,-1.5999999999999999,0.8,0.0,-0.8,0.4,2.8,-2.4,1,4,away_win
2020-21,2021-02-07,Sheffield United FC,Chelsea,1389.1376810533177,1541.6087887944668,-87.47110774114913,0.6,0.6,0.0,0.0,0.2,-0.2,1.8,2.0,-0.19999999999999996,1.2,0.8,0.3999999999999999,1.2,0.4,-0.7999999999999999,0.0,0.4,-0.4,1,2,away_win
2020-21,2021-02-07,Tottenham Hotspur,West Bromwich Albion FC,1524.218274010002,1359.3566418831076,229.8616321268944,0.2,0.2,0.0,0.2,0.2,0.0,0.8,0.8,0.0,1.0,1.4,-0.3999999999999999,1.4,2.6,1.2000000000000002,-0.4,-1.2,0.7999999999999999,2,0,home_win
2020-21,2021-02-07,Wolverhampton Wanderers FC,Leicester City FC,1466.2470312461476,1569.019216530756,-37.77218528460844,0.2,0.6,-0.39999999999999997,0.2,0.2,0.0,0.8,2.0,-1.2,1.0,1.6,-0.6000000000000001,1.4,0.8,-0.5999999999999999,-0.4,0.8,-1.2000000000000002,0,0,draw
2020-21,2021-02-08,Leeds United,Crystal Palace,1499.2598753416187,1478.4479017998185,85.81197354180017,0.4,0.4,0.0,0.0,0.2,-0.2,1.2,1.4,-0.19999999999999996,1.2,1.0,0.19999999999999996,1.6,1.6,0.0,-0.4,-0.6,0.19999999999999996,2,0,home_win
2020-21,2021-02-13,Brighton & Hove Albion,Aston Villa,1483.3189856836816,1533.494586948111,14.82439873557064,0.6,0.6,0.0,0.4,0.0,0.4,2.2,1.8,0.40000000000000013,0.8,1.4,-0.5999999999999999,0.2,1.2,1.0,0.6,0.2,0.39999999999999997,0,0,draw
2020-21,2021-02-13,Crystal Palace,Burnley FC,1467.0791624790165,1450.2936383509907,81.78552412802583,0.4,0.4,0.0,0.0,0.2,-0.2,1.2,1.4,-0.19999999999999996,1.0,1.0,0.0,2.0,1.4,-0.6000000000000001,-1.0,-0.4,-0.6,0,3,away_win
2020-21,2021-02-13,Leicester City FC,Liverpool,1567.9363087302454,1562.0059289913065,70.93037973893888,0.4,0.4,0.0,0.4,0.0,0.4,1.6,1.2,0.40000000000000013,1.2,1.4,-0.19999999999999996,0.8,1.6,0.8,0.4,-0.2,0.6000000000000001,3,1,home_win
2020-21,2021-02-13,Manchester City,Tottenham Hotspur,1640.0126982872866,1530.5269159197342,174.48578236755247,1.0,0.4,0.6,0.0,0.0,0.0,3.0,1.2,1.8,2.8,1.2,1.5999999999999999,0.2,1.2,1.0,2.6,0.0,2.6,3,0,home_win
2020-21,2021-02-14,Arsenal,Leeds United,1509.7932054620107,1510.6286146624207,64.16459079959009,0.4,0.6,-0.19999999999999996,0.2,0.0,0.2,1.4,1.8,-0.40000000000000013,1.4,1.6,-0.20000000000000018,0.8,1.0,0.19999999999999996,0.6,0.6,0.0,4,2,home_win
2020-21,2021-02-14,Everton,Fulham,1532.4087418839704,1421.9175269782843,175.4912149056861,0.4,0.0,0.4,0.4,0.6,-0.19999999999999996,1.6,0.6,1.0,1.6,0.6,1.0,1.6,1.2,-0.40000000000000013,0.0,-0.6,0.6,0,2,away_win
2020-21,2021-02-14,Southampton FC,Wolverhampton Wanderers FC,1470.9445631761075,1467.3299390466582,68.61462412944934,0.0,0.2,-0.2,0.0,0.4,-0.4,0.0,1.0,-1.0,0.6,0.8,-0.20000000000000007,3.6,1.0,-2.6,-3.0,-0.2,-2.8,1,2,away_win
2020-21,2021-02-14,West Bromwich Albion FC,Manchester United,1353.0479999733755,1586.123673944406,-168.07567397103048,0.0,0.4,-0.4,0.2,0.4,-0.2,0.2,1.6,-1.4000000000000001,0.8,3.0,-2.2,2.6,1.2,-1.4000000000000001,-1.8,1.8,-3.6,1,1,draw
2020-21,2021-02-15,Chelsea,Newcastle United,1549.1430454634162,1439.533170962258,174.60987450115817,0.6,0.4,0.19999999999999996,0.2,0.0,0.2,2.0,1.2,0.8,1.0,1.4,-0.3999999999999999,0.6,1.6,1.0,0.4,-0.2,0.6000000000000001,2,0,home_win
2020-21,2021-02-15,West Ham United FC,Sheffield United FC,1542.8578686723517,1381.6034243843683,226.25444428798346,0.6,0.4,0.19999999999999996,0.2,0.0,0.2,2.0,1.2,0.8,1.8,1.2,0.6000000000000001,1.4,1.6,0.20000000000000018,0.4,-0.4,0.8,3,0,home_win
2020-21,2021-02-17,Burnley FC,Fulham,1471.8386576890878,1443.909356322508,92.9293013665797,0.4,0.2,0.2,0.2,0.6,-0.39999999999999997,1.4,1.2,0.19999999999999996,1.4,0.8,0.5999999999999999,1.4,0.8,-0.5999999999999999,0.0,0.0,0.0,1,1,draw
2020-21,2021-02-17,Everton,Manchester City,1510.4169125397466,1649.3952570449976,-73.97834450525102,0.2,1.0,-0.8,0.4,0.0,0.4,1.0,3.0,-2.0,1.2,3.0,-1.8,1.8,0.2,-1.6,-0.6,2.8,-3.4,1,3,away_win
2020-21,2021-02-19,Wolverhampton Wanderers FC,Leeds United,1479.2795462679728,1498.3677521456837,45.911794122289166,0.4,0.6,-0.19999999999999996,0.4,0.0,0.4,1.6,1.8,-0.19999999999999996,0.8,2.0,-1.2,0.6,1.6,1.0,0.2,0.4,-0.2,1,0,home_win
2020-21,2021-02-20,Burnley FC,West Bromwich Albion FC,1469.2259477807938,1357.540503481009,176.68544429978488,0.2,0.0,0.2,0.4,0.4,0.0,1.0,0.4,0.6,1.0,0.8,0.19999999999999996,1.2,2.4,1.2,-0.2,-1.6,1.4000000000000001,0,0,draw
2020-21,2021-02-20,Fulham,Sheffield United FC,1446.522066230802,1374.1219248401185,137.40014139068353,0.2,0.4,-0.2,0.6,0.0,0.6,1.2,1.2,0.0,1.0,1.0,0.0,1.0,1.6,0.6000000000000001,0.0,-0.6,0.6,1,0,home_win
2020-21,2021-02-20,Liverpool,Everton,1550.0263926118705,1498.5634058080395,116.46298680383097,0.4,0.2,0.2,0.0,0.2,-0.2,1.2,0.8,0.3999999999999999,1.6,1.2,0.40000000000000013,2.0,2.2,0.20000000000000018,-0.4,-1.0,0.6,0,2,away_win
2020-21,2021-02-20,Southampton FC,Chelsea,1458.9949559547929,1557.1810346118446,-33.18607865705167,0.0,0.8,-0.8,0.0,0.2,-0.2,0.0,2.6,-2.6,0.8,1.4,-0.5999999999999999,3.6,0.2,-3.4,-2.8,1.2,-4.0,1,1,draw
2020-21,2021-02-21,Arsenal,Manchester City,1522.0540679787478,1661.2487637767047,-74.19469579795691,0.4,1.0,-0.6,0.2,0.0,0.2,1.4,3.0,-1.6,1.6,2.6,-1.0,1.2,0.4,-0.7999999999999999,0.4,2.2,-1.8000000000000003,0,1,away_win
2020-21,2021-02-21,Aston Villa,Leicester City FC,1533.92100869797,1579.9158451096814,19.005163588288497,0.4,0.4,0.0,0.2,0.4,-0.2,1.4,1.6,-0.20000000000000018,1.0,1.4,-0.3999999999999999,1.2,1.0,-0.19999999999999996,-0.2,0.4,-0.6000000000000001,1,2,away_win
2020-21,2021-02-21,Manchester United,Newcastle United,1581.6311704367724,1431.4951818138297,215.1359886229427,0.2,0.4,-0.2,0.6,0.0,0.6,1.2,1.2,0.0,2.8,1.4,1.4,1.2,1.6,0.40000000000000013,1.6,-0.2,1.8,3,1,home_win
2020-21,2021-02-21,West Ham United FC,Tottenham Hotspur,1550.3393682166015,1521.1443571620232,94.19501105457834,0.6,0.2,0.39999999999999997,0.2,0.0,0.2,2.0,0.6,1.4,2.0,0.6,1.4,1.2,1.6,0.40000000000000013,0.8,-1.0,1.8,2,1,home_win
2020-21,2021-02-22,Brighton & Hove Albion,Crystal Palace,1482.8925639338227,1445.5341431409195,102.35842079290319,0.4,0.4,0.0,0.6,0.0,0.6,1.8,1.2,0.6000000000000001,0.6,1.0,-0.4,0.2,1.8,1.6,0.4,-0.8,1.2000000000000002,1,2,away_win
2020-21,2021-02-23,Leeds United,Southampton FC,1489.6815613426568,1459.947233792234,94.73432755042268,0.4,0.0,0.4,0.0,0.2,-0.2,1.2,0.2,1.0,1.6,0.8,0.8,1.6,3.2,1.6,0.0,-2.4,2.4,3,0,home_win
2020-21,2021-02-27,Leeds United,Aston Villa,1502.5247233955824,1523.3745410615213,44.15018233406113,0.4,0.4,0.0,0.0,0.2,-0.2,1.2,1.4,-0.19999999999999996,1.6,0.8,0.8,1.4,1.0,-0.3999999999999999,0.2,-0.2,0.4,0,1,away_win
2020-21,2021-02-27,Manchester City,West Ham United FC,1669.1451492889692,1557.6927474894148,176.4524017995543,1.0,0.6,0.4,0.0,0.2,-0.2,3.0,2.0,1.0,2.6,1.8,0.8,0.4,1.0,0.6,2.2,0.8,1.4000000000000001,2,1,home_win
2020-21,2021-02-27,Newcastle United,Wolverhampton Wanderers FC,1424.7538600194528,1487.9657370709997,1.788122948453065,0.4,0.6,-0.19999999999999996,0.0,0.2,-0.2,1.2,2.0,-0.8,1.4,1.0,0.3999999999999999,1.8,0.6,-1.2000000000000002,-0.4,0.4,-0.8,1,1,draw
2020-21,2021-02-27,West Bromwich Albion FC,Brighton & Hove Albion,1362.2285844438682,1470.028829609515,-42.80024516564686,0.0,0.4,-0.4,0.6,0.4,0.19999999999999996,0.6,1.6,-1.0,0.8,0.8,0.0,1.4,0.6,-0.7999999999999999,-0.6,0.2,-0.8,1,0,home_win
2020-21,2021-02-28,Chelsea,Manchester United,1556.2287567744033,1588.3724922311494,32.85626454325393,0.8,0.4,0.4,0.2,0.6,-0.39999999999999997,2.6,1.8,0.8,1.6,3.2,-1.6,0.4,1.0,0.6,1.2,2.2,-1.0000000000000002,0,0,draw
2020-21,2021-02-28,Crystal Palace,Fulham,1458.397877465227,1452.761408787469,70.6364686777581,0.6,0.4,0.19999999999999996,0.0,0.4,-0.4,1.8,1.6,0.19999999999999996,1.0,0.8,0.19999999999999996,1.4,0.6,-0.7999999999999999,-0.4,0.2,-0.6000000000000001,0,0,draw
2020-21,2021-02-28,Leicester City FC,Arsenal,1590.46231274613,1514.1576824664833,141.30463027964674,0.6,0.2,0.39999999999999997,0.2,0.2,0.0,2.0,0.8,1.2,1.6,1.0,0.6000000000000001,1.0,1.2,0.19999999999999996,0.6,-0.2,0.8,1,3,away_win
2020-21,2021-02-28,Sheffield United FC,Liverpool,1367.8825822834515,1530.1785113121991,-97.29592902874765,0.2,0.2,0.0,0.0,0.0,0.0,0.6,0.6,0.0,0.6,1.0,-0.4,1.6,2.2,0.6000000000000001,-1.0,-1.2,0.19999999999999996,0,2,away_win
2020-21,2021-02-28,Tottenham Hotspur,Burnley FC,1513.79097788921,1464.5378668179346,114.25311107127527,0.2,0.2,0.0,0.0,0.6,-0.6,0.6,1.2,-0.6,0.6,1.0,-0.4,1.4,0.8,-0.5999999999999999,-0.8,0.2,-1.0,4,0,home_win
2020-21,2021-03-01,Everton,Southampton FC,1518.411287107711,1447.1040717393084,136.30721536840247,0.4,0.0,0.4,0.2,0.2,0.0,1.4,0.2,1.2,1.6,0.8,0.8,1.8,3.6,1.8,-0.2,-2.8,2.5999999999999996,1,0,home_win
2020-21,2021-03-02,Manchester City,Wolverhampton Wanderers FC,1674.4623032920344,1488.0172029321639,251.4451003598706,1.0,0.6,0.4,0.0,0.4,-0.4,3.0,2.2,0.7999999999999998,2.6,1.2,1.4000000000000001,0.6,0.6,0.0,2.0,0.6,1.4,4,1,home_win
2020-21,2021-03-03,Burnley FC,Leicester City FC,1451.74069695883,1569.6772115109463,-52.93651455211625,0.2,0.6,-0.39999999999999997,0.6,0.2,0.39999999999999997,1.2,2.0,-0.8,1.0,1.6,-0.6000000000000001,1.2,1.0,-0.19999999999999996,-0.2,0.6,-0.8,1,1,draw
2020-21,2021-03-03,Crystal Palace,Manchester United,1456.3923528630987,1589.3153624916881,-67.9230096285894,0.4,0.4,0.0,0.2,0.6,-0.39999999999999997,1.4,1.8,-0.40000000000000013,0.8,3.2,-2.4000000000000004,1.4,1.0,-0.3999999999999999,-0.6,2.2,-2.8000000000000003,0,0,draw
2020-21,2021-03-03,Sheffield United FC,Aston Villa,1356.9767165029878,1534.6384893944978,-112.66177289151005,0.2,0.4,-0.2,0.0,0.2,-0.2,0.6,1.4,-0.7999999999999999,0.6,0.8,-0.20000000000000007,1.8,1.0,-0.8,-1.2,-0.2,-1.0,1,0,home_win
2020-21,2021-03-04,Fulham,Tottenham Hotspur,1454.7669333895974,1526.5881477483144,-6.821214358717043,0.4,0.4,0.0,0.6,0.0,0.6,1.8,1.2,0.6000000000000001,0.8,1.4,-0.5999999999999999,0.2,1.2,1.0,0.6,0.2,0.39999999999999997,0,1,away_win
2020-21,2021-03-04,Liverpool,Chelsea,1541.0843770926629,1555.2858865138646,50.79849057879824,0.2,0.6,-0.39999999999999997,0.0,0.4,-0.4,0.6,2.2,-1.6,0.8,1.2,-0.3999999999999999,2.0,0.4,-1.6,-1.2,0.8,-2.0,0,1,away_win
2020-21,2021-03-04,West Bromwich Albion FC,Everton,1373.45428059183,1524.6776696911413,-86.22338909931136,0.2,0.4,-0.2,0.4,0.2,0.2,1.0,1.4,-0.3999999999999999,0.6,1.4,-0.7999999999999999,1.0,1.6,0.6000000000000001,-0.4,-0.2,-0.2,0,1,away_win
2020-21,2021-03-06,Aston Villa,Wolverhampton Wanderers FC,1521.5048920257439,1481.3533171651238,105.15157486062003,0.4,0.4,0.0,0.2,0.4,-0.2,1.4,1.6,-0.20000000000000018,0.6,1.0,-0.4,0.6,1.2,0.6,0.0,-0.2,0.2,0,0,draw
2020-21,2021-03-06,Brighton & Hove Albion,Leicester City FC,1458.8031334615532,1568.1652579009576,-44.3621244394044,0.2,0.4,-0.2,0.4,0.4,0.0,1.0,1.6,-0.6000000000000001,0.6,1.4,-0.7999999999999999,0.8,1.2,0.3999999999999999,-0.2,0.2,-0.4,1,2,away_win
2020-21,2021-03-06,Burnley FC,Arsenal,1453.2526505688188,1534.942783701667,-16.690133132848132,0.2,0.4,-0.2,0.6,0.0,0.6,1.2,1.2,0.0,1.0,1.6,-0.6000000000000001,1.2,1.4,0.19999999999999996,-0.2,0.2,-0.4,1,1,draw
2020-21,2021-03-06,Sheffield United FC,Southampton FC,1370.1103138717417,1440.837689155878,-5.727375284136315,0.2,0.0,0.2,0.0,0.2,-0.2,0.6,0.2,0.39999999999999997,0.4,0.8,-0.4,1.6,2.0,0.3999999999999999,-1.2,-1.2,0.0,0,2,away_win
2020-21,2021-03-07,Liverpool,Fulham,1529.6326092528975,1444.96323849915,149.66937075374744,0.2,0.4,-0.2,0.0,0.4,-0.4,0.6,1.6,-1.0,0.8,0.8,0.0,2.0,0.4,-1.6,-1.2,0.4,-1.6,0,1,away_win
2020-21,2021-03-07,Manchester City,Manchester United,1681.1261890590745,1587.384912314456,158.74127674461852,1.0,0.2,0.8,0.0,0.8,-0.8,3.0,1.4,1.6,2.6,1.4,1.2000000000000002,0.6,1.0,0.4,2.0,0.4,1.6,0,2,away_win
2020-21,2021-03-07,Tottenham Hotspur,Crystal Palace,1536.3918426387618,1458.3228030403309,143.0690395984309,0.6,0.2,0.39999999999999997,0.0,0.4,-0.4,1.8,1.0,0.8,1.6,0.4,1.2000000000000002,1.0,1.2,0.19999999999999996,0.6,-0.8,1.4,4,1,home_win
2020-21,2021-03-07,West Bromwich Albion FC,Newcastle United,1365.886265369483,1424.7023941582886,6.1838712111944005,0.2,0.2,0.0,0.4,0.2,0.2,1.0,0.8,0.19999999999999996,0.4,1.2,-0.7999999999999999,0.8,2.0,1.2,-0.4,-0.8,0.4,0,0,draw
2020-21,2021-03-08,Chelsea,Everton,1566.73765435363,1532.2456849134883,99.4919694401417,0.6,0.6,0.0,0.4,0.0,0.4,2.2,1.8,0.40000000000000013,1.2,1.0,0.19999999999999996,0.4,1.0,0.6,0.8,0.0,0.8,2,0,home_win
2020-21,2021-03-08,West Ham United FC,Leeds United,1552.3755934863495,1491.260775062606,126.1148184237436,0.6,0.4,0.19999999999999996,0.2,0.0,0.2,2.0,1.2,0.8,1.8,1.4,0.40000000000000013,0.8,1.2,0.3999999999999999,1.0,0.2,0.8,2,0,home_win
2020-21,2021-03-10,Manchester City,Southampton FC,1659.7129471991902,1455.590440883855,269.12250631533516,0.8,0.2,0.6000000000000001,0.0,0.2,-0.2,2.4,0.8,1.5999999999999999,2.0,0.8,1.2,1.0,1.4,0.3999999999999999,1.0,-0.6,1.6,5,2,home_win
2020-21,2021-03-12,Newcastle United,Aston Villa,1424.8803614867422,1518.5675284096037,-28.68716692286148,0.2,0.2,0.0,0.4,0.4,0.0,1.0,1.0,0.0,1.0,0.4,0.6,1.6,0.6,-1.0,-0.6,-0.2,-0.39999999999999997,1,1,draw
2020-21,2021-03-13,Crystal Palace,West Bromwich Albion FC,1447.6475917844955,1365.7082980410294,146.93929374346612,0.2,0.2,0.0,0.4,0.6,-0.19999999999999996,1.0,1.2,-0.19999999999999996,0.6,0.4,0.19999999999999996,1.6,0.4,-1.2000000000000002,-1.0,0.0,-1.0,1,0,home_win
2020-21,2021-03-13,Everton,Burnley FC,1521.4274143759837,1453.7326620387796,132.69475233720414,0.6,0.0,0.6,0.0,0.8,-0.8,1.8,0.8,1.0,1.0,0.6,0.4,1.0,1.4,0.3999999999999999,0.0,-0.8,0.8,1,2,away_win
2020-21,2021-03-13,Fulham,Manchester City,1459.0229938012487,1665.8450436805929,-141.82204987934415,0.4,0.8,-0.4,0.4,0.0,0.4,1.6,2.4,-0.7999999999999998,0.6,2.4,-1.7999999999999998,0.4,1.2,0.7999999999999999,0.2,1.2,-1.0,0,3,away_win
2020-21,2021-03-13,Leeds United,Chelsea,1481.4784185259475,1577.5559248911345,-31.07750636518699,0.2,0.6,-0.39999999999999997,0.0,0.4,-0.4,0.6,2.2,-1.6,1.0,1.2,-0.19999999999999996,1.6,0.2,-1.4000000000000001,-0.6,1.0,-1.6,0,0,draw
2020-21,2021-03-14,Arsenal,Tottenham Hotspur,1534.4627722317061,1547.0670538945972,52.395718337108974,0.4,0.6,-0.19999999999999996,0.2,0.0,0.2,1.4,1.8,-0.40000000000000013,1.6,2.0,-0.3999999999999999,1.2,1.2,0.0,0.4,0.8,-0.4,2,1,home_win
2020-21,2021-03-14,Leicester City FC,Sheffield United FC,1576.8953073017958,1355.3575621437647,286.53774515803116,0.6,0.2,0.39999999999999997,0.2,0.0,0.2,2.0,0.6,1.4,1.8,0.2,1.6,1.4,1.6,0.20000000000000018,0.4,-1.4,1.7999999999999998,5,0,home_win
2020-21,2021-03-14,Manchester United,West Ham United FC,1608.7981541743402,1562.157950023008,111.64020415133223,0.4,0.6,-0.19999999999999996,0.6,0.2,0.39999999999999997,1.8,2.0,-0.19999999999999996,1.2,1.6,-0.40000000000000013,0.4,0.6,0.19999999999999996,0.8,1.0,-0.19999999999999996,1,0,home_win
2020-21,2021-03-14,Southampton FC,Brighton & Hove Albion,1449.4583444024524,1450.073084060715,64.38526034173742,0.2,0.0,0.2,0.2,0.4,-0.2,0.8,0.4,0.4,1.0,0.6,0.4,2.0,1.2,-0.8,-1.0,-0.6,-0.4,1,2,away_win
2020-21,2021-03-15,Wolverhampton Wanderers FC,Liverpool,1484.290680781264,1515.5728539507988,33.71782683046513,0.4,0.2,0.2,0.4,0.0,0.4,1.6,0.6,1.0,1.0,0.6,0.4,1.2,1.4,0.19999999999999996,-0.2,-0.8,0.6000000000000001,0,1,away_win
2020-21,2021-03-19,Fulham,Leeds United,1448.2944512014199,1482.3705230901942,30.923928111225678,0.4,0.2,0.2,0.2,0.2,0.0,1.4,0.8,0.5999999999999999,0.4,0.6,-0.19999999999999996,0.8,0.8,0.0,-0.4,-0.2,-0.2,1,2,away_win
2020-21,2021-03-20,Brighton & Hove Albion,Newcastle United,1461.9053145895787,1425.7041732544883,101.20114133509037,0.2,0.0,0.2,0.2,0.6,-0.39999999999999997,0.8,0.6,0.20000000000000007,0.8,0.6,0.20000000000000007,1.2,1.4,0.19999999999999996,-0.4,-0.8,0.4,3,0,home_win
2020-21,2021-03-21,Aston Villa,Tottenham Hotspur,1517.7437166418576,1538.5637943951663,44.179922246691376,0.2,0.6,-0.39999999999999997,0.4,0.0,0.4,1.0,1.8,-0.8,0.6,2.2,-1.6,0.8,1.0,0.19999999999999996,-0.2,1.2,-1.4,0,2,away_win
2020-21,2021-03-21,West Ham United FC,Arsenal,1555.2650071215107,1542.966031731137,77.2989753903737,0.6,0.6,0.0,0.0,0.2,-0.2,1.8,2.0,-0.19999999999999996,1.6,2.0,-0.3999999999999999,0.8,1.2,0.3999999999999999,0.8,0.8,0.0,3,3,draw
2020-21,2021-04-03,Arsenal,Liverpool,1545.1548782646012,1526.5402957187575,83.61458254584363,0.4,0.4,0.0,0.4,0.0,0.4,1.6,1.2,0.40000000000000013,1.8,0.6,1.2000000000000002,1.4,0.8,-0.5999999999999999,0.4,-0.2,0.6000000000000001,0,3,away_win
2020-21,2021-04-03,Chelsea,West Bromwich Albion FC,1576.6638203268878,1359.702217655608,281.96160267127993,0.4,0.2,0.2,0.6,0.4,0.19999999999999996,1.8,1.0,0.8,0.8,0.2,0.6000000000000001,0.2,0.4,0.2,0.6,-0.2,0.8,2,5,away_win
2020-21,2021-04-03,Leeds United,Sheffield United FC,1493.2582423235983,1348.9101969914254,209.3480453321729,0.4,0.2,0.2,0.2,0.0,0.2,1.4,0.6,0.7999999999999999,1.0,0.2,0.8,0.8,2.0,1.2,0.2,-1.8,2.0,2,1,home_win
2020-21,2021-04-03,Leicester City FC,Manchester City,1583.342672454135,1676.5735862804218,-28.230913826286724,0.6,0.8,-0.20000000000000007,0.2,0.0,0.2,2.0,2.4,-0.3999999999999999,2.2,2.8,-0.5999999999999996,1.2,1.2,0.0,1.0,1.6,-0.6000000000000001,0,2,away_win
2020-21,2021-04-04,Aston Villa,Fulham,1500.8465306931691,1437.4067319680157,128.43979872515342,0.2,0.2,0.0,0.4,0.2,0.2,1.0,0.8,0.19999999999999996,0.4,0.4,0.0,0.8,1.2,0.3999999999999999,-0.4,-0.8,0.4,3,1,home_win
2020-21,2021-04-04,Manchester United,Brighton & Hove Albion,1615.6910970758374,1474.4473410458766,206.24375602996088,0.6,0.4,0.19999999999999996,0.4,0.0,0.4,2.2,1.2,1.0000000000000002,1.2,1.4,-0.19999999999999996,0.2,1.2,1.0,1.0,0.2,0.8,2,1,home_win
2020-21,2021-04-04,Newcastle United,Tottenham Hotspur,1413.1621467981904,1555.4609803438548,-77.29883354566437,0.0,0.8,-0.8,0.6,0.0,0.6,0.6,2.4,-1.7999999999999998,0.6,2.4,-1.7999999999999998,1.6,0.6,-1.0,-1.0,1.8,-2.8,2,2,draw
2020-21,2021-04-04,Southampton FC,Burnley FC,1437.6261138735888,1467.3764529551993,35.24966091838951,0.2,0.2,0.0,0.0,0.6,-0.6,0.6,1.2,-0.6,1.0,0.8,0.19999999999999996,2.2,1.4,-0.8000000000000003,-1.2,-0.6,-0.6,3,2,home_win
2020-21,2021-04-05,Everton,Crystal Palace,1507.783623459564,1453.653672169917,119.12995128964712,0.6,0.4,0.19999999999999996,0.0,0.4,-0.4,1.8,1.6,0.19999999999999996,1.0,0.8,0.19999999999999996,0.8,1.0,0.19999999999999996,0.2,-0.2,0.4,1,1,draw
2020-21,2021-04-05,Wolverhampton Wanderers FC,West Ham United FC,1473.3232390133053,1553.0761605880466,-14.752921574741322,0.2,0.4,-0.2,0.4,0.2,0.2,1.0,1.4,-0.3999999999999999,0.6,1.6,-1.0,1.2,1.4,0.19999999999999996,-0.6,0.2,-0.8,2,3,away_win
2020-21,2021-04-09,Fulham,Wolverhampton Wanderers FC,1427.7124015471218,1463.7476072079774,28.96479433914442,0.2,0.0,0.2,0.0,0.4,-0.4,0.6,0.4,0.19999999999999996,0.6,0.8,-0.20000000000000007,1.8,1.8,0.0,-1.2,-1.0,-0.19999999999999996,0,1,away_win
2020-21,2021-04-10,Crystal Palace,Chelsea,1456.954165010914,1547.4310358115563,-25.476870800642246,0.2,0.4,-0.2,0.6,0.4,0.19999999999999996,1.2,1.6,-0.40000000000000013,0.6,1.0,-0.4,1.0,1.0,0.0,-0.4,0.0,-0.4,1,4,away_win
2020-21,2021-04-10,Liverpool,Aston Villa,1548.1724140310223,1510.540861114063,102.63155291695921,0.6,0.2,0.39999999999999997,0.0,0.4,-0.4,1.8,1.0,0.8,1.2,0.8,0.3999999999999999,0.4,1.0,0.6,0.8,-0.2,1.0,2,1,home_win
2020-21,2021-04-10,Manchester City,Leeds United,1690.357435080122,1497.8696112984328,257.48782378168926,0.8,0.4,0.4,0.0,0.2,-0.2,2.4,1.4,1.0,2.8,0.8,1.9999999999999998,1.0,1.0,0.0,1.8,-0.2,2.0,1,2,away_win
2020-21,2021-04-11,Burnley FC,Newcastle United,1458.3875528924145,1415.3509894446356,108.03656344777892,0.2,0.0,0.2,0.4,0.8,-0.4,1.0,0.8,0.19999999999999996,1.2,0.8,0.3999999999999999,2.0,1.4,-0.6000000000000001,-0.8,-0.6,-0.20000000000000007,1,2,away_win
2020-21,2021-04-11,Sheffield United FC,Arsenal,1344.298828016591,1523.5227599523364,-114.22393193574544,0.2,0.4,-0.2,0.0,0.4,-0.4,0.6,1.6,-1.0,0.4,1.8,-1.4,2.2,1.8,-0.40000000000000013,-1.8,0.0,-1.8,0,3,away_win
2020-21,2021-04-11,Tottenham Hotspur,Manchester United,1553.2721376974096,1620.3661752535138,-2.09403755610424,0.6,0.6,0.0,0.2,0.4,-0.2,2.0,2.2,-0.20000000000000018,2.0,1.0,1.0,1.0,0.2,-0.8,1.0,0.8,0.19999999999999996,1,3,away_win
2020-21,2021-04-11,West Ham United FC,Leicester City FC,1562.6517923933745,1569.5588236544347,58.09296873893982,0.4,0.4,0.0,0.2,0.2,0.0,1.4,1.4,0.0,1.8,1.8,0.0,1.6,1.4,-0.20000000000000018,0.2,0.4,-0.2,3,2,home_win
2020-21,2021-04-12,Brighton & Hove Albion,Everton,1469.7722628682002,1504.483130618567,30.289132249633212,0.4,0.4,0.0,0.0,0.2,-0.2,1.2,1.4,-0.19999999999999996,1.4,0.8,0.5999999999999999,1.2,1.0,-0.19999999999999996,0.2,-0.2,0.4,0,0,draw
2020-21,2021-04-12,West Bromwich Albion FC,Southampton FC,1388.9350021709395,1446.6150139363735,7.319988234565926,0.4,0.4,0.0,0.2,0.0,0.2,1.4,1.2,0.19999999999999996,1.2,1.6,-0.40000000000000013,0.8,2.0,1.2,0.4,-0.4,0.8,3,0,home_win
2020-21,2021-04-16,Everton,Tottenham Hotspur,1505.3527200209344,1538.3625434713529,31.99017654958152,0.2,0.4,-0.2,0.4,0.2,0.2,1.0,1.4,-0.3999999999999999,0.6,2.0,-1.4,1.0,1.6,0.6000000000000001,-0.4,0.4,-0.8,2,2,draw
2020-21,2021-04-17,Newcastle United,West Ham United FC,1428.3640388742472,1570.9951521610758,-77.63111328682862,0.2,0.6,-0.39999999999999997,0.6,0.2,0.39999999999999997,1.2,2.0,-0.8,1.0,2.2,-1.2000000000000002,1.4,1.6,0.20000000000000018,-0.4,0.6,-1.0,3,2,home_win
2020-21,2021-04-17,Wolverhampton Wanderers FC,Sheffield United FC,1474.5793549804398,1332.3534811970396,207.22587378340017,0.2,0.2,0.0,0.2,0.0,0.2,0.8,0.6,0.20000000000000007,0.8,0.4,0.4,1.6,2.4,0.7999999999999998,-0.8,-2.0,1.2,1,0,home_win
2020-21,2021-04-18,Arsenal,Fulham,1535.4681067718877,1416.8806537746593,183.5874529972284,0.4,0.2,0.2,0.4,0.0,0.4,1.6,0.6,1.0,1.8,0.6,1.2000000000000002,1.6,1.8,0.19999999999999996,0.2,-1.2,1.4,1,1,draw
2020-21,2021-04-18,Manchester United,Burnley FC,1635.2757694795705,1445.374503462803,254.90126601676752,0.8,0.2,0.6000000000000001,0.2,0.4,-0.2,2.6,1.0,1.6,1.6,1.4,0.20000000000000018,0.4,1.6,1.2000000000000002,1.2,-0.2,1.4,3,1,home_win
2020-21,2021-04-19,Leeds United,Liverpool,1514.1677617567273,1555.3014646673469,23.866297089380396,0.6,0.6,0.0,0.2,0.0,0.2,2.0,1.8,0.19999999999999996,1.2,1.2,0.0,1.0,0.6,-0.4,0.2,0.6,-0.39999999999999997,1,1,draw
2020-21,2021-04-20,Chelsea,Brighton & Hove Albion,1563.650085146821,1468.9026734658328,159.7474116809883,0.6,0.4,0.19999999999999996,0.2,0.2,0.0,2.0,1.4,0.6000000000000001,1.8,1.4,0.40000000000000013,1.2,1.0,-0.19999999999999996,0.6,0.4,0.19999999999999996,0,0,draw
2020-21,2021-04-21,Aston Villa,Manchester City,1503.4118104777385,1674.0592846218276,-105.64747414408907,0.2,0.6,-0.39999999999999997,0.4,0.0,0.4,1.0,1.8,-0.8,1.0,2.2,-1.2000000000000002,1.2,1.2,0.0,-0.2,1.0,-1.2,1,2,away_win
2020-21,2021-04-21,Tottenham Hotspur,Southampton FC,1539.2807015696117,1429.483660237655,174.79704133195673,0.2,0.4,-0.2,0.4,0.0,0.4,1.0,1.2,-0.19999999999999996,1.6,1.6,0.0,1.8,2.4,0.5999999999999999,-0.2,-0.8,0.6000000000000001,2,1,home_win
2020-21,2021-04-22,Leicester City FC,West Bromwich Albion FC,1561.2154638867335,1406.066355869658,220.14910801707538,0.4,0.4,0.0,0.2,0.2,0.0,1.4,1.4,0.0,2.0,1.6,0.3999999999999999,1.4,0.8,-0.5999999999999999,0.6,0.8,-0.20000000000000007,3,0,home_win
2020-21,2021-04-23,Arsenal,Everton,1530.6264809846632,1504.4345619226756,91.19191906198762,0.4,0.0,0.4,0.4,0.6,-0.19999999999999996,1.6,0.6,1.0,1.8,0.8,1.0,1.6,1.4,-0.20000000000000018,0.2,-0.6,0.8,0,1,away_win
2020-21,2021-04-24,Liverpool,Newcastle United,1555.9873134859165,1440.5619851881645,180.425328297752,0.6,0.4,0.19999999999999996,0.2,0.4,-0.2,2.0,1.6,0.3999999999999999,1.4,1.6,-0.20000000000000018,0.6,1.8,1.2000000000000002,0.8,-0.2,1.0,1,1,draw
2020-21,2021-04-24,Sheffield United FC,Brighton & Hove Albion,1327.6986249228235,1473.2018039568563,-80.50317903403288,0.0,0.4,-0.4,0.0,0.4,-0.4,0.0,1.6,-1.6,0.2,1.2,-1.0,2.6,0.6,-2.0,-2.4,0.6,-3.0,1,0,home_win
2020-21,2021-04-24,West Ham United FC,Chelsea,1558.7972058471585,1559.3509546557975,64.44625119136094,0.4,0.4,0.0,0.2,0.4,-0.2,1.4,1.6,-0.20000000000000018,2.2,1.6,0.6000000000000001,2.2,1.2,-1.0000000000000002,0.0,0.4,-0.4,0,1,away_win
2020-21,2021-04-25,Aston Villa,West Bromwich Albion FC,1496.3622102477575,1398.3760437479823,162.9861664997752,0.2,0.4,-0.2,0.2,0.2,0.0,0.8,1.4,-0.5999999999999999,1.2,1.6,-0.40000000000000013,1.6,1.2,-0.40000000000000013,-0.4,0.4,-0.8,2,2,draw
2020-21,2021-04-25,Leeds United,Manchester United,1513.4819129381576,1640.8962345338114,-62.414321595653746,0.6,1.0,-0.4,0.4,0.0,0.4,2.2,3.0,-0.7999999999999998,1.4,2.2,-0.8000000000000003,0.8,0.6,-0.20000000000000007,0.6,1.6,-1.0,0,0,draw
2020-21,2021-04-25,Wolverhampton Wanderers FC,Burnley FC,1479.234211254656,1439.754038408562,104.48017284609386,0.4,0.2,0.2,0.2,0.2,0.0,1.4,0.8,0.5999999999999999,0.8,1.4,-0.5999999999999999,0.8,2.0,1.2,0.0,-0.6,0.6,0,4,away_win
2020-21,2021-04-26,Leicester City FC,Crystal Palace,1568.9057760084092,1440.7351156756492,193.17066033276,0.6,0.2,0.39999999999999997,0.0,0.4,-0.4,1.8,1.0,0.8,2.4,0.8,1.5999999999999999,1.2,1.8,0.6000000000000001,1.2,-1.0,2.2,2,1,home_win
2020-21,2021-04-30,Southampton FC,Leicester City FC,1424.1292263527046,1573.8558158922408,-84.72658953953623,0.2,0.6,-0.39999999999999997,0.0,0.0,0.0,0.6,1.8,-1.2000000000000002,1.4,2.4,-1.0,2.8,1.2,-1.5999999999999999,-1.4,1.2,-2.5999999999999996,1,1,draw
2020-21,2021-05-01,Brighton & Hove Albion,Leeds United,1460.9253309167232,1515.2592632403928,10.666067676330385,0.2,0.6,-0.39999999999999997,0.4,0.4,0.0,1.0,2.2,-1.2000000000000002,0.8,1.4,-0.5999999999999999,0.6,0.8,0.20000000000000007,0.2,0.6,-0.39999999999999997,2,0,home_win
2020-21,2021-05-01,Chelsea,Fulham,1571.1848816559193,1421.7222795618839,214.46260209403545,0.4,0.0,0.4,0.4,0.2,0.2,1.6,0.2,1.4000000000000001,1.4,0.6,0.7999999999999999,1.2,2.0,0.8,0.2,-1.4,1.5999999999999999,2,0,home_win
2020-21,2021-05-01,Crystal Palace,Manchester City,1435.7850757918177,1681.1088848518086,-180.32380905999094,0.2,0.8,-0.6000000000000001,0.2,0.0,0.2,0.8,2.4,-1.5999999999999999,1.0,2.6,-1.6,2.2,1.0,-1.2000000000000002,-1.2,1.6,-2.8,0,2,away_win
2020-21,2021-05-01,Everton,Aston Villa,1517.0006189130347,1491.9873956004337,90.01322331260099,0.2,0.2,0.0,0.6,0.2,0.39999999999999997,1.2,0.8,0.3999999999999999,1.0,1.4,-0.3999999999999999,1.0,1.8,0.8,0.0,-0.4,0.4,1,2,away_win
2020-21,2021-05-02,Newcastle United,Arsenal,1445.333625981546,1518.060423994304,-7.726798012758081,0.4,0.2,0.2,0.4,0.4,0.0,1.6,1.0,0.6000000000000001,1.6,1.4,0.20000000000000018,1.8,1.6,-0.19999999999999996,-0.2,-0.2,0.0,0,2,away_win
2020-21,2021-05-02,Tottenham Hotspur,Sheffield United FC,1544.635135454562,1339.9750979629566,269.6600374916054,0.4,0.2,0.2,0.4,0.0,0.4,1.6,0.6,1.0,1.8,0.4,1.4,1.6,2.2,0.6000000000000001,0.2,-1.8,2.0,4,0,home_win
2020-21,2021-05-03,Burnley FC,West Ham United FC,1463.978469242502,1546.9632788470367,-17.984809604534803,0.4,0.4,0.0,0.0,0.2,-0.2,1.2,1.4,-0.19999999999999996,2.0,2.2,-0.20000000000000018,1.8,2.2,0.40000000000000013,0.2,0.0,0.2,1,2,away_win
2020-21,2021-05-03,West Bromwich Albion FC,Wolverhampton Wanderers FC,1402.750858395306,1455.0097804207162,12.74107797458987,0.4,0.4,0.0,0.2,0.0,0.2,1.4,1.2,0.19999999999999996,2.0,0.8,1.2,1.6,1.6,0.0,0.4,-0.8,1.2000000000000002,1,1,draw
2020-21,2021-05-07,Leicester City FC,Newcastle United,1571.4644066620483,1430.667163680579,205.79724298146925,0.4,0.4,0.0,0.2,0.4,-0.2,1.4,1.6,-0.20000000000000018,1.6,1.6,0.0,1.4,1.6,0.20000000000000018,0.2,0.0,0.2,2,4,away_win
2020-21,2021-05-08,Leeds United,Tottenham Hotspur,1500.719609789133,1551.18848777266,14.531122016473091,0.4,0.4,0.0,0.4,0.4,0.0,1.6,1.6,0.0,1.0,2.2,-1.2000000000000002,1.0,1.6,0.6000000000000001,0.0,0.6,-0.6,3,1,home_win
2020-21,2021-05-08,Liverpool,Southampton FC,1551.215672692535,1426.520635582897,189.69503710963795,0.6,0.2,0.39999999999999997,0.4,0.2,0.2,2.2,0.8,1.4000000000000001,1.6,1.2,0.40000000000000013,0.6,2.0,1.4,1.0,-0.8,1.8,2,0,home_win
2020-21,2021-05-08,Manchester City,Chelsea,1688.9548091398328,1577.9464845779498,176.008324561883,0.8,0.6,0.20000000000000007,0.0,0.2,-0.2,2.4,2.0,0.3999999999999999,2.0,1.8,0.19999999999999996,0.6,1.2,0.6,1.4,0.6,0.7999999999999999,1,2,away_win
2020-21,2021-05-08,Sheffield United FC,Crystal Palace,1333.4217456448587,1427.9391515037935,-29.517405858934808,0.2,0.2,0.0,0.0,0.2,-0.2,0.6,0.8,-0.20000000000000007,0.4,0.8,-0.4,2.0,1.8,-0.19999999999999996,-1.6,-1.0,-0.6000000000000001,0,2,away_win
2020-21,2021-05-09,Arsenal,West Bromwich Albion FC,1532.726886295271,1402.3843049938746,195.34258130139642,0.4,0.4,0.0,0.2,0.4,-0.2,1.4,1.6,-0.20000000000000018,1.2,2.2,-1.0000000000000002,1.0,1.6,0.6000000000000001,0.2,0.6,-0.39999999999999997,3,1,home_win
2020-21,2021-05-09,Aston Villa,Manchester United,1504.5217333894573,1639.1188842315762,-69.59715084211894,0.4,0.8,-0.4,0.2,0.2,0.0,1.4,2.6,-1.2000000000000002,1.8,1.8,0.0,1.6,0.6,-1.0,0.2,1.2,-1.0,1,3,away_win
2020-21,2021-05-09,West Ham United FC,Everton,1556.4460962735016,1504.4662811240112,116.97981514949038,0.6,0.2,0.39999999999999997,0.0,0.6,-0.6,1.8,1.2,0.6000000000000001,2.0,1.0,1.0,1.8,1.0,-0.8,0.2,0.0,0.2,0,1,away_win
2020-21,2021-05-09,Wolverhampton Wanderers FC,Brighton & Hove Albion,1455.3763338221477,1475.4649843679829,44.91134945416479,0.4,0.2,0.2,0.2,0.4,-0.2,1.4,1.0,0.3999999999999999,1.0,0.6,0.4,1.6,0.6,-1.0,-0.6,0.0,-0.6,2,1,home_win
2020-21,2021-05-10,Fulham,Burnley FC,1414.9606766398533,1454.495651816037,25.465024823816293,0.0,0.2,-0.2,0.2,0.0,0.2,0.2,0.6,-0.39999999999999997,0.6,1.8,-1.2000000000000002,1.8,2.0,0.19999999999999996,-1.2,-0.2,-1.0,0,2,away_win
2020-21,2021-05-11,Manchester United,Leicester City FC,1651.1536892422005,1548.4908447968864,167.66284444531402,0.8,0.4,0.4,0.2,0.2,0.0,2.6,1.4,1.2000000000000002,2.2,2.0,0.20000000000000018,0.8,1.8,1.0,1.4,0.2,1.2,1,2,away_win
2020-21,2021-05-11,Southampton FC,Crystal Palace,1418.983224310608,1441.6678398937213,42.31538441688667,0.2,0.2,0.0,0.2,0.2,0.0,0.8,0.8,0.0,1.0,1.0,0.0,2.0,1.8,-0.19999999999999996,-1.0,-0.8,-0.19999999999999996,3,1,home_win
2020-21,2021-05-12,Chelsea,Arsenal,1592.6193459102642,1540.0823106476766,117.53703526258755,0.8,0.6,0.20000000000000007,0.2,0.2,0.0,2.6,2.0,0.6000000000000001,1.8,1.8,0.0,0.4,0.6,0.19999999999999996,1.4,1.2,0.19999999999999996,0,1,away_win
2020-21,2021-05-13,Aston Villa,Everton,1492.486928378833,1517.7115173005745,39.77541107825846,0.2,0.4,-0.2,0.2,0.4,-0.2,0.8,1.6,-0.8,1.4,1.0,0.3999999999999999,2.0,0.8,-1.2,-0.6,0.2,-0.8,0,0,draw
2020-21,2021-05-13,Manchester United,Liverpool,1636.6706748511606,1558.753083964824,142.91759088633648,0.6,0.6,0.0,0.2,0.4,-0.2,2.0,2.2,-0.20000000000000018,2.0,1.8,0.19999999999999996,1.0,0.6,-0.4,1.0,1.2,-0.19999999999999996,2,4,away_win
2020-21,2021-05-14,Newcastle United,Manchester City,1453.640725545741,1674.2819478075185,-155.64122226177756,0.6,0.6,0.0,0.2,0.0,0.2,2.0,1.8,0.19999999999999996,2.0,1.6,0.3999999999999999,1.6,1.0,-0.6000000000000001,0.4,0.6,-0.19999999999999996,3,4,away_win
2020-21,2021-05-15,Brighton & Hove Albion,West Ham United FC,1466.7504848522874,1543.2008600969382,-11.450375244650786,0.2,0.4,-0.2,0.4,0.0,0.4,1.0,1.2,-0.19999999999999996,0.6,1.4,-0.7999999999999999,0.6,1.6,1.0,0.0,-0.2,0.2,1,1,draw
2020-21,2021-05-15,Burnley FC,Leeds United,1470.5931008356308,1515.0926163664687,20.500484469162075,0.4,0.4,0.0,0.0,0.4,-0.4,1.2,1.6,-0.40000000000000013,1.8,1.2,0.6000000000000001,1.4,1.0,-0.3999999999999999,0.4,0.2,0.2,0,4,away_win
2020-21,2021-05-15,Southampton FC,Fulham,1432.1653022391674,1398.8632276202595,98.30207461890791,0.2,0.0,0.2,0.2,0.2,0.0,0.8,0.2,0.6000000000000001,1.0,0.4,0.6,1.8,1.8,0.0,-0.8,-1.4,0.5999999999999999,3,1,home_win
2020-21,2021-05-16,Crystal Palace,Aston Villa,1428.4857619651618,1491.347075434491,2.1386865306708387,0.2,0.2,0.0,0.0,0.4,-0.4,0.6,1.0,-0.4,1.0,1.2,-0.19999999999999996,2.2,1.6,-0.6000000000000001,-1.2,-0.4,-0.7999999999999999,3,2,home_win
2020-21,2021-05-16,Everton,Sheffield United FC,1518.8513702449166,1319.6930572549309,264.1583129899857,0.4,0.2,0.2,0.4,0.0,0.4,1.6,0.6,1.0,1.0,0.2,0.8,0.8,2.0,1.2,0.2,-1.8,2.0,0,1,away_win
2020-21,2021-05-16,Tottenham Hotspur,Wolverhampton Wanderers FC,1536.8154811953243,1464.0908333378432,137.72464785748116,0.4,0.6,-0.19999999999999996,0.2,0.2,0.0,1.4,2.0,-0.6000000000000001,2.0,1.0,1.0,1.8,1.2,-0.6000000000000001,0.2,-0.2,0.4,2,0,home_win
2020-21,2021-05-16,West Bromwich Albion FC,Liverpool,1395.028880641469,1579.597357833996,-119.5684771925271,0.2,0.6,-0.39999999999999997,0.4,0.4,0.0,1.0,2.2,-1.2000000000000002,1.4,2.0,-0.6000000000000001,1.8,1.0,-0.8,-0.4,1.0,-1.4,1,2,away_win
2020-21,2021-05-18,Brighton & Hove Albion,Manchester City,1467.0799338754641,1680.0796467393666,-147.99971286390246,0.2,0.6,-0.39999999999999997,0.4,0.0,0.4,1.0,1.8,-0.8,0.8,2.0,-1.2,0.8,1.6,0.8,0.0,0.4,-0.4,3,2,home_win
2020-21,2021-05-18,Chelsea,Leicester City FC,1579.3597681864223,1562.9738591879263,81.385908998496,0.6,0.6,0.0,0.2,0.2,0.0,2.0,2.0,0.0,1.0,2.0,-1.0,0.4,1.4,0.9999999999999999,0.6,0.6,0.0,2,1,home_win
2020-21,2021-05-18,Manchester United,Fulham,1615.8264009819886,1387.9975326913523,292.82886829063636,0.4,0.0,0.4,0.2,0.2,0.0,1.4,0.2,1.2,1.8,0.4,1.4,1.6,1.8,0.19999999999999996,0.2,-1.4,1.5999999999999999,1,1,draw
2020-21,2021-05-18,Southampton FC,Leeds United,1443.0309971680747,1534.9476805246175,-26.916683356542762,0.4,0.4,0.0,0.2,0.4,-0.2,1.4,1.6,-0.20000000000000018,1.6,1.6,0.0,1.4,0.8,-0.5999999999999999,0.2,0.8,-0.6000000000000001,0,2,away_win
2020-21,2021-05-19,Burnley FC,Liverpool,1450.7380366774821,1586.2856228156902,-70.54758613820809,0.4,0.6,-0.19999999999999996,0.0,0.4,-0.4,1.2,2.2,-1.0000000000000002,1.6,2.0,-0.3999999999999999,1.8,1.0,-0.8,-0.2,1.0,-1.2,0,3,away_win
2020-21,2021-05-19,Crystal Palace,Arsenal,1438.424206396093,1553.3418883715185,-49.91768197542547,0.4,0.6,-0.19999999999999996,0.0,0.2,-0.2,1.2,2.0,-0.8,1.4,1.4,0.0,1.8,0.6,-1.2000000000000002,-0.4,0.8,-1.2000000000000002,1,3,away_win
2020-21,2021-05-19,Everton,Wolverhampton Wanderers FC,1502.4387824392468,1454.7438439657335,112.69493847351328,0.4,0.4,0.0,0.2,0.2,0.0,1.4,1.4,0.0,0.6,0.8,-0.20000000000000007,0.6,1.6,1.0,0.0,-0.8,0.8,1,0,home_win
2020-21,2021-05-19,Newcastle United,Sheffield United FC,1447.8430266138928,1336.1056450606006,176.73738155329215,0.4,0.4,0.0,0.2,0.0,0.2,1.4,1.2,0.19999999999999996,2.2,0.4,1.8000000000000003,2.2,1.4,-0.8000000000000003,0.0,-1.0,1.0,1,0,home_win
2020-21,2021-05-19,Tottenham Hotspur,Aston Villa,1546.162470567434,1481.4086310035598,129.75383956387418,0.6,0.2,0.39999999999999997,0.2,0.4,-0.2,2.0,1.0,1.0,2.2,1.4,0.8000000000000003,1.2,1.8,0.6000000000000001,1.0,-0.4,1.4,1,2,away_win
2020-21,2021-05-19,West Bromwich Albion FC,West Ham United FC,1388.3406156597748,1542.8714110737615,-89.53079541398665,0.0,0.2,-0.2,0.4,0.2,0.2,0.4,0.8,-0.4,1.0,1.0,0.0,2.2,1.4,-0.8000000000000003,-1.2,-0.4,-0.7999999999999999,1,3,away_win
2020-21,2021-05-23,Arsenal,Brighton & Hove Albion,1566.2014763220382,1481.0994749184892,150.1020014035489,0.8,0.4,0.4,0.0,0.2,-0.2,2.4,1.4,1.0,1.8,1.4,0.40000000000000013,0.6,1.2,0.6,1.2,0.2,1.0,2,0,home_win
2020-21,2021-05-23,Aston Villa,Chelsea,1494.978788961533,1587.059218787765,-27.080429826232148,0.4,0.8,-0.4,0.2,0.0,0.2,1.4,2.4,-1.0,1.4,1.4,0.0,1.6,0.6,-1.0,-0.2,0.8,-1.0,2,1,home_win
2020-21,2021-05-23,Fulham,Newcastle United,1394.8705797403288,1453.1537794034725,6.716800336856295,0.0,0.4,-0.4,0.4,0.2,0.2,0.4,1.4,-0.9999999999999999,0.6,1.8,-1.2000000000000002,1.8,1.8,0.0,-1.2,0.0,-1.2,0,2,away_win
2020-21,2021-05-23,Leeds United,West Bromwich Albion FC,1548.78791326175,1377.1226251686041,236.66528809314582,0.6,0.0,0.6,0.2,0.4,-0.2,2.0,0.4,1.6,1.8,1.2,0.6000000000000001,0.6,2.2,1.6,1.2,-1.0,2.2,3,1,home_win
2020-21,2021-05-23,Leicester City FC,Tottenham Hotspur,1555.2744085865836,1532.5923126094608,87.6820959771228,0.4,0.6,-0.19999999999999996,0.2,0.0,0.2,1.4,1.8,-0.40000000000000013,1.6,2.0,-0.3999999999999999,1.8,1.2,-0.6000000000000001,-0.2,0.8,-1.0,2,4,away_win
2020-21,2021-05-23,Liverpool,Crystal Palace,1600.2802518434648,1425.5646184455734,239.71563339789145,0.8,0.4,0.4,0.2,0.0,0.2,2.6,1.2,1.4000000000000001,2.4,1.4,1.0,0.8,2.0,1.2,1.6,-0.6,2.2,2,0,home_win
2020-21,2021-05-23,Manchester City,Everton,1666.0601056963415,1509.304324248614,221.7557814477275,0.6,0.4,0.19999999999999996,0.0,0.2,-0.2,1.8,1.4,0.40000000000000013,2.2,0.6,1.6,1.8,0.6,-1.2000000000000002,0.4,0.0,0.4,5,0,home_win
2020-21,2021-05-23,Sheffield United FC,Burnley FC,1330.794892271021,1436.7434076497075,-40.94851537868658,0.4,0.4,0.0,0.0,0.0,0.0,1.2,1.2,0.0,0.4,1.4,-0.9999999999999999,1.4,1.8,0.40000000000000013,-1.0,-0.4,-0.6,1,0,home_win
2020-21,2021-05-23,West Ham United FC,Southampton FC,1554.0894015649321,1429.1907644309422,189.89863713398995,0.4,0.4,0.0,0.2,0.2,0.0,1.4,1.4,0.0,1.2,1.4,-0.19999999999999996,1.0,1.4,0.3999999999999999,0.2,0.0,0.2,3,0,home_win
2020-21,2021-05-23,Wolverhampton Wanderers FC,Manchester United,1447.8783021563663,1608.953353933012,-96.07505177664575,0.2,0.2,0.0,0.2,0.4,-0.2,0.8,1.0,-0.19999999999999996,0.6,1.4,-0.7999999999999999,1.8,1.6,-0.19999999999999996,-1.2,-0.2,-1.0,1,2,away_win
2021-22,2021-08-13,Brentford,Arsenal,1500.0,1556.3221886666736,8.677811333326417,0.3333333333333333,1.0,-0.6666666666666667,0.3333333333333333,0.0,0.3333333333333333,1.0,3.0,-2.0,1.2,2.2,-1.0000000000000002,1.2,0.4,-0.7999999999999999,0.0,1.8,-1.8,2,0,home_win
2021-22,2021-08-14,Burnley FC,Brighton & Hove Albion,1444.1776812670416,1479.153524763722,30.024156503319546,0.2,0.4,-0.2,0.0,0.2,-0.2,0.6,1.4,-0.7999999999999999,0.6,1.4,-0.7999999999999999,2.0,1.4,-0.6000000000000001,-1.4,0.0,-1.4,1,2,away_win
2021-22,2021-08-14,Chelsea,Crystal Palace,1557.211016966897,1439.650450960017,182.56056600687998,0.6,0.4,0.19999999999999996,0.0,0.0,0.0,1.8,1.2,0.6000000000000001,1.4,1.4,0.0,1.0,2.0,1.0,0.4,-0.6,1.0,3,0,home_win
2021-22,2021-08-14,Everton,Southampton FC,1500.4339933181022,1440.3036244235009,125.13036889460136,0.4,0.4,0.0,0.2,0.0,0.2,1.4,1.2,0.19999999999999996,0.4,1.2,-0.7999999999999999,1.2,1.8,0.6000000000000001,-0.8,-0.6,-0.20000000000000007,3,1,home_win
2021-22,2021-08-14,Leicester City FC,Wolverhampton Wanderers FC,1527.4254297003522,1455.4313790201234,136.99405068022884,0.2,0.2,0.0,0.2,0.2,0.0,0.8,0.8,0.0,1.6,0.8,0.8,2.4,1.4,-1.0,-0.8,-0.6,-0.20000000000000007,1,0,home_win
2021-22,2021-08-14,Manchester United,Leeds United,1587.1923630469105,1541.177736213772,111.01462683313844,0.4,0.8,-0.4,0.2,0.0,0.2,1.4,2.4,-1.0,1.8,2.4,-0.5999999999999999,1.8,0.8,-1.0,0.0,1.6,-1.6,5,1,home_win
2021-22,2021-08-14,Norwich City FC,Liverpool,1500.0,1579.7332017567617,-14.733201756761673,0.3333333333333333,1.0,-0.6666666666666667,0.3333333333333333,0.0,0.3333333333333333,1.0,3.0,-2.0,1.2,2.6,-1.4000000000000001,1.2,0.6,-0.6,0.0,2.0,-2.0,0,3,away_win
2021-22,2021-08-14,Watford FC,Aston Villa,1500.0,1504.3174888450765,60.68251115492353,0.3333333333333333,0.4,-0.06666666666666671,0.3333333333333333,0.2,0.1333333333333333,1.0,1.4,-0.3999999999999999,1.2,1.4,-0.19999999999999996,1.2,1.6,0.40000000000000013,0.0,-0.2,0.2,3,2,home_win
2021-22,2021-08-15,Newcastle United,West Ham United FC,1476.332798147113,1547.156500073405,-5.82370192629196,0.6,0.6,0.0,0.0,0.2,-0.2,1.8,2.0,-0.19999999999999996,2.0,1.8,0.19999999999999996,1.6,0.8,-0.8,0.4,1.0,-0.6,2,4,away_win
2021-22,2021-08-15,Tottenham Hotspur,Manchester City,1538.474611196681,1631.0893291406142,-27.6147179439331,0.6,0.6,0.0,0.0,0.0,0.0,1.8,1.8,0.0,2.4,2.8,-0.3999999999999999,1.4,1.6,0.20000000000000018,1.0,1.2,-0.19999999999999996,1,0,home_win
2021-22,2021-08-21,Aston Villa,Newcastle United,1496.0465258407435,1461.5842040255527,99.46232181519076,0.4,0.6,-0.19999999999999996,0.2,0.0,0.2,1.4,1.8,-0.40000000000000013,1.6,2.4,-0.7999999999999998,1.6,2.0,0.3999999999999999,0.0,0.4,-0.4,2,0,home_win
2021-22,2021-08-21,Brighton & Hove Albion,Watford FC,1490.015544721881,1508.270963004333,46.744581717548044,0.4,1.0,-0.6,0.2,0.0,0.2,1.4,3.0,-1.6,1.4,3.0,-1.6,1.6,2.0,0.3999999999999999,-0.2,1.0,-1.2,2,0,home_win
2021-22,2021-08-21,Crystal Palace,Brentford,1430.5836407750273,1514.625426656238,-19.04178588121067,0.2,1.0,-0.8,0.0,0.0,0.0,0.6,3.0,-2.4,1.0,2.0,-1.0,2.6,0.0,-2.6,-1.6,2.0,-3.6,0,0,draw
2021-22,2021-08-21,Leeds United,Everton,1528.2229499689945,1510.2537461869667,82.96920378202776,0.8,0.4,0.4,0.0,0.2,-0.2,2.4,1.4,1.0,2.6,0.8,1.8,1.4,1.4,0.0,1.2,-0.6,1.7999999999999998,2,2,draw
2021-22,2021-08-21,Liverpool,Burnley FC,1596.4915488981878,1433.3156613088827,228.17588758930515,1.0,0.2,0.8,0.0,0.0,0.0,3.0,0.6,2.4,2.8,0.6,2.1999999999999997,0.6,2.0,1.4,2.2,-1.4,3.6,2,0,home_win
2021-22,2021-08-21,Manchester City,Norwich City FC,1620.2961831487892,1483.2416528585738,202.05453029021533,0.4,0.0,0.4,0.0,0.0,0.0,1.2,0.0,1.2,2.4,0.0,2.4,1.8,3.0,1.2,0.6,-3.0,3.6,5,0,home_win
2021-22,2021-08-22,Arsenal,Chelsea,1541.6967620104356,1566.2778271518866,40.41893485854894,0.8,0.6,0.20000000000000007,0.0,0.0,0.0,2.4,1.8,0.5999999999999999,1.8,1.6,0.19999999999999996,0.8,1.0,0.19999999999999996,1.0,0.6,0.4,0,2,away_win
2021-22,2021-08-22,Southampton FC,Manchester United,1430.4838715546364,1600.147149291688,-104.66327773705166,0.4,0.4,0.0,0.0,0.2,-0.2,1.2,1.4,-0.19999999999999996,1.4,2.2,-0.8000000000000003,2.0,1.8,-0.19999999999999996,-0.6,0.4,-1.0,1,1,draw
2021-22,2021-08-22,Wolverhampton Wanderers FC,Tottenham Hotspur,1449.181996838011,1549.267757188506,-35.08576035049509,0.2,0.6,-0.39999999999999997,0.0,0.0,0.0,0.6,1.8,-1.2000000000000002,0.6,1.8,-1.2000000000000002,1.4,1.4,0.0,-0.8,0.4,-1.2000000000000002,0,1,away_win
2021-22,2021-08-23,West Ham United FC,Leicester City FC,1561.9050941949652,1533.6748118824646,93.23028231250055,0.6,0.4,0.19999999999999996,0.2,0.0,0.2,2.0,1.2,0.8,2.2,1.6,0.6000000000000001,1.0,2.2,1.2000000000000002,1.2,-0.6,1.7999999999999998,4,1,home_win
2021-22,2021-08-28,Aston Villa,Brentford,1506.8659769170895,1514.077908099274,57.78806881781543,0.6,0.5,0.09999999999999998,0.0,0.5,-0.5,1.8,2.0,-0.19999999999999996,2.0,1.0,1.0,1.6,0.0,-1.6,0.4,1.0,-0.6,1,1,draw
2021-22,2021-08-28,Brighton & Hove Albion,Everton,1503.009508392727,1512.5974091231067,55.412099269620285,0.6,0.4,0.19999999999999996,0.2,0.2,0.0,2.0,1.4,0.6000000000000001,1.6,1.2,0.40000000000000013,1.2,1.8,0.6000000000000001,0.4,-0.6,1.0,0,2,away_win
2021-22,2021-08-28,Liverpool,Chelsea,1602.8486717767678,1583.0150229269818,84.83364884978596,1.0,0.6,0.4,0.0,0.0,0.0,3.0,1.8,1.2,2.4,1.6,0.7999999999999998,0.2,0.8,0.6000000000000001,2.2,0.8,1.4000000000000001,1,1,draw
2021-22,2021-08-28,Manchester City,Arsenal,1629.820220783395,1524.9595662353404,169.86065454805453,0.6,0.6,0.0,0.0,0.0,0.0,1.8,1.8,0.0,3.2,1.2,2.0,1.4,1.0,-0.3999999999999999,1.8,0.2,1.6,5,0,home_win
2021-22,2021-08-28,Newcastle United,Southampton FC,1450.7647529492067,1433.4083881762565,82.3563647729502,0.4,0.2,0.2,0.0,0.2,-0.2,1.2,0.8,0.3999999999999999,1.6,1.0,0.6000000000000001,2.0,2.0,0.0,-0.4,-1.0,0.6,2,2,draw
2021-22,2021-08-28,Norwich City FC,Leicester City FC,1473.717615223968,1520.7611762776578,17.9564389463103,0.0,0.4,-0.4,0.0,0.0,0.0,0.0,1.2,-1.2,0.0,1.4,-1.4,4.0,2.2,-1.7999999999999998,-4.0,-0.8,-3.2,1,2,away_win
2021-22,2021-08-28,West Ham United FC,Crystal Palace,1574.818729799772,1431.1311593319913,208.6875704677807,0.8,0.2,0.6000000000000001,0.2,0.2,0.0,2.6,0.8,1.8,3.0,0.8,2.2,1.0,2.0,1.0,2.0,-1.2,3.2,2,2,draw
2021-22,2021-08-29,Burnley FC,Leeds United,1426.9585384303027,1525.8792870328546,-33.92074860255184,0.0,0.6,-0.6,0.0,0.2,-0.2,0.0,2.0,-2.0,0.2,2.4,-2.1999999999999997,2.4,1.6,-0.7999999999999998,-2.2,0.8,-3.0,1,1,draw
2021-22,2021-08-29,Tottenham Hotspur,Watford FC,1558.2613266837684,1495.276999333487,127.98432735028132,0.8,0.5,0.30000000000000004,0.0,0.0,0.0,2.4,1.5,0.8999999999999999,1.8,1.5,0.30000000000000004,0.8,2.0,1.2,1.0,-0.5,1.5,1,0,home_win
2021-22,2021-08-29,Wolverhampton Wanderers FC,Manchester United,1440.1884273427486,1597.222632670068,-92.03420532731934,0.0,0.4,-0.4,0.0,0.4,-0.4,0.0,1.6,-1.6,0.2,2.2,-2.0,1.4,1.6,0.20000000000000018,-1.2,0.6,-1.7999999999999998,0,1,away_win
2021-22,2021-09-11,Arsenal,Norwich City FC,1514.0263974565405,1463.2012470429022,115.82515041363831,0.4,0.0,0.4,0.0,0.0,0.0,1.2,0.0,1.2,1.0,0.3333333333333333,0.6666666666666667,2.0,3.3333333333333335,1.3333333333333335,-1.0,-3.0,2.0,1,0,home_win
2021-22,2021-09-11,Brentford,Brighton & Hove Albion,1515.7260122135904,1485.6372558183534,95.08875639523694,0.3333333333333333,0.6,-0.26666666666666666,0.6666666666666666,0.0,0.6666666666666666,1.6666666666666667,1.8,-0.1333333333333333,1.0,1.4,-0.3999999999999999,0.3333333333333333,1.4,1.0666666666666667,0.6666666666666666,0.0,0.6666666666666666,0,1,away_win
2021-22,2021-09-11,Chelsea,Aston Villa,1585.4093371365498,1505.2178728027732,145.1914643337766,0.6,0.6,0.0,0.2,0.2,0.0,2.0,2.0,0.0,1.8,1.8,0.0,0.8,1.2,0.3999999999999999,1.0,0.6,0.4,3,0,home_win
2021-22,2021-09-11,Crystal Palace,Tottenham Hotspur,1436.5062865433154,1564.7356883110597,-63.22940176774432,0.0,0.8,-0.8,0.4,0.0,0.4,0.4,2.4,-2.0,0.6,1.6,-1.0,2.0,0.8,-1.2,-1.4,0.8,-2.2,3,0,home_win
2021-22,2021-09-11,Leicester City FC,Manchester City,1531.2775444587237,1640.7533895621948,-44.4758451034711,0.4,0.6,-0.19999999999999996,0.0,0.0,0.0,1.2,1.8,-0.6000000000000001,1.4,3.4,-2.0,2.2,0.8,-1.4000000000000001,-0.8,2.6,-3.4000000000000004,0,1,away_win
2021-22,2021-09-11,Manchester United,Newcastle United,1604.6339431688475,1448.4377669514693,221.19617621737825,0.6,0.4,0.19999999999999996,0.4,0.2,0.2,2.2,1.4,0.8000000000000003,2.0,1.4,0.6000000000000001,0.8,1.6,0.8,1.2,-0.2,1.4,4,1,home_win
2021-22,2021-09-11,Southampton FC,West Ham United FC,1435.735374173994,1569.443602588448,-68.70822841445397,0.0,0.8,-0.8,0.4,0.2,0.2,0.4,2.6,-2.2,0.8,3.2,-2.4000000000000004,2.2,1.2,-1.0000000000000002,-1.4,2.0,-3.4,0,0,draw
2021-22,2021-09-11,Watford FC,Wolverhampton Wanderers FC,1488.8026377061958,1432.777116843969,121.02552086222681,0.3333333333333333,0.0,0.3333333333333333,0.0,0.0,0.0,1.0,0.0,1.0,1.0,0.2,0.8,1.6666666666666667,1.2,-0.4666666666666668,-0.6666666666666666,-1.0,0.33333333333333337,0,2,away_win
2021-22,2021-09-12,Leeds United,Liverpool,1524.9060596986965,1600.4543575671998,-10.548297868503369,0.4,0.8,-0.4,0.4,0.2,0.2,1.6,2.6,-1.0,1.8,2.2,-0.40000000000000013,1.8,0.2,-1.6,0.0,2.0,-2.0,0,3,away_win
2021-22,2021-09-13,Everton,Burnley FC,1529.9696616974802,1427.9317657644608,167.0378959330194,0.6,0.0,0.6,0.2,0.2,0.0,2.0,0.2,1.8,1.6,0.4,1.2000000000000002,1.6,1.8,0.19999999999999996,0.0,-1.4,1.4,3,1,home_win
2021-22,2021-09-17,Newcastle United,Leeds United,1440.783561626481,1507.9372042446726,-2.1536426181914976,0.2,0.2,0.0,0.2,0.4,-0.2,0.8,1.0,-0.19999999999999996,1.4,1.4,0.0,2.4,2.4,0.0,-1.0,-1.0,0.0,1,1,draw
2021-22,2021-09-18,Aston Villa,Everton,1494.633090332389,1538.2667161585318,21.36637417385714,0.4,0.6,-0.19999999999999996,0.2,0.2,0.0,1.4,2.0,-0.6000000000000001,1.4,2.0,-0.6000000000000001,1.6,1.8,0.19999999999999996,-0.2,0.2,-0.4,3,0,home_win
2021-22,2021-09-18,Burnley FC,Arsenal,1419.6347113034092,1520.8109271462708,-36.176215842861666,0.0,0.4,-0.4,0.2,0.0,0.2,0.2,1.2,-1.0,0.6,0.6,0.0,1.8,1.8,0.0,-1.2,-1.2,0.0,0,1,away_win
2021-22,2021-09-18,Liverpool,Crystal Palace,1617.4232130212238,1457.1563908307692,225.2668221904546,0.8,0.2,0.6000000000000001,0.2,0.4,-0.2,2.6,1.0,1.6,2.2,1.0,1.2000000000000002,0.2,1.4,1.2,2.0,-0.4,2.4,3,0,home_win
2021-22,2021-09-18,Manchester City,Southampton FC,1649.4802187416105,1437.6875730033041,276.7926457383064,0.8,0.0,0.8,0.0,0.6,-0.6,2.4,0.6,1.7999999999999998,3.2,0.8,2.4000000000000004,0.2,1.8,1.6,3.0,-1.0,4.0,0,0,draw
2021-22,2021-09-18,Norwich City FC,Watford FC,1456.4167173531719,1468.7791067816731,52.637610571498726,0.0,0.25,-0.25,0.0,0.0,0.0,0.0,0.75,-0.75,0.25,0.75,-0.5,2.75,1.75,-1.0,-2.5,-1.0,-1.5,1,3,away_win
2021-22,2021-09-18,Wolverhampton Wanderers FC,Brentford,1452.8006477684917,1503.0554856236986,14.745162144793085,0.2,0.25,-0.04999999999999999,0.0,0.5,-0.5,0.6,1.25,-0.65,0.6,0.75,-0.15000000000000002,1.0,0.5,-0.5,-0.4,0.25,-0.65,0,2,away_win
2021-22,2021-09-19,Brighton & Hove Albion,Leicester City FC,1498.3077824082452,1522.550715279308,40.75706712893725,0.6,0.4,0.19999999999999996,0.0,0.0,0.0,1.8,1.2,0.6000000000000001,1.0,1.2,-0.19999999999999996,1.0,2.0,1.0,0.0,-0.8,0.8,2,1,home_win
2021-22,2021-09-19,Tottenham Hotspur,Chelsea,1544.0855840236059,1595.994119606934,13.091464416671897,0.8,0.6,0.20000000000000007,0.0,0.2,-0.2,2.4,2.0,0.3999999999999999,1.4,2.0,-0.6000000000000001,1.0,0.6,-0.4,0.4,1.4,-0.9999999999999999,0,3,away_win
2021-22,2021-09-19,West Ham United FC,Manchester United,1567.4914037591377,1612.2881484938357,20.203255265302005,0.6,0.8,-0.20000000000000007,0.4,0.2,0.2,2.2,2.6,-0.3999999999999999,2.6,2.6,0.0,1.0,0.8,-0.19999999999999996,1.6,1.8,-0.19999999999999996,1,2,away_win
2021-22,2021-09-25,Brentford,Liverpool,1518.691703517169,1624.9382089569328,-41.24650543976395,0.4,0.8,-0.4,0.4,0.2,0.2,1.6,2.6,-1.0,1.0,2.4,-1.4,0.4,0.2,-0.2,0.6,2.2,-1.6,3,3,draw
2021-22,2021-09-25,Chelsea,Manchester City,1614.153212320844,1642.8584903742621,36.29472194658183,0.8,0.6,0.20000000000000007,0.2,0.2,0.0,2.6,2.0,0.6000000000000001,2.4,2.2,0.19999999999999973,0.2,0.2,0.0,2.2,2.0,0.20000000000000018,0,1,away_win
2021-22,2021-09-25,Everton,Norwich City FC,1521.8415654455525,1439.1613982952658,147.6801671502867,0.6,0.0,0.6,0.2,0.0,0.2,2.0,0.0,2.0,2.0,0.4,1.6,1.4,2.8,1.4,0.6,-2.4,3.0,2,0,home_win
2021-22,2021-09-25,Leeds United,West Ham United FC,1507.8752182212268,1556.9105618641343,15.964656357092508,0.0,0.4,-0.4,0.6,0.4,0.19999999999999996,0.6,1.6,-1.0,1.0,2.2,-1.2000000000000002,2.4,1.4,-1.0,-1.4,0.8,-2.2,1,2,away_win
2021-22,2021-09-25,Leicester City FC,Burnley FC,1513.7184464048617,1410.6721998198498,168.0462465850119,0.4,0.0,0.4,0.0,0.2,-0.2,1.2,0.2,1.0,1.0,0.6,0.4,1.6,1.8,0.19999999999999996,-0.6,-1.2,0.6,2,2,draw
2021-22,2021-09-25,Manchester United,Aston Villa,1622.8689903888392,1511.0582410453683,176.8107493434709,0.8,0.4,0.4,0.2,0.2,0.0,2.6,1.4,1.2000000000000002,2.6,1.6,1.0,0.8,1.4,0.5999999999999999,1.8,0.2,1.6,0,1,away_win
2021-22,2021-09-25,Watford FC,Newcastle United,1486.0344258395792,1440.8455476499269,110.18887818965231,0.4,0.0,0.4,0.0,0.4,-0.4,1.2,0.4,0.7999999999999999,1.2,1.2,0.0,1.6,2.6,1.0,-0.4,-1.4,0.9999999999999999,1,1,draw
2021-22,2021-09-26,Arsenal,Tottenham Hotspur,1529.7734386298303,1525.9264913096958,68.8469473201344,0.4,0.6,-0.19999999999999996,0.0,0.0,0.0,1.2,1.8,-0.6000000000000001,0.4,0.6,-0.19999999999999996,1.8,1.2,-0.6000000000000001,-1.4,-0.6,-0.7999999999999999,3,1,home_win
2021-22,2021-09-26,Southampton FC,Wolverhampton Wanderers FC,1444.3093013706525,1437.1644298750214,72.14487149563115,0.0,0.2,-0.2,0.8,0.0,0.8,0.8,0.6,0.20000000000000007,0.8,0.4,0.4,1.2,1.0,-0.19999999999999996,-0.4,-0.6,0.19999999999999996,0,1,away_win
2021-22,2021-09-27,Crystal Palace,Brighton & Hove Albion,1449.64139489506,1507.1400512826915,7.501343612368601,0.2,0.8,-0.6000000000000001,0.4,0.0,0.4,1.0,2.4,-1.4,1.0,1.4,-0.3999999999999999,1.6,0.8,-0.8,-0.6,0.6,-1.2,1,1,draw
2021-22,2021-10-02,Brighton & Hove Albion,Arsenal,1507.3559237651928,1541.8393801032767,30.516543661916103,0.6,0.6,0.0,0.2,0.0,0.2,2.0,1.8,0.19999999999999996,1.2,1.0,0.19999999999999996,0.8,1.6,0.8,0.4,-0.6,1.0,0,0,draw
2021-22,2021-10-02,Burnley FC,Norwich City FC,1415.1640272576528,1430.1791386510608,49.984888606591994,0.0,0.0,0.0,0.4,0.0,0.4,0.4,0.0,0.4,0.8,0.4,0.4,1.8,2.6,0.8,-1.0,-2.2,1.2000000000000002,0,0,draw
2021-22,2021-10-02,Chelsea,Southampton FC,1603.1123497581962,1432.2621441770393,235.85020558115684,0.6,0.0,0.6,0.2,0.8,-0.6000000000000001,2.0,0.8,1.2,1.8,0.6,1.2000000000000002,0.4,0.8,0.4,1.4,-0.2,1.5999999999999999,3,1,home_win
2021-22,2021-10-02,Leeds United,Watford FC,1497.4160415974982,1482.965157449111,79.4508841483871,0.0,0.2,-0.2,0.6,0.2,0.39999999999999997,0.6,0.8,-0.20000000000000007,1.0,0.8,0.19999999999999996,1.8,1.4,-0.40000000000000013,-0.8,-0.6,-0.20000000000000007,1,0,home_win
2021-22,2021-10-02,Manchester United,Everton,1608.1780959881933,1530.8238250897575,142.35427089843574,0.6,0.6,0.0,0.2,0.2,0.0,2.0,2.0,0.0,1.6,1.8,-0.19999999999999996,0.8,1.2,0.3999999999999999,0.8,0.6,0.20000000000000007,1,1,draw
2021-22,2021-10-02,Wolverhampton Wanderers FC,Newcastle United,1449.2115870686346,1443.914816040395,70.29677102823962,0.4,0.0,0.4,0.0,0.6,-0.6,1.2,0.6,0.6,0.6,1.0,-0.4,0.8,2.0,1.2,-0.2,-1.0,0.8,2,1,home_win
2021-22,2021-10-03,Crystal Palace,Leicester City FC,1449.4255224125588,1509.2266189670586,5.198903445500264,0.2,0.2,0.0,0.6,0.2,0.39999999999999997,1.2,0.8,0.3999999999999999,1.2,1.2,0.0,1.2,2.0,0.8,0.0,-0.8,0.8,2,2,draw
2021-22,2021-10-03,Liverpool,Manchester City,1623.756585050997,1653.89935293691,34.85723211408708,0.6,0.8,-0.20000000000000007,0.4,0.2,0.2,2.2,2.6,-0.3999999999999999,2.4,2.4,0.0,0.8,0.0,-0.8,1.6,2.4,-0.7999999999999998,2,2,draw
2021-22,2021-10-03,Tottenham Hotspur,Aston Villa,1513.8605498362494,1525.7491354460142,53.11141439023527,0.4,0.6,-0.19999999999999996,0.0,0.2,-0.2,1.2,2.0,-0.8,0.6,1.4,-0.7999999999999999,1.8,0.8,-1.0,-1.2,0.6,-1.7999999999999998,2,1,home_win
2021-22,2021-10-03,West Ham United FC,Brentford,1567.3697384878628,1519.8733274231047,112.49641106475815,0.4,0.2,0.2,0.4,0.6,-0.19999999999999996,1.6,1.2,0.40000000000000013,1.8,1.2,0.6000000000000001,1.2,1.0,-0.19999999999999996,0.6,0.2,0.39999999999999997,1,2,away_win
2021-22,2021-10-16,Aston Villa,Wolverhampton Wanderers FC,1517.266007625295,1457.2154483332695,125.05055929202558,0.4,0.6,-0.19999999999999996,0.2,0.0,0.2,1.4,1.8,-0.40000000000000013,1.2,1.0,0.19999999999999996,1.2,0.8,-0.3999999999999999,0.0,0.2,-0.2,2,3,away_win
2021-22,2021-10-16,Brentford,Chelsea,1533.0026320114696,1609.2509618109414,-11.248329799471776,0.4,0.6,-0.19999999999999996,0.4,0.2,0.2,1.6,2.0,-0.3999999999999999,1.6,2.0,-0.3999999999999999,1.2,0.6,-0.6,0.4,1.4,-0.9999999999999999,0,1,away_win
2021-22,2021-10-16,Leicester City FC,Manchester United,1509.3762442693242,1604.2956744711569,-29.91943020183271,0.2,0.6,-0.39999999999999997,0.4,0.2,0.2,1.0,2.0,-1.0,1.4,1.6,-0.20000000000000018,1.6,0.8,-0.8,-0.2,0.8,-1.0,4,2,home_win
2021-22,2021-10-16,Manchester City,Burnley FC,1654.8992720645367,1413.7351909680663,306.16408109647045,0.6,0.0,0.6,0.4,0.6,-0.19999999999999996,2.2,0.6,1.6,1.8,0.8,1.0,0.4,1.4,0.9999999999999999,1.4,-0.6,2.0,2,0,home_win
2021-22,2021-10-16,Norwich City FC,Brighton & Hove Albion,1431.6079749406474,1506.4798388024526,-9.871863861805195,0.0,0.4,-0.4,0.2,0.4,-0.2,0.2,1.6,-1.4000000000000001,0.4,0.8,-0.4,1.6,0.8,-0.8,-1.2,0.0,-1.2,0,0,draw
2021-22,2021-10-16,Southampton FC,Leeds United,1426.1235321242941,1505.168306168059,-14.044774043764846,0.0,0.2,-0.2,0.6,0.4,0.19999999999999996,0.6,1.0,-0.4,0.6,0.8,-0.20000000000000007,1.2,1.4,0.19999999999999996,-0.6,-0.6,0.0,1,0,home_win
2021-22,2021-10-16,Watford FC,Liverpool,1475.2128928785503,1622.7566659233703,-82.54377304482,0.2,0.4,-0.2,0.2,0.6,-0.39999999999999997,0.8,1.8,-1.0,0.8,2.4,-1.5999999999999999,1.2,1.2,0.0,-0.4,1.2,-1.6,0,5,away_win
2021-22,2021-10-17,Everton,West Ham United FC,1534.706246606794,1554.240433899498,45.46581270729598,0.6,0.2,0.39999999999999997,0.2,0.4,-0.2,2.0,1.0,1.0,1.6,1.2,0.40000000000000013,1.0,1.4,0.3999999999999999,0.6,-0.2,0.8,0,1,away_win
2021-22,2021-10-17,Newcastle United,Tottenham Hotspur,1435.91095477576,1522.3436776569686,-21.43272288120852,0.0,0.4,-0.4,0.6,0.0,0.6,0.6,1.2,-0.6,1.2,0.8,0.3999999999999999,2.0,2.0,0.0,-0.8,-1.2,0.3999999999999999,2,3,away_win
2021-22,2021-10-18,Arsenal,Crystal Palace,1542.7154650660168,1449.2758971102933,158.43956795572353,0.6,0.2,0.39999999999999997,0.2,0.6,-0.39999999999999997,2.0,1.2,0.8,1.0,1.6,-0.6000000000000001,1.2,1.6,0.40000000000000013,-0.2,0.0,-0.2,2,2,draw
2021-22,2021-10-22,Arsenal,Aston Villa,1538.4470696036983,1503.8145328357066,99.63253676799172,0.6,0.4,0.19999999999999996,0.4,0.0,0.4,2.2,1.2,1.0000000000000002,1.4,1.4,0.0,0.6,1.6,1.0,0.8,-0.2,1.0,3,1,home_win
2021-22,2021-10-23,Brighton & Hove Albion,Manchester City,1506.1957801590154,1659.2938894287597,-88.09810926974433,0.4,0.6,-0.19999999999999996,0.6,0.4,0.19999999999999996,1.8,2.2,-0.40000000000000013,0.8,1.2,-0.3999999999999999,0.4,0.4,0.0,0.4,0.8,-0.4,1,4,away_win
2021-22,2021-10-23,Chelsea,Norwich City FC,1618.9273219220108,1431.8920335840846,252.0352883379262,0.8,0.0,0.8,0.0,0.4,-0.4,2.4,0.4,2.0,2.0,0.2,1.8,0.4,1.2,0.7999999999999999,1.6,-1.0,2.6,7,0,home_win
2021-22,2021-10-23,Crystal Palace,Newcastle United,1453.5442925726118,1426.527056811254,92.01723576135782,0.2,0.0,0.2,0.6,0.4,0.19999999999999996,1.2,0.4,0.7999999999999999,1.6,1.2,0.40000000000000013,1.6,2.2,0.6000000000000001,0.0,-1.0,1.0,1,1,draw
2021-22,2021-10-23,Everton,Watford FC,1523.405054339643,1459.8770675195024,128.52798682014054,0.4,0.2,0.2,0.2,0.2,0.0,1.4,0.8,0.5999999999999999,1.2,0.8,0.3999999999999999,1.2,2.0,0.8,0.0,-1.2,1.2,2,5,away_win
2021-22,2021-10-23,Leeds United,Wolverhampton Wanderers FC,1494.764285123664,1470.666923122858,89.09736200080602,0.2,0.8,-0.6000000000000001,0.2,0.0,0.2,0.8,2.4,-1.5999999999999999,0.6,1.6,-1.0,1.4,1.0,-0.3999999999999999,-0.8,0.6,-1.4,1,1,draw
2021-22,2021-10-23,Southampton FC,Burnley FC,1436.527553168689,1409.3405736038433,92.18697956484584,0.2,0.0,0.2,0.4,0.4,0.0,1.0,0.4,0.6,0.4,0.6,-0.19999999999999996,0.8,1.6,0.8,-0.4,-1.0,0.6,2,2,draw
2021-22,2021-10-24,Brentford,Leicester City FC,1523.3262719004001,1525.6647862897305,62.661485610669615,0.4,0.2,0.2,0.2,0.4,-0.2,1.4,1.0,0.3999999999999999,1.4,1.8,-0.40000000000000013,1.2,1.8,0.6000000000000001,0.2,0.0,0.2,1,2,away_win
2021-22,2021-10-24,Manchester United,Liverpool,1588.0071324507505,1638.0924912824182,14.91464116833231,0.4,0.6,-0.19999999999999996,0.2,0.4,-0.2,1.4,2.2,-0.8000000000000003,1.8,3.2,-1.4000000000000001,1.6,1.0,-0.6000000000000001,0.2,2.2,-2.0,0,5,away_win
2021-22,2021-10-24,West Ham United FC,Tottenham Hotspur,1565.541626166649,1531.7275756214747,98.81405054517427,0.4,0.4,0.0,0.2,0.0,0.2,1.4,1.2,0.19999999999999996,1.0,1.2,-0.19999999999999996,1.0,2.4,1.4,0.0,-1.2,1.2,1,0,home_win
2021-22,2021-10-30,Burnley FC,Brentford,1411.9333651640036,1511.5420332459905,-34.608668081986934,0.0,0.4,-0.4,0.6,0.2,0.39999999999999997,0.6,1.4,-0.7999999999999999,0.8,1.6,-0.8,1.4,1.4,0.0,-0.6,0.2,-0.8,3,1,home_win
2021-22,2021-10-30,Leicester City FC,Arsenal,1537.44902494414,1549.259743655153,53.189281288987104,0.4,0.6,-0.19999999999999996,0.4,0.4,0.0,1.6,2.2,-0.6000000000000001,2.2,1.8,0.40000000000000013,1.8,0.8,-1.0,0.4,1.0,-0.6,0,2,away_win
2021-22,2021-10-30,Liverpool,Brighton & Hove Albion,1658.9505200506594,1493.040479115222,230.91004093543734,0.6,0.2,0.39999999999999997,0.4,0.6,-0.19999999999999996,2.2,1.2,1.0000000000000002,3.6,0.8,2.8,1.0,1.2,0.19999999999999996,2.6,-0.4,3.0,2,2,draw
2021-22,2021-10-30,Manchester City,Crystal Palace,1672.449190472553,1450.9560587697424,286.4931317028106,0.6,0.0,0.6,0.4,0.8,-0.4,2.2,0.8,1.4000000000000001,1.8,1.2,0.6000000000000001,0.6,1.8,1.2000000000000002,1.2,-0.6,1.7999999999999998,0,2,away_win
2021-22,2021-10-30,Newcastle United,Chelsea,1429.1152906141233,1627.4716335943904,-133.35634298026707,0.0,0.8,-0.8,0.6,0.0,0.6,0.6,2.4,-1.7999999999999998,1.2,2.8,-1.5999999999999999,1.6,0.4,-1.2000000000000002,-0.4,2.4,-2.8,0,3,away_win
2021-22,2021-10-30,Tottenham Hotspur,Manchester United,1524.497389883868,1567.1491036825093,22.348286201358633,0.4,0.2,0.2,0.0,0.2,-0.2,1.2,0.8,0.3999999999999999,1.2,1.0,0.19999999999999996,2.0,2.4,0.3999999999999999,-0.8,-1.4,0.5999999999999999,0,3,away_win
2021-22,2021-10-30,Watford FC,Southampton FC,1483.5709012233833,1433.9347616085288,114.63613961485453,0.4,0.2,0.2,0.2,0.4,-0.2,1.4,1.0,0.3999999999999999,1.8,0.8,1.0,2.0,1.2,-0.8,-0.2,-0.4,0.2,0,1,away_win
2021-22,2021-10-31,Aston Villa,West Ham United FC,1493.001858784252,1572.7718119042556,-14.76995312000372,0.4,0.6,-0.19999999999999996,0.0,0.0,0.0,1.2,1.8,-0.6000000000000001,1.6,1.2,0.40000000000000013,1.6,1.0,-0.6000000000000001,0.0,0.2,-0.2,1,4,away_win
2021-22,2021-10-31,Norwich City FC,Leeds United,1423.347721911705,1492.2546312684963,-3.906909356791175,0.0,0.2,-0.2,0.4,0.4,0.0,0.4,1.0,-0.6,0.2,0.8,-0.6000000000000001,2.4,1.0,-1.4,-2.2,-0.2,-2.0,1,2,away_win
2021-22,2021-11-01,Wolverhampton Wanderers FC,Everton,1473.1765769780257,1499.711220635762,38.4653563422637,0.6,0.2,0.39999999999999997,0.2,0.2,0.0,2.0,0.8,1.2,1.4,1.0,0.3999999999999999,1.2,2.0,0.8,0.2,-1.0,1.2,2,1,home_win
2021-22,2021-11-05,Southampton FC,Aston Villa,1447.1195141023638,1476.2453594409715,35.87415466139237,0.4,0.2,0.2,0.2,0.0,0.2,1.4,0.6,0.7999999999999999,1.0,1.2,-0.19999999999999996,1.2,2.4,1.2,-0.2,-1.2,1.0,1,0,home_win
2021-22,2021-11-06,Brentford,Norwich City FC,1495.0527793883464,1413.460167062748,146.59261232559834,0.2,0.0,0.2,0.2,0.4,-0.2,0.8,0.4,0.4,1.4,0.2,1.2,2.0,2.2,0.20000000000000018,-0.6,-2.0,1.4,1,2,away_win
2021-22,2021-11-06,Brighton & Hove Albion,Newcastle United,1498.8547275009207,1418.020803879228,145.83392362169275,0.0,0.0,0.0,0.8,0.4,0.4,0.8,0.4,0.4,0.8,1.0,-0.19999999999999996,1.4,2.0,0.6000000000000001,-0.6,-1.0,0.4,1,1,draw
2021-22,2021-11-06,Chelsea,Burnley FC,1638.5661203292857,1428.4226190216477,275.14350130763796,0.8,0.2,0.6000000000000001,0.0,0.6,-0.6,2.4,1.2,1.2,2.8,1.4,1.4,0.4,1.4,0.9999999999999999,2.4,0.0,2.4,1,1,draw
2021-22,2021-11-06,Crystal Palace,Wolverhampton Wanderers FC,1476.1194931410794,1482.0739563598806,59.045536781198734,0.2,0.8,-0.6000000000000001,0.8,0.2,0.6000000000000001,1.4,2.6,-1.2000000000000002,1.6,1.8,-0.19999999999999996,1.2,1.0,-0.19999999999999996,0.4,0.8,-0.4,2,0,home_win
2021-22,2021-11-06,Manchester United,Manchester City,1585.7732156862999,1647.285756101216,3.4874595850837977,0.2,0.6,-0.39999999999999997,0.2,0.2,0.0,0.8,2.0,-1.2,1.2,1.8,-0.6000000000000001,2.2,1.0,-1.2000000000000002,-1.0,0.8,-1.8,0,2,away_win
2021-22,2021-11-07,Arsenal,Watford FC,1566.5383362452867,1470.3861487295483,161.15218751573843,0.6,0.2,0.39999999999999997,0.4,0.2,0.2,2.2,0.8,1.4000000000000001,2.0,1.2,0.8,0.8,2.0,1.2,1.2,-0.8,2.0,1,0,home_win
2021-22,2021-11-07,Everton,Tottenham Hotspur,1490.813841253907,1505.8732778800775,49.94056337382949,0.2,0.4,-0.2,0.2,0.0,0.2,0.8,1.2,-0.3999999999999999,1.2,1.2,0.0,1.8,2.0,0.19999999999999996,-0.6,-0.8,0.20000000000000007,0,0,draw
2021-22,2021-11-07,Leeds United,Leicester City FC,1502.1421861174533,1520.1704323540064,46.97175376344694,0.4,0.4,0.0,0.2,0.4,-0.2,1.4,1.6,-0.20000000000000018,1.0,2.0,-1.0,1.0,1.8,0.8,0.0,0.2,-0.2,1,1,draw
2021-22,2021-11-07,West Ham United FC,Liverpool,1589.528311247536,1653.1362716649608,1.3920395825753076,0.8,0.4,0.4,0.0,0.6,-0.6,2.4,1.8,0.5999999999999999,1.8,3.4,-1.5999999999999999,0.8,1.4,0.5999999999999999,1.0,2.0,-1.0,3,2,home_win
2021-22,2021-11-20,Aston Villa,Brighton & Hove Albion,1467.2742467449837,1494.887581973149,37.3866647718346,0.0,0.0,0.0,0.0,0.8,-0.8,0.0,0.8,-0.8,1.0,0.8,0.19999999999999996,2.6,1.4,-1.2000000000000002,-1.6,-0.6,-1.0,2,0,home_win
2021-22,2021-11-20,Burnley FC,Crystal Palace,1435.0176099970477,1488.5945540592195,11.423055937828167,0.2,0.4,-0.2,0.6,0.6,0.0,1.2,1.8,-0.6000000000000001,1.2,1.8,-0.6000000000000001,1.2,1.0,-0.19999999999999996,0.0,0.8,-0.8,3,3,draw
2021-22,2021-11-20,Leicester City FC,Chelsea,1521.514210938078,1631.9711293538858,-45.45691841580788,0.4,0.8,-0.4,0.4,0.2,0.2,1.6,2.6,-1.0,1.8,3.0,-1.2,1.6,0.4,-1.2000000000000002,0.2,2.6,-2.4,0,3,away_win
2021-22,2021-11-20,Liverpool,Arsenal,1643.1763375704654,1572.206303410333,135.9700341601324,0.4,0.6,-0.19999999999999996,0.4,0.4,0.0,1.6,2.2,-0.6000000000000001,3.2,1.6,1.6,1.4,0.6,-0.7999999999999999,1.8,1.0,0.8,4,0,home_win
2021-22,2021-11-20,Newcastle United,Brentford,1421.9879494069996,1481.067249731032,5.920699675967626,0.0,0.2,-0.2,0.4,0.0,0.4,0.4,0.6,-0.19999999999999996,1.0,1.0,0.0,2.0,1.8,-0.19999999999999996,-1.0,-0.8,-0.19999999999999996,3,3,draw
2021-22,2021-11-20,Norwich City FC,Southampton FC,1427.4456967200624,1456.0906267983516,36.355069921710765,0.2,0.6,-0.39999999999999997,0.4,0.2,0.2,1.0,2.0,-1.0,0.6,1.2,-0.6,2.0,1.0,-1.0,-1.4,0.2,-1.5999999999999999,2,1,home_win
2021-22,2021-11-20,Watford FC,Manchester United,1464.718181564502,1570.6226550093886,-40.90447344488666,0.2,0.2,0.0,0.0,0.2,-0.2,0.6,0.8,-0.20000000000000007,1.0,1.2,-0.19999999999999996,2.0,2.4,0.3999999999999999,-1.0,-1.2,0.19999999999999996,4,1,home_win
2021-22,2021-11-20,Wolverhampton Wanderers FC,West Ham United FC,1469.5988954417405,1599.4882453420314,-64.88934990029088,0.6,0.8,-0.20000000000000007,0.2,0.0,0.2,2.0,2.4,-0.3999999999999999,1.6,2.0,-0.3999999999999999,1.4,1.0,-0.3999999999999999,0.2,1.0,-0.8,1,0,home_win
2021-22,2021-11-21,Manchester City,Everton,1662.4363167781273,1489.3862547238098,238.05006205431755,0.6,0.0,0.6,0.2,0.4,-0.2,2.0,0.4,1.6,2.0,0.8,1.2,1.0,1.8,0.8,1.0,-1.0,2.0,3,0,home_win
2021-22,2021-11-21,Tottenham Hotspur,Leeds United,1507.3008644101747,1500.7984075333818,71.50245687679285,0.4,0.4,0.0,0.2,0.4,-0.2,1.4,1.6,-0.20000000000000018,1.0,1.0,0.0,1.4,0.8,-0.5999999999999999,-0.4,0.2,-0.6000000000000001,2,1,home_win
2021-22,2021-11-27,Arsenal,Newcastle United,1560.4411703794747,1421.8175544657684,203.62361591370632,0.6,0.0,0.6,0.2,0.6,-0.39999999999999997,2.0,0.6,1.4,1.6,1.4,0.20000000000000018,1.4,2.2,0.8000000000000003,0.2,-0.8,1.0,2,0,home_win
2021-22,2021-11-27,Brighton & Hove Albion,Leeds United,1481.4954926308437,1492.8278427561017,53.66764987474198,0.0,0.2,-0.2,0.6,0.4,0.19999999999999996,0.6,1.0,-0.4,0.8,1.0,-0.19999999999999996,1.8,1.2,-0.6000000000000001,-1.0,-0.2,-0.8,0,0,draw
2021-22,2021-11-27,Crystal Palace,Aston Villa,1488.9232176209428,1480.666336087289,73.25688153365377,0.4,0.2,0.2,0.6,0.0,0.6,1.8,0.6,1.2000000000000002,2.0,1.2,0.8,1.2,2.2,1.0000000000000002,0.8,-1.0,1.8,1,2,away_win
2021-22,2021-11-27,Liverpool,Southampton FC,1654.9414706013238,1447.1332074661946,272.8082631351292,0.6,0.6,0.0,0.2,0.2,0.0,2.0,2.0,0.0,3.6,1.2,2.4000000000000004,1.0,0.8,-0.19999999999999996,2.6,0.4,2.2,4,0,home_win
2021-22,2021-11-27,Norwich City FC,Wolverhampton Wanderers FC,1436.4031160522195,1481.4451440255282,19.957972026691323,0.4,0.6,-0.19999999999999996,0.2,0.2,0.0,1.4,2.0,-0.6000000000000001,1.0,1.4,-0.3999999999999999,2.2,1.2,-1.0000000000000002,-1.2,0.2,-1.4,0,0,draw
2021-22,2021-11-28,Brentford,Everton,1481.2376446722633,1482.296405133654,63.94123953860935,0.0,0.0,0.0,0.2,0.2,0.0,0.2,0.2,0.0,1.2,0.6,0.6,2.2,2.2,0.0,-1.0,-1.6,0.6000000000000001,1,0,home_win
2021-22,2021-11-28,Chelsea,Manchester United,1647.194483299798,1551.0718024301104,161.12268086968766,0.8,0.2,0.6000000000000001,0.2,0.0,0.2,2.6,0.6,2.0,3.0,1.2,1.8,0.2,3.0,2.8,2.8,-1.8,4.6,1,1,draw
2021-22,2021-11-28,Leicester City FC,Watford FC,1506.2908569921656,1484.2690341437801,87.02182284838545,0.4,0.4,0.0,0.2,0.0,0.2,1.4,1.2,0.19999999999999996,1.4,1.8,-0.40000000000000013,1.8,2.0,0.19999999999999996,-0.4,-0.2,-0.2,4,2,home_win
2021-22,2021-11-28,Manchester City,West Ham United FC,1669.5261663682832,1587.6419967582437,146.8841696100394,0.8,0.8,0.0,0.0,0.0,0.0,2.4,2.4,0.0,2.2,1.8,0.40000000000000013,0.6,0.8,0.20000000000000007,1.6,1.0,0.6000000000000001,2,1,home_win
2021-22,2021-11-30,Leeds United,Crystal Palace,1494.3603525002688,1476.8454157227793,82.51493677748954,0.2,0.4,-0.2,0.6,0.4,0.19999999999999996,1.2,1.6,-0.40000000000000013,1.0,1.8,-0.8,1.0,1.2,0.19999999999999996,0.0,0.6,-0.6,1,0,home_win
2021-22,2021-11-30,Newcastle United,Norwich City FC,1414.7235665328526,1435.829310445462,43.89425608739066,0.0,0.4,-0.4,0.6,0.2,0.39999999999999997,0.6,1.4,-0.7999999999999999,1.0,1.0,0.0,2.0,2.2,0.20000000000000018,-1.0,-1.2,0.19999999999999996,1,1,draw
2021-22,2021-12-01,Aston Villa,Manchester City,1492.7441379854524,1675.5335803534679,-117.78944236801544,0.4,0.8,-0.4,0.0,0.0,0.0,1.2,2.4,-1.2,1.2,2.2,-1.0000000000000002,1.8,0.8,-1.0,-0.6,1.4,-2.0,1,2,away_win
2021-22,2021-12-01,Everton,Liverpool,1474.1162818620421,1661.397390552195,-122.2811086901529,0.0,0.6,-0.6,0.2,0.2,0.0,0.2,2.0,-1.8,0.6,3.4,-2.8,2.2,1.0,-1.2000000000000002,-1.6,2.4,-4.0,1,4,away_win
2021-22,2021-12-01,Southampton FC,Leicester City FC,1440.6772875153233,1517.6104656564955,-11.93317814117222,0.4,0.4,0.0,0.2,0.2,0.0,1.4,1.4,0.0,1.0,1.4,-0.3999999999999999,1.6,1.8,0.19999999999999996,-0.6,-0.4,-0.19999999999999996,2,2,draw
2021-22,2021-12-01,Watford FC,Chelsea,1472.9494254794502,1642.8631403815264,-104.91371490207621,0.4,0.6,-0.19999999999999996,0.0,0.4,-0.4,1.2,2.2,-1.0000000000000002,2.2,3.0,-0.7999999999999998,1.8,0.4,-1.4,0.4,2.6,-2.2,1,2,away_win
2021-22,2021-12-01,West Ham United FC,Brighton & Hove Albion,1581.634582773059,1479.9629828866766,166.6715998863824,0.6,0.0,0.6,0.0,0.6,-0.6,1.8,0.6,1.2000000000000002,1.8,0.8,1.0,1.2,1.8,0.6000000000000001,0.6,-1.0,1.6,1,1,draw
2021-22,2021-12-01,Wolverhampton Wanderers FC,Burnley FC,1482.0189496322857,1434.6889464353244,112.33000319696134,0.4,0.2,0.2,0.4,0.6,-0.19999999999999996,1.6,1.2,0.40000000000000013,0.8,1.8,-1.0,0.8,1.8,1.0,0.0,0.0,0.0,0,0,draw
2021-22,2021-12-02,Manchester United,Arsenal,1555.4031453483822,1567.5351583123904,52.867987035991746,0.2,0.8,-0.6000000000000001,0.2,0.0,0.2,0.8,2.4,-1.5999999999999999,1.0,1.6,-0.6000000000000001,2.4,1.0,-1.4,-1.4,0.6,-2.0,3,2,home_win
2021-22,2021-12-02,Tottenham Hotspur,Brentford,1515.2714291874547,1489.417767943875,90.85366124357961,0.4,0.2,0.2,0.2,0.2,0.0,1.4,0.8,0.5999999999999999,1.0,1.4,-0.3999999999999999,1.4,2.0,0.6000000000000001,-0.4,-0.6,0.19999999999999996,2,0,home_win
2021-22,2021-12-04,Newcastle United,Burnley FC,1413.4668673439428,1437.8139297970804,40.652937546862404,0.0,0.2,-0.2,0.6,0.8,-0.20000000000000007,0.6,1.4,-0.7999999999999999,1.0,1.8,-0.8,2.0,1.4,-0.6000000000000001,-1.0,0.4,-1.4,1,0,home_win
2021-22,2021-12-04,Southampton FC,Brighton & Hove Albion,1441.020616996057,1484.4231716895292,21.59744530652779,0.4,0.0,0.4,0.2,0.8,-0.6000000000000001,1.4,0.8,0.5999999999999999,1.0,0.8,0.19999999999999996,1.6,1.2,-0.40000000000000013,-0.6,-0.4,-0.19999999999999996,1,1,draw
2021-22,2021-12-04,Watford FC,Manchester City,1465.8805323722959,1682.2675111877932,-151.3869788154973,0.2,0.8,-0.6000000000000001,0.0,0.0,0.0,0.6,2.4,-1.7999999999999998,1.4,1.8,-0.40000000000000013,1.8,0.8,-1.0,-0.4,1.0,-1.4,1,3,away_win
2021-22,2021-12-04,West Ham United FC,Chelsea,1577.1743939702064,1649.9320334886806,-7.757639518474207,0.4,0.6,-0.19999999999999996,0.2,0.4,-0.2,1.4,2.2,-0.8000000000000003,1.8,2.0,-0.19999999999999996,1.4,0.6,-0.7999999999999999,0.4,1.4,-0.9999999999999999,3,2,home_win
2021-22,2021-12-04,Wolverhampton Wanderers FC,Liverpool,1478.8939662705297,1672.980523097893,-129.0865568273632,0.4,0.6,-0.19999999999999996,0.4,0.2,0.2,1.6,2.0,-0.3999999999999999,0.6,3.2,-2.6,0.6,1.2,0.6,0.0,2.0,-2.0,0,1,away_win
2021-22,2021-12-05,Aston Villa,Leicester City FC,1486.0102071511271,1517.2671361757618,33.7430709753653,0.4,0.2,0.2,0.0,0.4,-0.4,1.2,1.0,0.19999999999999996,1.2,1.4,-0.19999999999999996,1.6,2.0,0.3999999999999999,-0.4,-0.6,0.19999999999999996,2,1,home_win
2021-22,2021-12-05,Leeds United,Brentford,1502.0290500302212,1478.2532078672693,88.7758421629519,0.4,0.2,0.2,0.4,0.2,0.2,1.6,0.8,0.8,1.0,1.2,-0.19999999999999996,0.8,2.0,1.2,0.2,-0.8,1.0,2,2,draw
2021-22,2021-12-05,Manchester United,Crystal Palace,1563.8931190876176,1469.176718192827,159.7164008947907,0.4,0.4,0.0,0.2,0.2,0.0,1.4,1.4,0.0,1.6,1.6,0.0,1.8,1.2,-0.6000000000000001,-0.2,0.4,-0.6000000000000001,1,0,home_win
2021-22,2021-12-05,Tottenham Hotspur,Norwich City FC,1526.4359892640605,1437.0860096343717,154.34997962968873,0.4,0.4,0.0,0.2,0.4,-0.2,1.4,1.6,-0.20000000000000018,0.8,1.2,-0.3999999999999999,1.0,1.0,0.0,-0.2,0.2,-0.4,3,0,home_win
2021-22,2021-12-06,Everton,Arsenal,1462.5331493163442,1559.045184573155,-31.512035256810805,0.0,0.6,-0.6,0.2,0.0,0.2,0.2,1.8,-1.6,0.4,1.4,-0.9999999999999999,2.0,1.4,-0.6000000000000001,-1.6,0.0,-1.6,2,1,home_win
2021-22,2021-12-10,Brentford,Watford FC,1480.7541884815755,1457.0319739155552,88.72221456602028,0.2,0.2,0.0,0.4,0.0,0.4,1.0,0.6,0.4,1.4,1.6,-0.20000000000000018,1.8,2.2,0.40000000000000013,-0.4,-0.6,0.19999999999999996,2,1,home_win
2021-22,2021-12-11,Arsenal,Southampton FC,1548.1406741876945,1440.399792002682,172.74088218501242,0.4,0.2,0.2,0.0,0.4,-0.4,1.2,1.0,0.19999999999999996,1.2,1.0,0.19999999999999996,1.8,1.8,0.0,-0.6,-0.8,0.20000000000000007,3,0,home_win
2021-22,2021-12-11,Chelsea,Leeds United,1639.7087877734239,1499.528069415915,205.1807183575088,0.4,0.2,0.2,0.4,0.6,-0.19999999999999996,1.6,1.2,0.40000000000000013,1.8,1.0,0.8,1.2,1.0,-0.19999999999999996,0.6,0.0,0.6,3,2,home_win
2021-22,2021-12-11,Liverpool,Aston Villa,1679.4271345642335,1495.0420456037573,249.3850889604762,0.8,0.6,0.20000000000000007,0.0,0.0,0.0,2.4,1.8,0.5999999999999999,3.0,1.4,1.6,0.8,1.0,0.19999999999999996,2.2,0.4,1.8000000000000003,1,0,home_win
2021-22,2021-12-11,Manchester City,Wolverhampton Wanderers FC,1691.1160696445338,1472.4473548041892,283.6687148403446,1.0,0.2,0.8,0.0,0.4,-0.4,3.0,1.0,2.0,2.4,0.2,2.1999999999999997,0.6,0.6,0.0,1.8,-0.4,2.2,1,0,home_win
2021-22,2021-12-11,Norwich City FC,Manchester United,1426.8863997132178,1569.5947162186787,-77.70831650546097,0.4,0.4,0.0,0.4,0.2,0.2,1.6,1.4,0.20000000000000018,1.0,1.2,-0.19999999999999996,1.2,1.8,0.6000000000000001,-0.2,-0.6,0.39999999999999997,0,1,away_win
2021-22,2021-12-12,Burnley FC,West Ham United FC,1428.9787045971673,1587.3976396854632,-93.41893508829594,0.2,0.4,-0.2,0.6,0.2,0.39999999999999997,1.2,1.4,-0.19999999999999996,1.4,1.6,-0.20000000000000018,1.2,1.6,0.40000000000000013,0.2,0.0,0.2,0,0,draw
2021-22,2021-12-12,Crystal Palace,Everton,1463.4751210617658,1473.4376597018047,55.03746135996107,0.2,0.2,0.0,0.2,0.2,0.0,0.8,0.8,0.0,1.2,0.6,0.6,1.4,1.8,0.40000000000000013,-0.2,-1.2,1.0,3,1,home_win
2021-22,2021-12-12,Leicester City FC,Newcastle United,1508.2352977231317,1422.302092543856,150.93320517927577,0.2,0.2,0.0,0.4,0.6,-0.19999999999999996,1.0,1.2,-0.19999999999999996,1.6,1.2,0.40000000000000013,2.0,1.4,-0.6000000000000001,-0.4,-0.2,-0.2,4,0,home_win
2021-22,2021-12-14,Manchester City,Leeds United,1694.384661576599,1494.8310344761435,264.5536271004555,1.0,0.2,0.8,0.0,0.4,-0.4,3.0,1.0,2.0,2.2,1.2,1.0000000000000002,0.6,1.4,0.7999999999999999,1.6,-0.2,1.8,7,0,home_win
2021-22,2021-12-14,Norwich City FC,Aston Villa,1419.086460662751,1491.1974182060915,-7.110957543340419,0.2,0.6,-0.39999999999999997,0.4,0.0,0.4,1.0,1.8,-0.8,0.6,1.4,-0.7999999999999999,1.2,1.0,-0.19999999999999996,-0.6,0.4,-1.0,0,2,away_win
2021-22,2021-12-15,Arsenal,West Ham United FC,1557.592372173459,1584.7718038371231,37.82056833633578,0.4,0.2,0.2,0.0,0.4,-0.4,1.2,1.0,0.19999999999999996,1.6,1.0,0.6000000000000001,1.8,1.2,-0.6000000000000001,-0.2,-0.2,0.0,2,0,home_win
2021-22,2021-12-15,Brighton & Hove Albion,Wolverhampton Wanderers FC,1485.0439966829042,1469.178762872124,80.86523381078018,0.0,0.2,-0.2,0.8,0.4,0.4,0.8,1.0,-0.19999999999999996,0.6,0.2,0.39999999999999997,1.0,0.4,-0.6,-0.4,-0.2,-0.2,0,1,away_win
2021-22,2021-12-15,Crystal Palace,Southampton FC,1476.118641043652,1430.9480940169176,110.17054702673431,0.2,0.0,0.2,0.2,0.4,-0.2,0.8,0.4,0.4,1.4,0.8,0.5999999999999999,1.6,2.4,0.7999999999999998,-0.2,-1.6,1.4000000000000001,2,2,draw
2021-22,2021-12-16,Chelsea,Everton,1644.4058227131954,1460.7941397199186,248.61168299327687,0.6,0.2,0.39999999999999997,0.2,0.0,0.2,2.0,0.6,1.4,2.2,0.8,1.4000000000000001,1.4,2.4,1.0,0.8,-1.6,2.4000000000000004,1,1,draw
2021-22,2021-12-16,Liverpool,Newcastle United,1683.2717619618993,1411.2210133250396,337.0507486368597,1.0,0.2,0.8,0.0,0.4,-0.4,3.0,1.0,2.0,2.8,1.0,1.7999999999999998,0.2,2.0,1.8,2.6,-1.0,3.6,3,1,home_win
2021-22,2021-12-18,Leeds United,Arsenal,1486.7744193611154,1570.9659461354688,-19.191526774353406,0.2,0.6,-0.39999999999999997,0.4,0.0,0.4,1.0,1.8,-0.8,1.0,2.0,-1.0,2.4,1.0,-1.4,-1.4,1.0,-2.4,1,4,away_win
2021-22,2021-12-19,Newcastle United,Manchester City,1407.4523028911358,1702.441276691627,-229.9889738004913,0.2,1.0,-0.8,0.2,0.0,0.2,0.8,3.0,-2.2,0.6,3.0,-2.4,2.0,0.6,-1.4,-1.4,2.4,-3.8,0,4,away_win
2021-22,2021-12-19,Tottenham Hotspur,Liverpool,1536.6355991852145,1687.0404723958031,-85.40487321058868,0.6,1.0,-0.4,0.2,0.0,0.2,2.0,3.0,-1.0,1.4,2.6,-1.2000000000000002,0.8,0.4,-0.4,0.6,2.2,-1.6,2,2,draw
2021-22,2021-12-19,Wolverhampton Wanderers FC,Chelsea,1481.465114300564,1638.264295310444,-91.79918100987993,0.2,0.4,-0.2,0.4,0.4,0.0,1.0,1.6,-0.6000000000000001,0.2,1.8,-1.6,0.4,1.6,1.2000000000000002,-0.2,0.2,-0.4,0,0,draw
2021-22,2021-12-26,Aston Villa,Chelsea,1505.8904563510478,1635.6819181439919,-64.79146179294412,0.6,0.4,0.19999999999999996,0.0,0.4,-0.4,1.8,1.6,0.19999999999999996,1.4,1.6,-0.20000000000000018,1.0,1.4,0.3999999999999999,0.4,0.2,0.2,1,3,away_win
2021-22,2021-12-26,Brighton & Hove Albion,Brentford,1472.7576452544643,1488.2546549033443,49.502990351119934,0.0,0.4,-0.4,0.6,0.4,0.19999999999999996,0.6,1.6,-1.0,0.4,1.6,-1.2000000000000002,1.0,1.6,0.6000000000000001,-0.6,0.0,-0.6,2,0,home_win
2021-22,2021-12-26,Manchester City,Leicester City FC,1710.3225150476185,1519.316376941948,256.0061381056705,1.0,0.4,0.6,0.0,0.2,-0.2,3.0,1.4,1.6,3.4,2.2,1.1999999999999997,0.4,1.8,1.4,3.0,0.4,2.6,6,3,home_win
2021-22,2021-12-26,Norwich City FC,Arsenal,1404.3934225177948,1587.5002691423858,-118.10684662459107,0.0,0.6,-0.6,0.4,0.0,0.4,0.4,1.8,-1.4,0.2,2.4,-2.1999999999999997,1.4,1.2,-0.19999999999999996,-1.2,1.2,-2.4,0,5,away_win
2021-22,2021-12-26,Tottenham Hotspur,Crystal Palace,1539.045405911901,1473.0498505708774,130.99555534102365,0.6,0.2,0.39999999999999997,0.4,0.2,0.2,2.2,0.8,1.4000000000000001,1.8,1.2,0.6000000000000001,0.6,1.4,0.7999999999999999,1.2,-0.2,1.4,3,0,home_win
2021-22,2021-12-26,West Ham United FC,Southampton FC,1571.3982298751132,1434.016884489692,202.38134538542113,0.2,0.0,0.2,0.4,0.6,-0.19999999999999996,1.0,0.6,0.4,1.0,1.0,0.0,1.4,2.4,1.0,-0.4,-1.4,0.9999999999999999,2,3,away_win
2021-22,2021-12-27,Newcastle United,Manchester United,1399.5710645351444,1577.3946552691455,-112.82359073400107,0.2,0.6,-0.39999999999999997,0.2,0.2,0.0,0.8,2.0,-1.2,0.6,1.4,-0.7999999999999999,2.4,1.4,-1.0,-1.8,0.0,-1.8,1,1,draw
2021-22,2021-12-28,Crystal Palace,Norwich City FC,1461.8521293842985,1390.9418782006105,135.91025118368793,0.2,0.0,0.2,0.2,0.2,0.0,0.8,0.2,0.6000000000000001,1.0,0.2,0.8,1.6,2.4,0.7999999999999998,-0.6,-2.2,1.6,3,0,home_win
2021-22,2021-12-28,Leicester City FC,Liverpool,1512.7929918471793,1684.6306656691165,-106.83767382193719,0.4,0.8,-0.4,0.2,0.2,0.0,1.4,2.6,-1.2000000000000002,2.8,2.2,0.5999999999999996,2.4,0.8,-1.5999999999999999,0.4,1.4,-0.9999999999999999,1,0,home_win
2021-22,2021-12-28,Southampton FC,Tottenham Hotspur,1449.2616879956395,1550.24312709848,-35.98143910284057,0.2,0.8,-0.6000000000000001,0.6,0.2,0.39999999999999997,1.2,2.6,-1.4000000000000001,1.6,2.4,-0.7999999999999998,2.0,0.6,-1.4,-0.4,1.8,-2.2,1,1,draw
2021-22,2021-12-28,Watford FC,West Ham United FC,1449.5315074937864,1556.1534263691658,-41.62191887537938,0.2,0.2,0.0,0.0,0.4,-0.4,0.6,1.0,-0.4,1.8,1.2,0.6000000000000001,2.4,1.6,-0.7999999999999998,-0.6,-0.4,-0.19999999999999996,1,4,away_win
2021-22,2021-12-29,Brentford,Manchester City,1475.3775248446354,1716.845900142387,-176.46837529775166,0.4,1.0,-0.6,0.2,0.0,0.2,1.4,3.0,-1.6,1.0,4.2,-3.2,1.4,0.8,-0.5999999999999999,-0.4,3.4,-3.8,0,1,away_win
2021-22,2021-12-29,Chelsea,Brighton & Hove Albion,1647.9166275952302,1485.6347753131731,227.28185228205712,0.4,0.2,0.2,0.4,0.6,-0.19999999999999996,1.6,1.2,0.40000000000000013,1.8,0.8,1.0,1.4,0.6,-0.7999999999999999,0.4,0.2,0.2,1,1,draw
2021-22,2021-12-30,Manchester United,Burnley FC,1574.2568583609786,1431.6045404455074,207.65231791547126,0.6,0.0,0.6,0.4,0.8,-0.4,2.2,0.8,1.4000000000000001,1.4,0.8,0.5999999999999999,0.8,1.0,0.19999999999999996,0.6,-0.2,0.8,3,1,home_win
2021-22,2022-01-01,Arsenal,Manchester City,1600.95181345957,1722.1626952186655,-56.2108817590954,0.8,1.0,-0.19999999999999996,0.0,0.0,0.0,2.4,3.0,-0.6000000000000001,3.0,3.8,-0.7999999999999998,0.6,0.6,0.0,2.4,3.2,-0.8000000000000003,1,2,away_win
2021-22,2022-01-01,Crystal Palace,West Ham United FC,1472.8355137076799,1571.56694172073,-33.73142801305016,0.4,0.4,0.0,0.2,0.2,0.0,1.4,1.4,0.0,1.6,1.8,-0.19999999999999996,1.4,1.6,0.20000000000000018,0.2,0.2,0.0,2,3,away_win
2021-22,2022-01-01,Watford FC,Tottenham Hotspur,1434.1179921422222,1549.211184685915,-50.093192543692794,0.0,0.6,-0.6,0.0,0.4,-0.4,0.0,2.2,-2.2,1.2,2.2,-1.0000000000000002,3.0,0.6,-2.4,-1.8,1.6,-3.4000000000000004,0,1,away_win
2021-22,2022-01-02,Brentford,Aston Villa,1470.060729768357,1493.6557468998094,41.40498286854768,0.2,0.4,-0.2,0.2,0.0,0.2,0.8,1.2,-0.3999999999999999,0.8,1.2,-0.3999999999999999,1.6,1.4,-0.20000000000000018,-0.8,-0.2,-0.6000000000000001,2,1,home_win
2021-22,2022-01-02,Chelsea,Liverpool,1642.1719243238454,1671.6490228958714,35.52290142797392,0.4,0.6,-0.19999999999999996,0.6,0.2,0.39999999999999997,1.8,2.0,-0.19999999999999996,1.6,1.4,0.20000000000000018,1.0,0.8,-0.19999999999999996,0.6,0.6,0.0,2,2,draw
2021-22,2022-01-02,Everton,Brighton & Hove Albion,1466.93566712267,1491.379478584558,40.55618853811211,0.2,0.2,0.0,0.2,0.6,-0.39999999999999997,0.8,1.2,-0.3999999999999999,1.0,1.0,0.0,2.0,0.8,-1.2,-1.0,0.2,-1.2,2,3,away_win
2021-22,2022-01-02,Leeds United,Burnley FC,1470.2400963541984,1424.6353983315594,110.60469802263901,0.2,0.0,0.2,0.2,0.6,-0.39999999999999997,0.8,0.6,0.20000000000000007,1.2,0.8,0.3999999999999999,3.2,1.4,-1.8000000000000003,-2.0,-0.6,-1.4,3,1,home_win
2021-22,2022-01-03,Manchester United,Wolverhampton Wanderers FC,1581.2260004749266,1484.047491467016,162.17850900791063,0.8,0.2,0.6000000000000001,0.2,0.4,-0.2,2.6,1.0,1.6,1.8,0.2,1.6,0.8,0.4,-0.4,1.0,-0.2,1.2,0,1,away_win
2021-22,2022-01-11,Southampton FC,Brentford,1450.2936304082045,1478.874608445198,36.41902196300657,0.2,0.4,-0.2,0.6,0.2,0.39999999999999997,1.2,1.4,-0.19999999999999996,1.4,1.2,0.19999999999999996,1.8,1.4,-0.40000000000000013,-0.4,-0.2,-0.2,4,1,home_win
2021-22,2022-01-12,West Ham United FC,Norwich City FC,1580.599112144708,1379.958493877229,265.6406182674789,0.4,0.0,0.4,0.2,0.0,0.2,1.4,0.0,1.4,1.8,0.0,1.8,1.6,2.8,1.1999999999999997,0.2,-2.8,3.0,2,0,home_win
2021-22,2022-01-14,Brighton & Hove Albion,Crystal Palace,1502.5415064147971,1463.803343283702,103.73816313109523,0.4,0.4,0.0,0.4,0.2,0.2,1.6,1.4,0.20000000000000018,1.4,2.0,-0.6000000000000001,1.0,1.8,0.8,0.4,0.2,0.2,1,1,draw
2021-22,2022-01-15,Aston Villa,Manchester United,1484.8418682229685,1566.8700020799592,-17.028133856990735,0.4,0.6,-0.19999999999999996,0.0,0.2,-0.2,1.2,2.0,-0.8,1.2,1.2,0.0,1.4,0.6,-0.7999999999999999,-0.2,0.6,-0.8,2,2,draw
2021-22,2022-01-15,Manchester City,Chelsea,1730.5587859152006,1641.153040913646,154.40574500155458,1.0,0.2,0.8,0.0,0.8,-0.8,3.0,1.4,1.6,4.0,1.4,2.6,0.8,1.0,0.19999999999999996,3.2,0.4,2.8000000000000003,1,0,home_win
2021-22,2022-01-15,Newcastle United,Watford FC,1402.7088614433112,1425.549881892905,42.15897955040623,0.2,0.0,0.2,0.2,0.0,0.2,0.8,0.0,0.8,0.6,0.8,-0.20000000000000007,2.4,2.4,0.0,-1.8,-1.6,-0.19999999999999996,1,1,draw
2021-22,2022-01-15,Norwich City FC,Everton,1374.6149527303476,1455.773639292431,-16.158686562083403,0.0,0.2,-0.2,0.0,0.2,-0.2,0.0,0.8,-0.8,0.0,1.4,-1.4,2.6,2.4,-0.20000000000000018,-2.6,-1.0,-1.6,2,1,home_win
2021-22,2022-01-15,Wolverhampton Wanderers FC,Southampton FC,1498.4034898619834,1465.9659281108222,97.43756175116118,0.4,0.4,0.0,0.2,0.4,-0.2,1.4,1.6,-0.20000000000000018,0.4,2.0,-1.6,0.4,1.8,1.4,0.0,0.2,-0.2,3,1,home_win
2021-22,2022-01-16,Liverpool,Brentford,1672.6679063060708,1463.2023107425803,274.4655955634905,0.4,0.4,0.0,0.4,0.0,0.4,1.6,1.2,0.40000000000000013,1.6,1.0,0.6000000000000001,1.2,1.8,0.6000000000000001,0.4,-0.8,1.2000000000000002,3,0,home_win
2021-22,2022-01-16,West Ham United FC,Leeds United,1585.9426532915895,1480.619938550147,170.3227147414425,0.6,0.2,0.39999999999999997,0.0,0.2,-0.2,1.8,0.8,1.0,2.2,1.6,0.6000000000000001,1.6,3.4,1.7999999999999998,0.6,-1.8,2.4,2,3,away_win
2021-22,2022-01-18,Brighton & Hove Albion,Chelsea,1499.6413583021874,1635.3260180321543,-70.68465972996682,0.4,0.2,0.2,0.4,0.6,-0.19999999999999996,1.6,1.2,0.40000000000000013,1.4,1.2,0.19999999999999996,1.0,1.0,0.0,0.4,0.2,0.2,1,1,draw
2021-22,2022-01-19,Brentford,Manchester United,1457.2242258443057,1566.3802850388308,-44.15605919452514,0.2,0.4,-0.2,0.0,0.4,-0.4,0.6,1.6,-1.0,0.6,1.4,-0.7999999999999999,2.2,1.0,-1.2000000000000002,-1.6,0.4,-2.0,1,3,away_win
2021-22,2022-01-19,Leicester City FC,Tottenham Hotspur,1525.7746346204244,1557.7792949352322,32.99533968519222,0.4,0.6,-0.19999999999999996,0.2,0.4,-0.2,1.4,2.2,-0.8000000000000003,2.2,2.0,0.20000000000000018,2.0,0.6,-1.4,0.2,1.4,-1.2,2,3,away_win
2021-22,2022-01-21,Watford FC,Norwich City FC,1426.75739412659,1385.0797020739851,106.67769205260493,0.0,0.2,-0.2,0.2,0.0,0.2,0.2,0.6,-0.39999999999999997,0.8,0.4,0.4,2.2,2.6,0.3999999999999999,-1.4,-2.2,0.8000000000000003,0,3,away_win
2021-22,2022-01-22,Brentford,Wolverhampton Wanderers FC,1444.1203980142843,1509.3036970316755,-0.18329901739116394,0.2,0.6,-0.39999999999999997,0.0,0.2,-0.2,0.6,2.0,-1.4,0.8,1.0,-0.19999999999999996,2.4,0.4,-2.0,-1.6,0.6,-2.2,1,2,away_win
2021-22,2022-01-22,Everton,Aston Villa,1445.3088899487934,1485.331585264097,24.97730468469649,0.2,0.2,0.0,0.2,0.2,0.0,0.8,0.8,0.0,1.4,1.2,0.19999999999999996,2.0,1.6,-0.3999999999999999,-0.6,-0.4,-0.19999999999999996,0,1,away_win
2021-22,2022-01-22,Leeds United,Newcastle United,1495.1639137248615,1401.5013492096261,158.66256451523532,0.4,0.0,0.4,0.0,0.4,-0.4,1.2,0.4,0.7999999999999999,1.8,0.6,1.2000000000000002,3.4,2.6,-0.7999999999999998,-1.6,-2.0,0.3999999999999999,0,1,away_win
2021-22,2022-01-22,Manchester United,West Ham United FC,1579.4841128688522,1571.398678116875,73.08543475197712,0.4,0.6,-0.19999999999999996,0.4,0.0,0.4,1.6,1.8,-0.19999999999999996,1.8,2.6,-0.8,1.2,1.8,0.6000000000000001,0.6,0.8,-0.20000000000000007,1,0,home_win
2021-22,2022-01-22,Southampton FC,Manchester City,1455.0657209411302,1736.3858087966923,-216.32008785556218,0.4,1.0,-0.6,0.4,0.0,0.4,1.6,3.0,-1.4,2.2,2.8,-0.5999999999999996,1.8,0.8,-1.0,0.4,2.0,-1.6,1,1,draw
2021-22,2022-01-23,Arsenal,Burnley FC,1592.555722763035,1414.2555561356107,243.30016662742423,0.8,0.0,0.8,0.0,0.4,-0.4,2.4,0.4,2.0,3.0,0.4,2.6,0.6,1.4,0.7999999999999999,2.4,-1.0,3.4,0,0,draw
2021-22,2022-01-23,Chelsea,Tottenham Hotspur,1633.319162206024,1568.7261323641944,129.59302984182955,0.2,0.6,-0.39999999999999997,0.6,0.4,0.19999999999999996,1.2,2.2,-1.0000000000000002,1.4,2.0,-0.6000000000000001,1.2,1.0,-0.19999999999999996,0.2,1.0,-0.8,2,0,home_win
2021-22,2022-01-23,Crystal Palace,Liverpool,1466.7034913963116,1678.6459912043454,-146.94249980803374,0.2,0.4,-0.2,0.4,0.4,0.0,1.0,1.6,-0.6000000000000001,1.6,2.0,-0.3999999999999999,1.8,1.2,-0.6000000000000001,-0.2,0.8,-1.0,1,3,away_win
2021-22,2022-01-23,Leicester City FC,Brighton & Hove Albion,1514.8277971914622,1501.6482141283177,78.17958306314449,0.4,0.4,0.0,0.0,0.6,-0.6,1.2,1.8,-0.6000000000000001,2.2,1.6,0.6000000000000001,2.2,1.0,-1.2000000000000002,0.0,0.6,-0.6,1,1,draw
2021-22,2022-02-05,Burnley FC,Watford FC,1420.3009738902988,1404.046862027252,81.25411186304677,0.0,0.0,0.0,0.4,0.2,0.2,0.4,0.2,0.2,0.4,0.6,-0.19999999999999996,1.4,2.2,0.8000000000000003,-1.0,-1.6,0.6000000000000001,0,0,draw
2021-22,2022-02-08,Burnley FC,Manchester United,1418.004017463377,1587.411033048455,-104.40701558507794,0.0,0.6,-0.6,0.6,0.2,0.39999999999999997,0.6,2.0,-1.4,0.4,1.8,-1.4,1.2,1.0,-0.19999999999999996,-0.8,0.8,-1.6,1,1,draw
2021-22,2022-02-08,Newcastle United,Everton,1415.7749922172507,1434.5912212661099,46.18377095114079,0.2,0.0,0.2,0.4,0.2,0.2,1.0,0.2,0.8,0.8,1.0,-0.19999999999999996,1.8,2.0,0.19999999999999996,-1.0,-1.0,0.0,3,1,home_win
2021-22,2022-02-08,West Ham United FC,Watford FC,1563.4717579372723,1406.3438184541737,222.12793948309854,0.6,0.0,0.6,0.0,0.4,-0.4,1.8,0.4,1.4,2.2,0.4,1.8000000000000003,1.4,1.8,0.40000000000000013,0.8,-1.4,2.2,1,0,home_win
2021-22,2022-02-09,Aston Villa,Leeds United,1496.0492539467805,1480.890270717237,80.15898322954354,0.4,0.4,0.0,0.2,0.0,0.2,1.4,1.2,0.19999999999999996,1.4,1.4,0.0,1.4,3.0,1.6,0.0,-1.6,1.6,3,3,draw
2021-22,2022-02-09,Manchester City,Brentford,1730.8563180220885,1434.1256737836075,361.7306442384811,0.8,0.2,0.6000000000000001,0.2,0.0,0.2,2.6,0.6,2.0,2.2,1.0,1.2000000000000002,1.0,2.6,1.6,1.2,-1.6,2.8,2,0,home_win
2021-22,2022-02-09,Norwich City FC,Crystal Palace,1407.7902341733231,1457.6944871552544,15.095747018068778,0.4,0.2,0.2,0.0,0.2,-0.2,1.2,0.8,0.3999999999999999,1.0,1.4,-0.3999999999999999,2.2,2.0,-0.20000000000000018,-1.2,-0.6,-0.6,1,1,draw
2021-22,2022-02-09,Tottenham Hotspur,Southampton FC,1559.075310506851,1460.595211715734,163.48009879111714,0.6,0.4,0.19999999999999996,0.2,0.4,-0.2,2.0,1.6,0.3999999999999999,1.6,2.0,-0.3999999999999999,1.0,1.6,0.6000000000000001,0.6,0.4,0.19999999999999996,2,3,away_win
2021-22,2022-02-10,Liverpool,Leicester City FC,1687.6549954454026,1512.6148324995313,240.04016294587132,0.4,0.4,0.0,0.4,0.2,0.2,1.6,1.4,0.20000000000000018,2.0,2.2,-0.20000000000000018,1.2,2.0,0.8,0.8,0.2,0.6000000000000001,2,0,home_win
2021-22,2022-02-10,Wolverhampton Wanderers FC,Arsenal,1519.2984212623523,1586.510305008347,-2.2118837459945553,0.8,0.6,0.20000000000000007,0.2,0.2,0.0,2.6,2.0,0.6000000000000001,1.4,2.4,-1.0,0.4,0.6,0.19999999999999996,1.0,1.8,-0.8,0,1,away_win
2021-22,2022-02-12,Brentford,Crystal Palace,1430.8007679453458,1458.1287044738756,37.67206347147021,0.0,0.2,-0.2,0.0,0.4,-0.4,0.0,1.0,-1.0,0.6,1.6,-1.0,2.8,1.6,-1.1999999999999997,-2.2,0.0,-2.2,0,0,draw
2021-22,2022-02-12,Everton,Leeds United,1421.5734733749343,1483.1573482904405,3.4161250844938422,0.0,0.4,-0.4,0.2,0.2,0.0,0.2,1.4,-1.2,1.0,2.0,-1.0,2.0,2.2,0.20000000000000018,-1.0,-0.2,-0.8,3,0,home_win
2021-22,2022-02-12,Manchester United,Southampton FC,1584.493262859758,1474.981514825155,174.511748034603,0.4,0.4,0.0,0.4,0.4,0.0,1.6,1.6,0.0,1.4,2.0,-0.6000000000000001,1.0,1.6,0.6000000000000001,0.4,0.4,0.0,1,1,draw
2021-22,2022-02-12,Norwich City FC,Manchester City,1407.356016854702,1734.1812238603502,-261.8252070056483,0.4,0.8,-0.4,0.2,0.2,0.0,1.4,2.6,-1.2000000000000002,1.2,1.4,-0.19999999999999996,1.4,0.4,-0.9999999999999999,-0.2,1.0,-1.2,0,4,away_win
2021-22,2022-02-12,Watford FC,Brighton & Hove Albion,1401.9882884802887,1503.8611788202486,-36.872890339959895,0.0,0.2,-0.2,0.4,0.8,-0.4,0.4,1.4,-0.9999999999999999,0.2,1.4,-1.2,1.2,1.2,0.0,-1.0,0.2,-1.2,0,2,away_win
2021-22,2022-02-13,Burnley FC,Liverpool,1420.921787652074,1693.676682887785,-207.75489523571105,0.0,0.6,-0.6,0.6,0.2,0.39999999999999997,0.6,2.0,-1.4,0.6,2.0,-1.4,1.4,0.8,-0.5999999999999999,-0.8,1.2,-2.0,0,1,away_win
2021-22,2022-02-13,Leicester City FC,West Ham United FC,1506.5931450571488,1567.8272879111573,3.765857145991504,0.2,0.6,-0.39999999999999997,0.2,0.0,0.2,0.8,1.8,-1.0,1.4,1.6,-0.20000000000000018,2.4,1.2,-1.2,-1.0,0.4,-1.4,2,2,draw
2021-22,2022-02-13,Newcastle United,Aston Villa,1428.7927401084262,1493.782176373577,0.010563734849256434,0.4,0.2,0.2,0.4,0.4,0.0,1.6,1.0,0.6000000000000001,1.2,1.6,-0.40000000000000013,1.4,2.0,0.6000000000000001,-0.2,-0.4,0.2,1,0,home_win
2021-22,2022-02-13,Tottenham Hotspur,Wolverhampton Wanderers FC,1544.68900739743,1509.3620835340407,100.32692386338931,0.4,0.6,-0.19999999999999996,0.2,0.2,0.0,1.4,2.0,-0.6000000000000001,1.4,1.2,0.19999999999999996,1.6,0.6,-1.0,-0.2,0.6,-0.8,0,2,away_win
2021-22,2022-02-15,Manchester United,Brighton & Hove Albion,1579.854138475882,1517.2751981710016,127.57894030488046,0.4,0.4,0.0,0.6,0.6,0.0,1.8,1.8,0.0,1.6,1.6,0.0,1.0,1.0,0.0,0.6,0.6,0.0,2,0,home_win
2021-22,2022-02-19,Arsenal,Brentford,1596.4466427366585,1429.7207081772374,231.72593455942115,0.6,0.0,0.6,0.2,0.2,0.0,2.0,0.2,1.8,2.2,0.4,1.8000000000000003,0.6,2.0,1.4,1.6,-1.6,3.2,2,1,home_win
2021-22,2022-02-19,Aston Villa,Watford FC,1483.7824804223067,1388.5742691295357,160.208211292771,0.2,0.0,0.2,0.4,0.4,0.0,1.0,0.4,0.6,1.4,0.2,1.2,1.6,1.4,-0.20000000000000018,-0.2,-1.2,1.0,0,1,away_win
2021-22,2022-02-19,Brighton & Hove Albion,Burnley FC,1507.5483229803067,1416.2777987006746,156.27052427963213,0.2,0.0,0.2,0.6,0.6,0.0,1.2,0.6,0.6,1.0,0.4,0.6,1.0,1.0,0.0,0.0,-0.6,0.6,0,3,away_win
2021-22,2022-02-19,Crystal Palace,Chelsea,1459.208764241984,1642.9699840633673,-118.76121982138329,0.0,0.2,-0.2,0.6,0.6,0.0,0.6,1.2,-0.6,1.0,1.2,-0.19999999999999996,1.6,1.0,-0.6000000000000001,-0.6,0.2,-0.8,0,1,away_win
2021-22,2022-02-19,Liverpool,Norwich City FC,1698.3206718391846,1400.5551650954353,362.76550674374926,0.8,0.4,0.4,0.2,0.2,0.0,2.6,1.4,1.2000000000000002,2.2,1.2,1.0000000000000002,0.6,1.6,1.0,1.6,-0.4,2.0,3,1,home_win
2021-22,2022-02-19,Manchester City,Tottenham Hotspur,1740.9820756196168,1525.474053996691,280.50802162292575,0.8,0.4,0.4,0.2,0.0,0.2,2.6,1.2,1.4000000000000001,2.0,1.2,0.8,0.4,1.8,1.4,1.6,-0.6,2.2,2,3,away_win
2021-22,2022-02-19,Southampton FC,Everton,1479.620639209031,1438.9014119481778,105.71922726085313,0.4,0.2,0.2,0.4,0.0,0.4,1.6,0.6,1.0,2.0,1.4,0.6000000000000001,1.6,1.8,0.19999999999999996,0.4,-0.4,0.8,2,0,home_win
2021-22,2022-02-19,West Ham United FC,Newcastle United,1567.935673748237,1438.7924360596965,194.14323768854047,0.4,0.6,-0.19999999999999996,0.2,0.4,-0.2,1.4,2.2,-0.8000000000000003,1.4,1.4,0.0,1.2,0.6,-0.6,0.2,0.8,-0.6000000000000001,1,1,draw
2021-22,2022-02-20,Leeds United,Manchester United,1465.829409717197,1589.581013666577,-58.75160394938007,0.4,0.6,-0.19999999999999996,0.2,0.4,-0.2,1.4,2.2,-0.8000000000000003,1.8,1.6,0.19999999999999996,2.0,0.6,-1.4,-0.2,1.0,-1.2,2,4,away_win
2021-22,2022-02-20,Wolverhampton Wanderers FC,Leicester City FC,1528.5770369347797,1506.4847592200692,87.09227771471046,0.8,0.2,0.6000000000000001,0.0,0.4,-0.4,2.4,1.0,1.4,1.6,1.2,0.40000000000000013,0.6,1.6,1.0,1.0,-0.4,1.4,2,1,home_win
2021-22,2022-02-23,Burnley FC,Tottenham Hotspur,1441.1579054947706,1542.155405982592,-35.9975004878213,0.2,0.4,-0.2,0.6,0.0,0.6,1.2,1.2,0.0,0.8,1.6,-0.8,0.4,2.2,1.8000000000000003,0.4,-0.6,1.0,1,0,home_win
2021-22,2022-02-23,Liverpool,Leeds United,1701.6280067191808,1453.342016516091,313.2859902030898,1.0,0.2,0.8,0.0,0.2,-0.2,3.0,0.8,2.2,2.4,1.6,0.7999999999999998,0.4,2.6,2.2,2.0,-1.0,3.0,6,0,home_win
2021-22,2022-02-23,Watford FC,Crystal Palace,1402.884205017421,1452.4997969229807,15.384408094440232,0.2,0.0,0.2,0.2,0.6,-0.39999999999999997,0.8,0.6,0.20000000000000007,0.2,0.6,-0.39999999999999997,1.2,1.2,0.0,-1.0,-0.6,-0.4,1,4,away_win
2021-22,2022-02-24,Arsenal,Wolverhampton Wanderers FC,1600.6168709140388,1536.1215370311234,129.49533388291547,0.6,0.8,-0.20000000000000007,0.2,0.0,0.2,2.0,2.4,-0.3999999999999999,1.8,1.8,0.0,0.6,0.8,0.20000000000000007,1.2,1.0,0.19999999999999996,2,1,home_win
2021-22,2022-02-25,Southampton FC,Norwich City FC,1490.19221155711,1397.247830215439,157.94438134167103,0.4,0.4,0.0,0.4,0.2,0.2,1.6,1.4,0.20000000000000018,1.6,1.4,0.20000000000000018,1.4,1.8,0.40000000000000013,0.2,-0.4,0.6000000000000001,2,0,home_win
2021-22,2022-02-26,Brentford,Newcastle United,1425.550479999857,1443.8632209005666,46.687259099290486,0.0,0.6,-0.6,0.2,0.4,-0.2,0.2,2.2,-2.0,0.6,1.4,-0.7999999999999999,1.8,0.6,-1.2000000000000002,-1.2,0.8,-2.0,0,2,away_win
2021-22,2022-02-26,Brighton & Hove Albion,Aston Villa,1482.6682161862107,1469.4725445344213,78.19567165178933,0.2,0.2,0.0,0.4,0.4,0.0,1.0,1.0,0.0,0.8,1.2,-0.3999999999999999,1.4,1.4,0.0,-0.6,-0.2,-0.39999999999999997,0,2,away_win
2021-22,2022-02-26,Crystal Palace,Burnley FC,1470.7741888739658,1452.1903052660898,83.58388360787603,0.2,0.4,-0.2,0.4,0.4,0.0,1.0,1.6,-0.6000000000000001,1.2,1.0,0.19999999999999996,1.2,0.4,-0.7999999999999999,0.0,0.6,-0.6,1,1,draw
2021-22,2022-02-26,Everton,Manchester City,1428.3298396000987,1724.300723633716,-230.97088403361727,0.2,0.6,-0.39999999999999997,0.0,0.2,-0.2,0.6,2.0,-1.4,1.0,2.0,-1.0,1.6,0.8,-0.8,-0.6,1.2,-1.7999999999999998,0,1,away_win
2021-22,2022-02-26,Leeds United,Tottenham Hotspur,1447.3310134503824,1531.1230062112727,-18.791992760890253,0.0,0.2,-0.2,0.2,0.0,0.2,0.2,0.6,-0.39999999999999997,1.0,1.0,0.0,3.4,2.0,-1.4,-2.4,-1.0,-1.4,0,4,away_win
2021-22,2022-02-26,Manchester United,Watford FC,1602.068406867683,1384.609813066436,282.45859380124716,0.6,0.2,0.39999999999999997,0.4,0.2,0.2,2.2,0.8,1.4000000000000001,1.8,0.4,1.4,0.8,1.4,0.5999999999999999,1.0,-1.0,2.0,0,0,draw
2021-22,2022-02-27,West Ham United FC,Wolverhampton Wanderers FC,1562.8648889073668,1529.6852012281242,98.17968767924253,0.2,0.6,-0.39999999999999997,0.4,0.0,0.4,1.0,1.8,-0.8,1.2,1.4,-0.19999999999999996,1.4,1.0,-0.3999999999999999,-0.2,0.4,-0.6000000000000001,1,0,home_win
2021-22,2022-03-01,Burnley FC,Leicester City FC,1454.5506813891018,1498.9402591237256,20.6104222653762,0.4,0.0,0.4,0.4,0.4,0.0,1.6,0.4,1.2000000000000002,1.2,1.2,0.0,0.6,2.0,1.4,0.6,-0.8,1.4,0,2,away_win
2021-22,2022-03-05,Aston Villa,Southampton FC,1487.7926521497054,1498.807112850363,53.98553929934246,0.4,0.6,-0.19999999999999996,0.2,0.4,-0.2,1.4,2.2,-0.8000000000000003,1.2,1.8,-0.6000000000000001,1.0,0.8,-0.19999999999999996,0.2,1.0,-0.8,4,0,home_win
2021-22,2022-03-05,Burnley FC,Chelsea,1438.6619002415491,1649.6789513823705,-146.01705114082142,0.4,0.4,0.0,0.2,0.4,-0.2,1.4,1.6,-0.20000000000000018,1.0,1.2,-0.19999999999999996,0.8,0.8,0.0,0.2,0.4,-0.2,0,4,away_win
2021-22,2022-03-05,Leicester City FC,Leeds United,1514.8290402712782,1429.5941700845485,150.23487018672972,0.2,0.0,0.2,0.4,0.2,0.2,1.0,0.2,0.8,1.2,1.0,0.19999999999999996,1.4,4.0,2.6,-0.2,-3.0,2.8,1,0,home_win
2021-22,2022-03-05,Liverpool,West Ham United FC,1707.6390097848894,1570.1119408235757,202.52706896131372,1.0,0.4,0.6,0.0,0.4,-0.4,3.0,1.6,1.4,3.0,1.0,2.0,0.4,0.8,0.4,2.6,0.2,2.4,1,0,home_win
2021-22,2022-03-05,Newcastle United,Brighton & Hove Albion,1460.8668266224588,1464.3481085709266,61.51871805153223,0.8,0.2,0.6000000000000001,0.2,0.2,0.0,2.6,0.8,1.8,1.6,0.6,1.0,0.4,1.6,1.2000000000000002,1.2,-1.0,2.2,2,1,home_win
2021-22,2022-03-05,Norwich City FC,Brentford,1388.6329289221862,1408.546874277965,45.08605464422135,0.2,0.0,0.2,0.2,0.2,0.0,0.8,0.2,0.6000000000000001,1.0,0.4,0.6,2.0,1.6,-0.3999999999999999,-1.0,-1.2,0.19999999999999996,1,3,away_win
2021-22,2022-03-05,Wolverhampton Wanderers FC,Crystal Palace,1522.4381493119154,1468.4138127509539,119.0243365609615,0.4,0.2,0.2,0.0,0.6,-0.6,1.2,1.2,0.0,1.0,1.2,-0.19999999999999996,1.0,0.8,-0.19999999999999996,0.0,0.4,-0.4,0,2,away_win
2021-22,2022-03-06,Manchester City,Manchester United,1728.4853161642877,1595.3560914128393,198.12922475144842,0.6,0.4,0.19999999999999996,0.2,0.6,-0.39999999999999997,2.0,1.8,0.19999999999999996,2.0,1.6,0.3999999999999999,0.8,0.8,0.0,1.2,0.8,0.3999999999999999,4,1,home_win
2021-22,2022-03-06,Watford FC,Arsenal,1391.3221285212796,1607.053206717038,-150.7310781957583,0.2,0.6,-0.39999999999999997,0.2,0.2,0.0,0.8,2.0,-1.2,0.4,1.2,-0.7999999999999999,1.4,0.8,-0.5999999999999999,-1.0,0.4,-1.4,2,3,away_win
2021-22,2022-03-07,Tottenham Hotspur,Everton,1548.8598495771066,1424.145247069527,189.71460250757968,0.4,0.2,0.2,0.0,0.0,0.0,1.2,0.6,0.6,1.8,0.8,1.0,1.6,1.4,-0.20000000000000018,0.2,-0.6,0.8,5,0,home_win
2021-22,2022-03-10,Leeds United,Aston Villa,1423.6675101698172,1503.6524461570277,-14.98493598721052,0.0,0.4,-0.4,0.0,0.2,-0.2,0.0,1.4,-1.4,0.4,1.8,-1.4,3.6,1.0,-2.6,-3.2,0.8,-4.0,0,3,away_win
2021-22,2022-03-10,Norwich City FC,Chelsea,1371.6972606892741,1660.9822278275221,-224.28496713824802,0.0,0.6,-0.6,0.2,0.2,0.0,0.2,2.0,-1.8,0.6,1.6,-1.0,2.6,0.4,-2.2,-2.0,1.2,-3.2,1,3,away_win
2021-22,2022-03-10,Southampton FC,Newcastle United,1482.9473188430406,1469.114450943456,78.8328678995847,0.6,0.8,-0.20000000000000007,0.2,0.2,0.0,2.0,2.6,-0.6000000000000001,1.6,1.8,-0.19999999999999996,1.4,0.6,-0.7999999999999999,0.2,1.2,-1.0,1,2,away_win
2021-22,2022-03-10,Wolverhampton Wanderers FC,Watford FC,1502.4914735067723,1385.4073740009294,182.08409950584291,0.4,0.2,0.2,0.0,0.2,-0.2,1.2,0.8,0.3999999999999999,1.0,0.8,0.19999999999999996,1.2,1.8,0.6000000000000001,-0.2,-1.0,0.8,4,0,home_win
2021-22,2022-03-12,Brentford,Burnley FC,1425.482542510877,1427.3586237963975,63.12391871447949,0.2,0.4,-0.2,0.2,0.2,0.0,0.8,1.4,-0.5999999999999999,0.8,1.0,-0.19999999999999996,1.4,1.4,0.0,-0.6,-0.4,-0.19999999999999996,2,0,home_win
2021-22,2022-03-12,Brighton & Hove Albion,Liverpool,1456.1004842499294,1712.391166442139,-191.2906821922095,0.2,1.0,-0.8,0.0,0.0,0.0,0.6,3.0,-2.4,0.6,2.6,-2.0,1.8,0.2,-1.6,-1.2,2.4,-3.5999999999999996,0,2,away_win
2021-22,2022-03-12,Manchester United,Tottenham Hotspur,1586.8782423475648,1558.9088837890865,92.96935855847823,0.4,0.6,-0.19999999999999996,0.4,0.0,0.4,1.6,1.8,-0.19999999999999996,1.6,2.4,-0.7999999999999998,1.4,1.0,-0.3999999999999999,0.2,1.4,-1.2,3,2,home_win
2021-22,2022-03-13,Arsenal,Leicester City FC,1612.9679612373882,1520.7557001860096,157.21226105137862,0.8,0.4,0.4,0.2,0.2,0.0,2.6,1.4,1.2000000000000002,1.6,1.2,0.40000000000000013,0.8,1.2,0.3999999999999999,0.8,0.0,0.8,2,0,home_win
2021-22,2022-03-13,Chelsea,Newcastle United,1667.4522889235072,1481.345290400306,251.10699852320113,0.8,0.8,0.0,0.2,0.2,0.0,2.6,2.6,0.0,2.2,1.6,0.6000000000000001,0.4,0.6,0.19999999999999996,1.8,1.0,0.8,1,0,home_win
2021-22,2022-03-13,Everton,Wolverhampton Wanderers FC,1414.096212857547,1512.2256681503059,-33.12945529275885,0.2,0.4,-0.2,0.0,0.0,0.0,0.6,1.2,-0.6,0.8,1.4,-0.5999999999999999,2.2,1.2,-1.0000000000000002,-1.4,0.2,-1.5999999999999999,0,1,away_win
2021-22,2022-03-13,Leeds United,Norwich City FC,1406.921819477728,1365.227199593289,106.69461988443891,0.0,0.0,0.0,0.0,0.0,0.0,0.0,0.0,0.0,0.4,0.6,-0.19999999999999996,3.6,3.0,-0.6000000000000001,-3.2,-2.4,-0.8000000000000003,2,1,home_win
2021-22,2022-03-13,Southampton FC,Watford FC,1470.7164793861905,1375.6731793573958,160.04330002879465,0.4,0.2,0.2,0.2,0.2,0.0,1.4,0.8,0.5999999999999999,1.2,0.8,0.3999999999999999,1.4,2.2,0.8000000000000003,-0.2,-1.4,1.2,1,2,away_win
2021-22,2022-03-13,West Ham United FC,Aston Villa,1565.359784166326,1520.398136849117,109.9616473172091,0.4,0.6,-0.19999999999999996,0.4,0.0,0.4,1.6,1.8,-0.19999999999999996,1.0,1.8,-0.8,0.8,0.4,-0.4,0.2,1.4,-1.2,2,1,home_win
2021-22,2022-03-14,Crystal Palace,Manchester City,1488.360488556097,1736.9631652295623,-183.60267667346534,0.4,0.8,-0.4,0.4,0.0,0.4,1.6,2.4,-0.7999999999999998,1.4,2.6,-1.2000000000000002,0.6,0.8,0.20000000000000007,0.8,1.8,-1.0,0,0,draw
2021-22,2022-03-16,Arsenal,Liverpool,1621.6087665727462,1719.8768577114636,-33.26809113871741,1.0,1.0,0.0,0.0,0.0,0.0,3.0,3.0,0.0,2.0,2.6,-0.6000000000000001,0.8,0.2,-0.6000000000000001,1.2,2.4,-1.2,0,2,away_win
2021-22,2022-03-16,Brighton & Hove Albion,Tottenham Hotspur,1448.6147929806048,1551.5226679011685,-37.9078749205637,0.0,0.6,-0.6,0.0,0.0,0.0,0.0,1.8,-1.8,0.2,2.8,-2.5999999999999996,2.2,1.2,-1.0000000000000002,-2.0,1.6,-3.6,0,2,away_win
2021-22,2022-03-17,Everton,Newcastle United,1405.0468756976315,1477.531351870871,-7.4844761732395,0.2,0.6,-0.39999999999999997,0.0,0.2,-0.2,0.6,2.0,-1.4,0.6,1.4,-0.7999999999999999,1.8,0.8,-1.0,-1.2,0.6,-1.7999999999999998,1,0,home_win
2021-22,2022-03-18,Wolverhampton Wanderers FC,Leeds United,1521.2750053102213,1413.943928541268,172.33107676895338,0.4,0.2,0.2,0.0,0.0,0.0,1.2,0.6,0.6,1.2,0.4,0.7999999999999999,1.0,3.0,2.0,0.2,-2.6,2.8000000000000003,2,3,away_win
2021-22,2022-03-19,Aston Villa,Arsenal,1513.4614799371595,1608.0406919046181,-29.579211967458605,0.6,0.8,-0.20000000000000007,0.0,0.0,0.0,1.8,2.4,-0.5999999999999999,2.0,1.8,0.19999999999999996,0.6,1.2,0.6,1.4,0.6,0.7999999999999999,0,1,away_win
2021-22,2022-03-20,Leicester City FC,Brentford,1512.1148948506516,1437.7868598701932,139.32803498045837,0.4,0.4,0.0,0.2,0.2,0.0,1.4,1.4,0.0,1.2,1.2,0.0,1.2,1.0,-0.19999999999999996,0.0,0.2,-0.2,2,1,home_win
2021-22,2022-03-20,Tottenham Hotspur,West Ham United FC,1564.8925169514416,1572.2964410782836,57.59607587315804,0.6,0.4,0.19999999999999996,0.0,0.4,-0.4,1.8,1.6,0.19999999999999996,2.6,1.2,1.4000000000000001,0.8,1.0,0.19999999999999996,1.8,0.2,1.6,3,1,home_win
2021-22,2022-04-02,Brighton & Hove Albion,Norwich City FC,1435.2449439303316,1358.205090529749,142.03985340058261,0.0,0.0,0.0,0.0,0.0,0.0,0.0,0.0,0.0,0.2,0.8,-0.6000000000000001,2.2,2.6,0.3999999999999999,-2.0,-1.8,-0.19999999999999996,0,0,draw
2021-22,2022-04-02,Burnley FC,Manchester City,1415.0543064370813,1732.1212039903658,-252.06689755328443,0.2,0.6,-0.39999999999999997,0.2,0.2,0.0,0.8,2.0,-1.2,0.4,2.2,-1.8000000000000003,1.8,0.8,-1.0,-1.4,1.4,-2.8,0,2,away_win
2021-22,2022-04-02,Chelsea,Brentford,1671.2662274529423,1431.5950592648123,304.67116818812997,1.0,0.4,0.6,0.0,0.0,0.0,3.0,1.2,1.8,2.2,1.4,0.8000000000000003,0.2,1.4,1.2,2.0,0.0,2.0,1,4,away_win
2021-22,2022-04-02,Leeds United,Southampton FC,1428.5336528726866,1456.4104091230354,37.12324374965124,0.4,0.4,0.0,0.0,0.0,0.0,1.2,1.2,0.0,1.0,1.2,-0.19999999999999996,2.2,1.6,-0.6000000000000001,-1.2,-0.4,-0.7999999999999999,1,1,draw
2021-22,2022-04-02,Liverpool,Watford FC,1733.4449323795916,1389.979249620551,408.46568275904065,1.0,0.2,0.8,0.0,0.2,-0.2,3.0,0.8,2.2,2.8,1.0,1.7999999999999998,0.2,2.4,2.1999999999999997,2.6,-1.4,4.0,2,0,home_win
2021-22,2022-04-02,Manchester United,Leicester City FC,1594.2644582354828,1518.3066954560325,140.95776277945038,0.6,0.6,0.0,0.2,0.0,0.2,2.0,1.8,0.19999999999999996,2.0,1.2,0.8,1.6,1.0,-0.6000000000000001,0.4,0.2,0.2,1,1,draw
2021-22,2022-04-02,Wolverhampton Wanderers FC,Aston Villa,1506.6852809788027,1504.3107871282336,67.37449385056902,0.4,0.6,-0.19999999999999996,0.0,0.0,0.0,1.2,1.8,-0.6000000000000001,1.4,2.0,-0.6000000000000001,1.2,0.6,-0.6,0.2,1.4,-1.2,2,1,home_win
2021-22,2022-04-03,Tottenham Hotspur,Newcastle United,1577.4284253655785,1467.3159646465617,175.11246071901678,0.8,0.6,0.20000000000000007,0.0,0.0,0.0,2.4,1.8,0.5999999999999999,3.2,1.2,2.0,0.8,0.8,0.0,2.4,0.4,2.0,5,1,home_win
2021-22,2022-04-03,West Ham United FC,Everton,1559.7605326641467,1415.2622629219409,209.49826974220582,0.4,0.2,0.2,0.2,0.0,0.2,1.4,0.6,0.7999999999999999,1.0,0.2,0.8,1.2,1.8,0.6000000000000001,-0.2,-1.6,1.4000000000000001,2,1,home_win
2021-22,2022-04-04,Crystal Palace,Arsenal,1493.2024497952934,1617.191384713544,-58.98893491825061,0.4,0.8,-0.4,0.4,0.0,0.4,1.6,2.4,-0.7999999999999998,1.4,1.6,-0.20000000000000018,0.6,1.0,0.4,0.8,0.6,0.20000000000000007,3,0,home_win
2021-22,2022-04-06,Burnley FC,Everton,1409.358938276929,1410.6539615198167,63.70497675711226,0.0,0.2,-0.2,0.2,0.0,0.2,0.2,0.6,-0.39999999999999997,0.2,0.4,-0.2,2.2,1.8,-0.40000000000000013,-2.0,-1.4,-0.6000000000000001,3,2,home_win
2021-22,2022-04-08,Newcastle United,Wolverhampton Wanderers FC,1457.2897440616466,1514.7700346308566,7.519709430790044,0.4,0.6,-0.19999999999999996,0.0,0.0,0.0,1.2,1.8,-0.6000000000000001,1.0,1.8,-0.8,1.8,1.2,-0.6000000000000001,-0.8,0.6,-1.4,1,0,home_win
2021-22,2022-04-09,Arsenal,Brighton & Hove Albion,1596.7483927274775,1431.370210701967,230.37818202551057,0.6,0.0,0.6,0.0,0.2,-0.2,1.8,0.2,1.6,1.2,0.2,1.0,1.4,1.6,0.20000000000000018,-0.2,-1.4,1.2,1,2,away_win
2021-22,2022-04-09,Aston Villa,Tottenham Hotspur,1496.2260334761797,1587.4546459504936,-26.228612474313877,0.4,0.8,-0.4,0.0,0.0,0.0,1.2,2.4,-1.2,1.8,3.4,-1.5999999999999999,1.0,1.0,0.0,0.8,2.4,-1.5999999999999999,0,4,away_win
2021-22,2022-04-09,Everton,Manchester United,1402.4672624649127,1590.416225990908,-122.9489635259954,0.2,0.4,-0.2,0.0,0.4,-0.4,0.6,1.6,-1.0,0.8,1.8,-1.0,2.2,1.8,-0.40000000000000013,-1.4,0.0,-1.4,1,0,home_win
2021-22,2022-04-09,Southampton FC,Chelsea,1457.4748542071932,1641.4310023556566,-118.9561481484634,0.2,0.8,-0.6000000000000001,0.2,0.0,0.2,0.8,2.4,-1.5999999999999999,1.0,2.0,-1.0,1.8,1.0,-0.8,-0.8,1.0,-1.8,0,6,away_win
2021-22,2022-04-09,Watford FC,Leeds United,1387.3704163491268,1427.4692077885288,24.90120856059798,0.2,0.4,-0.2,0.2,0.2,0.0,0.8,1.4,-0.5999999999999999,0.8,1.2,-0.3999999999999999,2.0,1.6,-0.3999999999999999,-1.2,-0.4,-0.7999999999999999,0,3,away_win
2021-22,2022-04-10,Brentford,West Ham United FC,1461.430284362098,1564.368834066271,-37.93854970417283,0.6,0.6,0.0,0.0,0.0,0.0,1.8,1.8,0.0,2.0,1.2,0.8,1.2,1.2,0.0,0.8,0.0,0.8,2,0,home_win
2021-22,2022-04-10,Leicester City FC,Crystal Palace,1522.1549277006072,1513.64544178136,73.50948591924725,0.6,0.6,0.0,0.2,0.4,-0.2,2.0,2.2,-0.20000000000000018,1.2,2.0,-0.8,0.8,0.4,-0.4,0.4,1.6,-1.2000000000000002,2,1,home_win
2021-22,2022-04-10,Manchester City,Liverpool,1737.8165721505181,1736.0537656510157,66.7628064995024,0.6,1.0,-0.4,0.2,0.0,0.2,2.0,3.0,-1.0,1.8,2.6,-0.8,0.8,0.0,-0.8,1.0,2.6,-1.6,2,2,draw
2021-22,2022-04-10,Norwich City FC,Burnley FC,1362.0798237581137,1417.545637331833,9.534186426280712,0.0,0.2,-0.2,0.2,0.0,0.2,0.2,0.6,-0.39999999999999997,0.6,0.6,0.0,2.0,2.4,0.3999999999999999,-1.4,-1.8,0.40000000000000013,2,0,home_win
2021-22,2022-04-16,Manchester United,Norwich City FC,1577.0181449770423,1376.6683031338875,265.34984184315476,0.2,0.2,0.0,0.4,0.2,0.2,1.0,0.8,0.19999999999999996,1.0,1.0,0.0,1.6,1.6,0.0,-0.6,-0.6,0.0,3,2,home_win
2021-22,2022-04-16,Southampton FC,Arsenal,1443.2289276875777,1580.9442865034125,-72.71535881583486,0.0,0.4,-0.4,0.2,0.0,0.2,0.2,1.2,-1.0,0.6,0.8,-0.20000000000000007,3.0,1.4,-1.6,-2.4,-0.6,-1.7999999999999998,1,0,home_win
2021-22,2022-04-16,Tottenham Hotspur,Brighton & Hove Albion,1604.791853503519,1447.174316926032,222.61753657748704,0.8,0.2,0.6000000000000001,0.0,0.2,-0.2,2.4,0.8,1.5999999999999999,3.2,0.6,2.6,1.0,1.4,0.3999999999999999,2.2,-0.8,3.0,0,1,away_win
2021-22,2022-04-16,Watford FC,Brentford,1368.618309362471,1478.0617439948749,-44.44343463240375,0.2,0.8,-0.6000000000000001,0.0,0.0,0.0,0.6,2.4,-1.7999999999999998,0.8,2.4,-1.5999999999999999,2.6,0.8,-1.8,-1.8,1.6,-3.4000000000000004,1,2,away_win
2021-22,2022-04-17,Newcastle United,Leicester City FC,1467.07334321534,1530.070170203885,2.003173011454919,0.4,0.6,-0.19999999999999996,0.0,0.2,-0.2,1.2,2.0,-0.8,0.8,1.2,-0.3999999999999999,1.6,1.0,-0.6000000000000001,-0.8,0.2,-1.0,2,1,home_win
2021-22,2022-04-17,West Ham United FC,Burnley FC,1547.737374433494,1402.957157956059,209.78021647743503,0.4,0.2,0.2,0.0,0.0,0.0,1.2,0.6,0.6,1.0,0.6,0.4,1.6,2.4,0.7999999999999998,-0.6,-1.8,1.2000000000000002,1,1,draw
2021-22,2022-04-19,Liverpool,Manchester United,1737.952046328153,1580.585409128815,222.36663719933813,0.8,0.4,0.4,0.2,0.2,0.0,2.6,1.4,1.2000000000000002,1.8,1.6,0.19999999999999996,0.4,2.0,1.6,1.4,-0.4,1.7999999999999998,4,0,home_win
2021-22,2022-04-20,Chelsea,Arsenal,1655.676928875272,1568.8814028009715,151.7955260743006,0.8,0.2,0.6000000000000001,0.0,0.0,0.0,2.4,0.6,1.7999999999999998,3.0,0.4,2.6,1.0,1.6,0.6000000000000001,2.0,-1.2,3.2,2,4,away_win
2021-22,2022-04-20,Everton,Leicester City FC,1415.8653434787784,1520.1278255189611,-39.262482040182704,0.4,0.4,0.0,0.0,0.2,-0.2,1.2,1.4,-0.19999999999999996,1.0,1.2,-0.19999999999999996,1.2,1.4,0.19999999999999996,-0.2,-0.2,0.0,1,1,draw
2021-22,2022-04-20,Manchester City,Brighton & Hove Albion,1735.9182914733808,1462.8283814181061,338.0899100552747,0.6,0.4,0.19999999999999996,0.4,0.2,0.2,2.2,1.4,0.8000000000000003,1.8,0.6,1.2000000000000002,0.6,1.0,0.4,1.2,-0.4,1.6,3,0,home_win
2021-22,2022-04-20,Newcastle United,Crystal Palace,1477.0156879002639,1505.7301992780822,36.285488622181674,0.4,0.4,0.0,0.0,0.4,-0.4,1.2,1.6,-0.40000000000000013,0.8,1.4,-0.5999999999999999,1.6,0.6,-1.0,-0.8,0.8,-1.6,1,0,home_win
2021-22,2022-04-21,Burnley FC,Southampton FC,1408.3546100275123,1455.2918113900187,18.062798637493643,0.2,0.2,0.0,0.2,0.2,0.0,0.8,0.8,0.0,0.8,0.8,0.0,1.8,2.2,0.40000000000000013,-1.0,-1.4,0.3999999999999999,2,0,home_win
2021-22,2022-04-23,Arsenal,Manchester United,1590.0475092629463,1572.4275646503988,82.61994461254744,0.4,0.4,0.0,0.0,0.2,-0.2,1.2,1.4,-0.19999999999999996,1.2,1.4,-0.19999999999999996,1.6,2.0,0.3999999999999999,-0.4,-0.6,0.19999999999999996,3,1,home_win
2021-22,2022-04-23,Brentford,Tottenham Hotspur,1486.7894909123968,1589.1377890114447,-37.34829809904795,0.8,0.8,0.0,0.0,0.0,0.0,2.4,2.4,0.0,2.2,2.8,-0.5999999999999996,0.8,0.6,-0.20000000000000007,1.4,2.2,-0.8000000000000003,0,0,draw
2021-22,2022-04-23,Leicester City FC,Aston Villa,1519.0025464868368,1478.8888259231544,105.11372056368236,0.4,0.2,0.2,0.4,0.0,0.4,1.6,0.6,1.0,1.4,1.0,0.3999999999999999,1.2,1.8,0.6000000000000001,0.2,-0.8,1.0,0,0,draw
2021-22,2022-04-23,Manchester City,Watford FC,1740.2921744782839,1359.8905624449492,445.4016120333347,0.6,0.2,0.39999999999999997,0.4,0.0,0.4,2.2,0.6,1.6,2.2,0.6,1.6,0.6,2.4,1.7999999999999998,1.6,-1.8,3.4000000000000004,5,1,home_win
2021-22,2022-04-23,Norwich City FC,Newcastle United,1373.101038982115,1485.9750882155906,-47.874049233475716,0.2,0.6,-0.39999999999999997,0.2,0.0,0.2,0.8,1.8,-1.0,1.2,1.0,0.19999999999999996,1.6,1.4,-0.20000000000000018,-0.4,-0.4,0.0,0,3,away_win
2021-22,2022-04-24,Brighton & Hove Albion,Southampton FC,1458.454498413203,1441.0709432623632,82.38355515083981,0.4,0.2,0.2,0.2,0.2,0.0,1.4,0.8,0.5999999999999999,0.6,0.6,0.0,1.2,2.2,1.0000000000000002,-0.6,-1.6,1.0,2,2,draw
2021-22,2022-04-24,Burnley FC,Wolverhampton Wanderers FC,1422.5754781551677,1504.9864354771632,-17.41095732199551,0.4,0.6,-0.19999999999999996,0.2,0.0,0.2,1.4,1.8,-0.40000000000000013,1.2,1.8,-0.6000000000000001,1.4,1.0,-0.3999999999999999,-0.2,0.8,-1.0,1,0,home_win
2021-22,2022-04-24,Chelsea,West Ham United FC,1634.5108224132973,1542.3399223620409,157.17090005125647,0.6,0.4,0.19999999999999996,0.0,0.2,-0.2,1.8,1.4,0.40000000000000013,2.6,1.2,1.4000000000000001,1.8,1.6,-0.19999999999999996,0.8,-0.4,1.2000000000000002,1,0,home_win
2021-22,2022-04-24,Liverpool,Everton,1746.1098908065692,1416.9906225109028,394.1192682956664,0.8,0.4,0.4,0.2,0.2,0.0,2.6,1.4,1.2000000000000002,2.4,1.2,1.2,0.4,1.2,0.7999999999999999,2.0,0.0,2.0,2,0,home_win
2021-22,2022-04-25,Crystal Palace,Leeds United,1496.7707989627554,1446.2213147751845,115.5494841875709,0.4,0.6,-0.19999999999999996,0.2,0.2,0.0,1.4,2.0,-0.6000000000000001,1.2,1.8,-0.6000000000000001,0.6,1.4,0.7999999999999999,0.6,0.4,0.19999999999999996,0,0,draw
2021-22,2022-04-28,Manchester United,Chelsea,1560.928805208672,1640.2723358552066,-14.343530646534646,0.2,0.6,-0.39999999999999997,0.2,0.0,0.2,0.8,1.8,-1.0,1.0,2.2,-1.2000000000000002,2.2,1.6,-0.6000000000000001,-1.2,0.6,-1.7999999999999998,1,1,draw
2021-22,2022-04-30,Aston Villa,Norwich City FC,1481.8251939793481,1357.9972629311849,188.82793104816324,0.0,0.2,-0.2,0.2,0.2,0.0,0.2,0.8,-0.6000000000000001,0.4,1.0,-0.6,1.8,1.6,-0.19999999999999996,-1.4,-0.6,-0.7999999999999999,2,0,home_win
2021-22,2022-04-30,Leeds United,Manchester City,1449.4296693080237,1742.9732630371414,-228.54359372911767,0.6,0.6,0.0,0.4,0.4,0.0,2.2,2.2,0.0,1.8,2.4,-0.5999999999999999,0.8,0.6,-0.20000000000000007,1.0,1.8,-0.8,0,4,away_win
2021-22,2022-04-30,Newcastle United,Liverpool,1501.0788642665207,1748.9222650530198,-182.84340078649916,0.8,0.8,0.0,0.0,0.2,-0.2,2.4,2.6,-0.20000000000000018,1.6,2.4,-0.7999999999999998,1.2,0.4,-0.7999999999999999,0.4,2.0,-1.6,0,1,away_win
2021-22,2022-04-30,Southampton FC,Crystal Palace,1443.3986694717723,1493.5624444299162,14.836225041856096,0.2,0.2,0.0,0.4,0.4,0.0,1.0,1.0,0.0,0.8,0.8,0.0,2.2,0.6,-1.6,-1.4,0.2,-1.5999999999999999,1,2,away_win
2021-22,2022-04-30,Watford FC,Burnley FC,1357.2094738860917,1433.0761867188148,-10.866712832723124,0.2,0.6,-0.39999999999999997,0.0,0.2,-0.2,0.6,2.0,-1.4,0.8,1.4,-0.5999999999999999,2.6,1.0,-1.6,-1.8,0.4,-2.2,1,2,away_win
2021-22,2022-04-30,Wolverhampton Wanderers FC,Brighton & Hove Albion,1494.4857269135161,1456.126772203794,103.35895470972218,0.4,0.4,0.0,0.0,0.4,-0.4,1.2,1.6,-0.40000000000000013,1.0,1.0,0.0,1.2,1.2,0.0,-0.2,-0.2,0.0,0,3,away_win
2021-22,2022-05-01,Everton,Chelsea,1414.1782482644521,1639.8597302411708,-160.68148197671871,0.2,0.4,-0.2,0.2,0.2,0.0,0.8,1.4,-0.5999999999999999,1.0,2.2,-1.2000000000000002,1.6,1.8,0.19999999999999996,-0.6,0.4,-1.0,1,0,home_win
2021-22,2022-05-01,Tottenham Hotspur,Leicester City FC,1588.0669401786918,1516.066178430643,137.00076174804872,0.6,0.2,0.39999999999999997,0.2,0.6,-0.39999999999999997,2.0,1.2,0.8,2.4,1.0,1.4,0.6,1.0,0.4,1.8,0.0,1.8,3,1,home_win
2021-22,2022-05-01,West Ham United FC,Arsenal,1536.5784089201316,1601.5462687046731,0.03214021545841206,0.2,0.4,-0.2,0.2,0.0,0.2,0.8,1.2,-0.3999999999999999,0.8,1.6,-0.8,1.6,1.8,0.19999999999999996,-0.8,-0.2,-0.6000000000000001,1,2,away_win
2021-22,2022-05-02,Manchester United,Brentford,1561.3414108227078,1487.8603397451498,138.481071077558,0.2,0.6,-0.39999999999999997,0.2,0.2,0.0,0.8,2.0,-1.2,1.0,1.8,-0.8,2.2,0.8,-1.4000000000000001,-1.2,1.0,-2.2,3,0,home_win
2021-22,2022-05-07,Brentford,Southampton FC,1476.988180927492,1432.9719079528968,109.01627297459527,0.6,0.2,0.39999999999999997,0.2,0.2,0.0,2.0,0.8,1.2,1.6,0.8,0.8,1.0,2.4,1.4,0.6,-1.6,2.2,3,0,home_win
2021-22,2022-05-07,Brighton & Hove Albion,Manchester United,1478.6845320060838,1572.2135696403654,-28.52903763428162,0.6,0.4,0.19999999999999996,0.2,0.2,0.0,2.0,1.4,0.6000000000000001,1.6,1.6,0.0,1.2,2.0,0.8,0.4,-0.4,0.8,4,0,home_win
2021-22,2022-05-07,Burnley FC,Aston Villa,1442.763519530008,1489.3908103327778,18.37270919723005,0.6,0.2,0.39999999999999997,0.2,0.2,0.0,2.0,0.8,1.2,1.2,0.6,0.6,0.8,1.4,0.5999999999999999,0.4,-0.8,1.2000000000000002,1,3,away_win
2021-22,2022-05-07,Chelsea,Wolverhampton Wanderers FC,1625.538709371377,1471.9279671112263,218.6107422601508,0.4,0.2,0.2,0.2,0.0,0.2,1.4,0.6,0.7999999999999999,2.0,0.8,1.2,1.2,1.8,0.6000000000000001,0.8,-1.0,1.8,2,2,draw
2021-22,2022-05-07,Crystal Palace,Watford FC,1503.9892059487918,1347.5221410748986,221.46706487389315,0.4,0.0,0.4,0.2,0.0,0.2,1.4,0.0,1.4,1.2,0.6,0.6,0.8,2.8,1.9999999999999998,0.4,-2.2,2.6,1,0,home_win
2021-22,2022-05-07,Liverpool,Tottenham Hotspur,1754.0970517116677,1597.4407644717023,221.65628723996542,0.8,0.6,0.20000000000000007,0.2,0.2,0.0,2.6,2.0,0.6000000000000001,2.2,2.4,-0.19999999999999973,0.4,0.6,0.19999999999999996,1.8,1.8,0.0,1,1,draw
2021-22,2022-05-08,Arsenal,Leeds United,1611.547193774433,1441.4965134362085,235.05068033822454,0.6,0.4,0.19999999999999996,0.0,0.4,-0.4,1.8,1.6,0.19999999999999996,2.0,1.4,0.6000000000000001,1.4,1.4,0.0,0.6,0.0,0.6,2,1,home_win
2021-22,2022-05-08,Leicester City FC,Everton,1506.6923541376325,1428.4992691342459,143.1930850033866,0.2,0.4,-0.2,0.4,0.2,0.2,1.0,1.4,-0.3999999999999999,1.0,1.0,0.0,1.4,1.2,-0.19999999999999996,-0.4,-0.2,-0.2,1,2,away_win
2021-22,2022-05-08,Manchester City,Newcastle United,1750.9064189089565,1495.9040776078728,320.0023413010838,0.8,0.8,0.0,0.2,0.0,0.2,2.6,2.4,0.20000000000000018,3.2,1.4,1.8000000000000003,0.6,0.4,-0.19999999999999996,2.6,1.0,1.6,5,0,home_win
2021-22,2022-05-08,Norwich City FC,West Ham United FC,1350.4316465777551,1526.5774838503717,-111.14583727261652,0.2,0.2,0.0,0.2,0.2,0.0,0.8,0.8,0.0,0.8,0.8,0.0,1.6,1.4,-0.20000000000000018,-0.8,-0.6,-0.20000000000000007,0,4,away_win
2021-22,2022-05-10,Aston Villa,Liverpool,1505.1832853989727,1748.4618389380007,-178.27855353902805,0.4,0.6,-0.19999999999999996,0.2,0.4,-0.2,1.4,2.2,-0.8000000000000003,1.2,2.0,-0.8,1.4,0.6,-0.7999999999999999,-0.2,1.4,-1.5999999999999999,1,2,away_win
2021-22,2022-05-11,Leeds United,Chelsea,1437.3891040181638,1619.9636135585856,-117.57450954042179,0.2,0.2,0.0,0.4,0.4,0.0,1.0,1.0,0.0,1.0,1.2,-0.19999999999999996,1.4,1.6,0.20000000000000018,-0.4,-0.4,0.0,0,3,away_win
2021-22,2022-05-11,Leicester City FC,Norwich City FC,1492.7894479741885,1337.4832641539083,220.30618382028024,0.0,0.2,-0.2,0.4,0.0,0.4,0.4,0.6,-0.19999999999999996,0.8,0.8,0.0,1.6,2.4,0.7999999999999998,-0.8,-1.6,0.8,3,0,home_win
2021-22,2022-05-11,Watford FC,Everton,1343.1536359433826,1442.4021752976898,-34.24853935430724,0.0,0.6,-0.6,0.0,0.2,-0.2,0.0,2.0,-2.0,0.6,1.0,-0.4,2.6,0.8,-1.8,-2.0,0.2,-2.2,0,0,draw
2021-22,2022-05-11,Wolverhampton Wanderers FC,Manchester City,1477.5030629240177,1756.3786307901346,-213.87556786611685,0.2,0.8,-0.6000000000000001,0.2,0.2,0.0,0.8,2.6,-1.8,0.8,3.8,-3.0,1.6,0.6,-1.0,-0.8,3.2,-4.0,1,5,away_win
2021-22,2022-05-12,Tottenham Hotspur,Arsenal,1603.0759772453694,1615.6546031924777,52.42137405289168,0.4,0.8,-0.4,0.4,0.0,0.4,1.6,2.4,-0.7999999999999998,1.6,2.2,-0.6000000000000001,0.6,1.2,0.6,1.0,1.0,0.0,3,0,home_win
2021-22,2022-05-15,Aston Villa,Crystal Palace,1499.9070650411418,1508.3577110803078,56.54935396083397,0.4,0.4,0.0,0.2,0.2,0.0,1.4,1.4,0.0,1.2,0.8,0.3999999999999999,1.4,0.8,-0.5999999999999999,-0.2,0.0,-0.2,1,1,draw
2021-22,2022-05-15,Everton,Brentford,1441.419603609681,1489.1705155497361,17.249088059944825,0.4,0.6,-0.19999999999999996,0.4,0.2,0.2,1.6,2.0,-0.3999999999999999,0.8,1.4,-0.5999999999999999,0.8,0.8,0.0,0.0,0.6,-0.6,2,3,away_win
2021-22,2022-05-15,Leeds United,Brighton & Hove Albion,1425.5950519706723,1498.9707029312287,-8.375650960556413,0.2,0.6,-0.39999999999999997,0.2,0.2,0.0,0.8,2.0,-1.2,0.8,2.0,-1.2,1.8,1.0,-0.8,-1.0,1.0,-2.0,1,1,draw
2021-22,2022-05-15,Tottenham Hotspur,Burnley FC,1617.9554180788243,1426.971044463813,255.98437361501124,0.4,0.6,-0.19999999999999996,0.4,0.2,0.2,1.6,2.0,-0.3999999999999999,1.4,1.4,0.0,0.6,1.0,0.4,0.8,0.4,0.4,1,0,home_win
2021-22,2022-05-15,Watford FC,Leicester City FC,1344.1362076313915,1500.4743357475645,-91.33812811617304,0.0,0.2,-0.2,0.2,0.4,-0.2,0.2,1.0,-0.8,0.6,1.2,-0.6,2.0,1.2,-0.8,-1.4,0.0,-1.4,1,5,away_win
2021-22,2022-05-15,West Ham United FC,Manchester City,1539.5258662742185,1764.8527789745028,-160.3269127002843,0.2,1.0,-0.8,0.2,0.0,0.2,0.8,3.0,-2.2,1.2,4.4,-3.2,1.2,0.4,-0.7999999999999999,0.0,4.0,-4.0,2,2,draw
2021-22,2022-05-15,Wolverhampton Wanderers FC,Norwich City FC,1469.0289147396495,1329.7983763805323,204.2305383591172,0.0,0.0,0.0,0.2,0.0,0.2,0.2,0.0,0.2,0.6,0.4,0.19999999999999996,2.4,3.0,0.6000000000000001,-1.8,-2.6,0.8,1,1,draw
2021-22,2022-05-16,Newcastle United,Arsenal,1490.4318657266947,1600.7751623590227,-45.34329663232802,0.6,0.8,-0.20000000000000007,0.0,0.0,0.0,1.8,2.4,-0.5999999999999999,1.2,2.2,-1.0000000000000002,1.4,1.6,0.20000000000000018,-0.2,0.6,-0.8,2,0,home_win
2021-22,2022-05-17,Southampton FC,Liverpool,1420.7895733306527,1753.7380592958316,-267.94848596517886,0.2,0.8,-0.6000000000000001,0.2,0.2,0.0,0.8,2.6,-1.8,0.8,2.0,-1.2,1.8,0.4,-1.4,-1.0,1.6,-2.6,1,2,away_win
2021-22,2022-05-19,Aston Villa,Burnley FC,1498.2936658261574,1423.2430158443917,140.05064998176567,0.4,0.6,-0.19999999999999996,0.4,0.0,0.4,1.6,1.8,-0.19999999999999996,1.4,1.2,0.19999999999999996,0.8,1.0,0.19999999999999996,0.6,0.2,0.39999999999999997,1,1,draw
2021-22,2022-05-19,Chelsea,Leicester City FC,1631.7576656060771,1514.4056088043428,182.3520568017343,0.4,0.4,0.0,0.4,0.2,0.2,1.6,1.4,0.20000000000000018,1.4,2.0,-0.6000000000000001,0.8,1.2,0.3999999999999999,0.6,0.8,-0.20000000000000007,1,1,draw
2021-22,2022-05-19,Everton,Crystal Palace,1430.9235424455194,1509.9711102952922,-14.047567849772804,0.4,0.4,0.0,0.2,0.4,-0.2,1.4,1.6,-0.20000000000000018,1.0,0.8,0.19999999999999996,1.2,0.6,-0.6,-0.2,0.2,-0.4,3,2,home_win
2021-22,2022-05-22,Arsenal,Everton,1583.8285740851818,1441.3276437708298,207.500930314352,0.6,0.6,0.0,0.0,0.2,-0.2,1.8,2.0,-0.19999999999999996,1.4,1.6,-0.20000000000000018,1.6,1.2,-0.40000000000000013,-0.2,0.4,-0.6000000000000001,5,1,home_win
2021-22,2022-05-22,Brentford,Leeds United,1499.6665767138977,1425.8360758951712,138.83050081872648,0.6,0.0,0.6,0.2,0.4,-0.2,2.0,0.4,1.6,1.6,0.4,1.2000000000000002,1.2,2.0,0.8,0.4,-1.6,2.0,1,2,away_win
2021-22,2022-05-22,Brighton & Hove Albion,West Ham United FC,1498.7296790067298,1543.838583619784,19.891095386945835,0.4,0.2,0.2,0.4,0.4,0.0,1.6,1.0,0.6000000000000001,2.0,1.6,0.3999999999999999,1.2,1.2,0.0,0.8,0.4,0.4,3,1,home_win
2021-22,2022-05-22,Burnley FC,Newcastle United,1427.0689833891224,1507.3784540005356,-15.30947061141319,0.4,0.6,-0.19999999999999996,0.2,0.0,0.2,1.4,1.8,-0.40000000000000013,1.0,1.2,-0.19999999999999996,1.2,1.2,0.0,-0.2,0.0,-0.2,1,2,away_win
2021-22,2022-05-22,Chelsea,Watford FC,1626.943309041621,1330.2049345746132,361.7383744670078,0.2,0.0,0.2,0.6,0.2,0.39999999999999997,1.2,0.2,1.0,1.4,0.6,0.7999999999999999,1.0,2.6,1.6,0.4,-2.0,2.4,2,1,home_win
2021-22,2022-05-22,Crystal Palace,Manchester United,1499.5670089699818,1551.9273987152205,12.639610254761237,0.4,0.2,0.2,0.4,0.2,0.2,1.6,0.8,0.8,1.2,1.0,0.19999999999999996,1.0,2.4,1.4,0.2,-1.4,1.5999999999999999,1,0,home_win
2021-22,2022-05-22,Leicester City FC,Southampton FC,1519.219965368799,1417.2659431817162,166.95402218708273,0.4,0.0,0.4,0.2,0.2,0.0,1.4,0.2,1.2,2.2,0.8,1.4000000000000001,1.4,2.2,0.8000000000000003,0.8,-1.4,2.2,4,1,home_win
2021-22,2022-05-22,Liverpool,Wolverhampton Wanderers FC,1757.261689444768,1463.7456358018899,358.5160536428782,0.8,0.0,0.8,0.2,0.4,-0.2,2.6,0.4,2.2,1.6,0.8,0.8,0.6,2.4,1.7999999999999998,1.0,-1.6,2.6,3,1,home_win
2021-22,2022-05-22,Manchester City,Aston Villa,1760.5400616289373,1494.4676982814267,331.07236334751065,0.8,0.4,0.4,0.2,0.4,-0.2,2.6,1.6,1.0,4.2,1.6,2.6,0.8,1.0,0.19999999999999996,3.4,0.6,2.8,3,2,home_win
2021-22,2022-05-22,Norwich City FC,Tottenham Hotspur,1335.081655318292,1621.6834466982457,-221.60179137995374,0.0,0.6,-0.6,0.2,0.4,-0.2,0.2,2.2,-2.0,0.2,1.6,-1.4000000000000001,2.6,0.4,-2.2,-2.4,1.2,-3.5999999999999996,0,5,away_win
2022-23,2022-08-05,Crystal Palace,Arsenal,1506.9025291135774,1569.4093733622337,2.493155751343693,0.6,0.6,0.0,0.2,0.0,0.2,2.0,1.8,0.19999999999999996,1.4,1.8,-0.40000000000000013,1.0,1.6,0.6000000000000001,0.4,0.2,0.2,0,2,away_win
2022-23,2022-08-06,Bournemouth,Aston Villa,1500.0,1493.9089818426733,71.09101815732674,0.3333333333333333,0.2,0.1333333333333333,0.3333333333333333,0.4,-0.06666666666666671,1.0,1.0,0.0,1.2,1.6,-0.40000000000000013,1.2,1.6,0.40000000000000013,0.0,0.0,0.0,2,0,home_win
2022-23,2022-08-06,Everton,Chelsea,1449.457790029775,1596.8698689232695,-82.41207889349448,0.4,0.4,0.0,0.2,0.4,-0.2,1.4,1.6,-0.20000000000000018,1.6,1.6,0.0,2.2,1.0,-1.2000000000000002,-0.6,0.6,-1.2,0,1,away_win
2022-23,2022-08-06,Fulham,Liverpool,1432.2641034080534,1695.481273385652,-198.2171699775986,0.0,0.8,-0.8,0.2,0.2,0.0,0.2,2.6,-2.4,0.4,1.8,-1.4,2.0,0.8,-1.2,-1.6,1.0,-2.6,2,2,draw
2022-23,2022-08-06,Leeds United,Wolverhampton Wanderers FC,1454.7240189009797,1470.2742205493414,49.449798351638265,0.2,0.0,0.2,0.2,0.4,-0.2,0.8,0.4,0.4,0.8,1.0,-0.19999999999999996,2.2,2.8,0.5999999999999996,-1.4,-1.8,0.40000000000000013,2,1,home_win
2022-23,2022-08-06,Newcastle United,Nottingham Forest,1512.7035727390748,1500.0,77.70357273907484,0.6,0.3333333333333333,0.26666666666666666,0.0,0.3333333333333333,-0.3333333333333333,1.8,1.0,0.8,1.4,1.2,0.19999999999999996,1.4,1.2,-0.19999999999999996,0.0,0.0,0.0,2,0,home_win
2022-23,2022-08-06,Tottenham Hotspur,Southampton FC,1597.8113716420207,1430.686998681762,232.12437296025882,0.8,0.0,0.8,0.2,0.2,0.0,2.6,0.2,2.4,2.6,1.0,1.6,0.4,2.6,2.2,2.2,-1.6,3.8000000000000003,4,1,home_win
2022-23,2022-08-07,Leicester City FC,Brentford,1521.6774327311246,1489.4029705558219,97.27446217530269,0.6,0.4,0.19999999999999996,0.2,0.2,0.0,2.0,1.4,0.6000000000000001,2.8,1.4,1.4,1.0,1.4,0.3999999999999999,1.8,0.0,1.8,2,2,draw
2022-23,2022-08-07,Manchester United,Brighton & Hove Albion,1531.7182766503242,1509.653886313852,87.06439033647234,0.2,0.6,-0.39999999999999997,0.2,0.4,-0.2,0.8,2.2,-1.4000000000000001,1.0,2.6,-1.6,1.8,0.8,-1.0,-0.8,1.8,-2.6,1,2,away_win
2022-23,2022-08-07,West Ham United FC,Manchester City,1522.2723106560334,1697.3468380900997,-110.07452743406634,0.2,0.8,-0.6000000000000001,0.2,0.2,0.0,0.8,2.6,-1.8,1.6,3.8,-2.1999999999999997,1.6,1.0,-0.6000000000000001,0.0,2.8,-2.8,0,2,away_win
2022-23,2022-08-13,Arsenal,Leicester City FC,1584.517009700992,1518.9485817640086,130.56842793698343,0.6,0.6,0.0,0.0,0.4,-0.4,1.8,2.2,-0.40000000000000013,1.8,3.0,-1.2,1.4,1.0,-0.3999999999999999,0.4,2.0,-1.6,4,2,home_win
2022-23,2022-08-13,Aston Villa,Everton,1481.9360989511213,1441.7862927204533,105.14980623066799,0.0,0.2,-0.2,0.4,0.2,0.2,0.4,0.8,-0.4,1.0,1.2,-0.19999999999999996,1.8,2.2,0.40000000000000013,-0.8,-1.0,0.19999999999999996,2,1,home_win
2022-23,2022-08-13,Brentford,Manchester United,1492.1318215229378,1519.263531028381,37.86829049455673,0.4,0.2,0.2,0.2,0.2,0.0,1.4,0.8,0.5999999999999999,1.8,1.0,0.8,1.8,1.6,-0.19999999999999996,0.0,-0.6,0.6,4,0,home_win
2022-23,2022-08-13,Brighton & Hove Albion,Newcastle United,1522.108631935795,1524.403676207114,62.70495572868117,0.8,0.6,0.20000000000000007,0.2,0.0,0.2,2.6,1.8,0.8,2.6,1.2,1.4000000000000001,0.6,1.4,0.7999999999999999,2.0,-0.2,2.2,0,0,draw
2022-23,2022-08-13,Manchester City,Bournemouth,1707.7474077970592,1511.972882891552,260.7745249055072,0.8,1.0,-0.19999999999999996,0.2,0.0,0.2,2.6,3.0,-0.3999999999999999,3.4,2.0,1.4,1.0,0.0,-1.0,2.4,2.0,0.3999999999999999,4,0,home_win
2022-23,2022-08-13,Southampton FC,Leeds United,1423.4023387916018,1463.3102726302352,25.092066161366574,0.0,0.4,-0.4,0.0,0.2,-0.2,0.0,1.4,-1.4,0.8,1.2,-0.3999999999999999,3.0,1.6,-1.4,-2.2,-0.4,-1.8000000000000003,2,2,draw
2022-23,2022-08-13,Wolverhampton Wanderers FC,Fulham,1461.6879668200859,1437.4214764585333,89.26649036155254,0.0,0.0,0.0,0.4,0.4,0.0,0.4,0.4,0.0,1.2,0.8,0.3999999999999999,2.6,2.0,-0.6000000000000001,-1.4,-1.2,-0.19999999999999996,0,0,draw
2022-23,2022-08-14,Chelsea,Tottenham Hotspur,1604.5413662325911,1605.0960315321809,64.44533470041029,0.6,0.8,-0.20000000000000007,0.4,0.2,0.2,2.2,2.6,-0.3999999999999999,1.8,2.8,-0.9999999999999998,0.8,0.4,-0.4,1.0,2.4,-1.4,2,2,draw
2022-23,2022-08-14,Nottingham Forest,West Ham United FC,1488.299896531961,1511.871740949074,41.42815558288703,0.0,0.2,-0.2,0.0,0.2,-0.2,0.0,0.8,-0.8,0.0,1.6,-1.6,2.0,1.8,-0.19999999999999996,-2.0,-0.2,-1.8,1,0,home_win
2022-23,2022-08-15,Liverpool,Crystal Palace,1690.323900335172,1491.7948927748191,263.52900756035297,0.6,0.4,0.19999999999999996,0.4,0.2,0.2,2.2,1.4,0.8000000000000003,2.0,1.0,1.0,1.2,1.2,0.0,0.8,-0.2,1.0,1,1,draw
2022-23,2022-08-20,Bournemouth,Arsenal,1505.1382929358551,1594.131112477763,-23.99281954190792,0.5,0.6,-0.09999999999999998,0.0,0.0,0.0,1.5,1.8,-0.30000000000000004,1.0,2.2,-1.2000000000000002,2.0,1.6,-0.3999999999999999,-1.0,0.6,-1.6,0,3,away_win
2022-23,2022-08-20,Crystal Palace,Aston Villa,1498.1968035673938,1488.9987818481534,74.19802171924039,0.2,0.2,0.0,0.4,0.4,0.0,1.0,1.0,0.0,1.0,1.2,-0.19999999999999996,1.4,1.6,0.20000000000000018,-0.4,-0.4,0.0,3,1,home_win
2022-23,2022-08-20,Everton,Nottingham Forest,1434.7236098234212,1497.1131176330853,2.61049219033589,0.2,0.5,-0.3,0.0,0.0,0.0,0.6,1.5,-0.9,1.4,0.5,0.8999999999999999,2.6,1.0,-1.6,-1.2,-0.5,-0.7,1,1,draw
2022-23,2022-08-20,Fulham,Brentford,1439.9356910633583,1508.8462438778008,-3.9105528144425534,0.0,0.6,-0.6,0.6,0.2,0.39999999999999997,0.6,2.0,-1.4,0.8,2.6,-1.8,1.6,1.2,-0.40000000000000013,-0.8,1.4,-2.2,3,2,home_win
2022-23,2022-08-20,Leicester City FC,Southampton FC,1509.3344789872376,1422.6813840986817,151.65309488855587,0.4,0.0,0.4,0.4,0.2,0.2,1.6,0.2,1.4000000000000001,2.8,1.0,1.7999999999999998,1.8,3.0,1.2,1.0,-2.0,3.0,1,2,away_win
2022-23,2022-08-20,Tottenham Hotspur,Wolverhampton Wanderers FC,1606.929933040753,1459.173752215261,212.75618082549204,0.8,0.0,0.8,0.2,0.4,-0.2,2.6,0.4,2.2,3.0,0.8,2.2,0.6,2.2,1.6,2.4,-1.4,3.8,1,0,home_win
2022-23,2022-08-21,Leeds United,Chelsea,1464.0312273231552,1602.707464724019,-73.67623740086378,0.4,0.6,-0.19999999999999996,0.4,0.4,0.0,1.6,2.2,-0.6000000000000001,1.4,1.8,-0.40000000000000013,1.6,0.8,-0.8,-0.2,1.0,-1.2,3,0,home_win
2022-23,2022-08-21,Newcastle United,Manchester City,1526.1891261739377,1714.581997752756,-123.39287157881836,0.6,0.8,-0.20000000000000007,0.2,0.2,0.0,2.0,2.6,-0.6000000000000001,1.2,3.2,-2.0,1.2,1.0,-0.19999999999999996,0.0,2.2,-2.2,3,3,draw
2022-23,2022-08-21,West Ham United FC,Brighton & Hove Albion,1503.0585198479496,1520.3231819689713,47.73533787897827,0.2,0.6,-0.39999999999999997,0.2,0.4,-0.2,0.8,2.2,-1.4000000000000001,1.4,2.0,-0.6000000000000001,1.6,0.6,-1.0,-0.2,1.4,-1.5999999999999999,0,2,away_win
2022-23,2022-08-22,Manchester United,Liverpool,1502.549108673518,1683.9219895425974,-116.37288086907938,0.2,0.6,-0.39999999999999997,0.0,0.4,-0.4,0.6,2.2,-1.6,0.8,2.0,-1.2,2.2,1.2,-1.0000000000000002,-1.4,0.8,-2.2,2,1,home_win
2022-23,2022-08-27,Arsenal,Fulham,1610.4245343653597,1450.0482410682705,225.3762932970892,0.8,0.2,0.6000000000000001,0.0,0.6,-0.6,2.4,1.2,1.2,2.8,1.2,1.5999999999999999,1.0,1.4,0.3999999999999999,1.8,-0.2,2.0,2,1,home_win
2022-23,2022-08-27,Brentford,Everton,1498.7336938728886,1434.6484752322679,129.08521864062072,0.4,0.2,0.2,0.2,0.2,0.0,1.4,0.8,0.5999999999999999,2.4,1.2,1.2,1.8,2.2,0.40000000000000013,0.6,-1.0,1.6,1,1,draw
2022-23,2022-08-27,Brighton & Hove Albion,Leeds United,1537.371211520876,1485.1875862081113,117.18362531276466,0.6,0.6,0.0,0.4,0.4,0.0,2.2,2.2,0.0,1.6,2.0,-0.3999999999999999,0.6,1.0,0.4,1.0,1.0,0.0,1,0,home_win
2022-23,2022-08-27,Chelsea,Leicester City FC,1581.551105839063,1495.2271486789232,151.3239571601398,0.4,0.2,0.2,0.4,0.4,0.0,1.6,1.0,0.6000000000000001,1.2,2.0,-0.8,1.4,2.0,0.6000000000000001,-0.2,0.0,-0.2,2,1,home_win
2022-23,2022-08-27,Liverpool,Bournemouth,1670.6923914333477,1488.8448710482585,246.84752038508918,0.4,0.3333333333333333,0.06666666666666671,0.4,0.0,0.4,1.6,1.0,0.6000000000000001,1.8,0.6666666666666666,1.1333333333333333,1.4,2.3333333333333335,0.9333333333333336,0.4,-1.6666666666666667,2.066666666666667,9,0,home_win
2022-23,2022-08-27,Manchester City,Crystal Palace,1711.1726202685684,1510.0412445987074,266.131375669861,0.6,0.4,0.19999999999999996,0.4,0.2,0.2,2.2,1.4,0.8000000000000003,2.8,1.4,1.4,1.4,1.4,0.0,1.4,0.0,1.4,4,2,home_win
2022-23,2022-08-27,Southampton FC,Manchester United,1436.7887144069962,1515.7787067827678,-13.989992375771635,0.2,0.2,0.0,0.2,0.0,0.2,0.8,0.6,0.20000000000000007,1.4,0.6,0.7999999999999999,2.6,2.4,-0.20000000000000018,-1.2,-1.8,0.6000000000000001,0,1,away_win
2022-23,2022-08-28,Aston Villa,West Ham United FC,1477.1543408168397,1486.010490296045,56.143850520794786,0.2,0.0,0.2,0.2,0.2,0.0,0.8,0.2,0.6000000000000001,1.2,0.6,0.6,2.0,2.0,0.0,-0.8,-1.4,0.5999999999999999,0,1,away_win
2022-23,2022-08-28,Nottingham Forest,Tottenham Hotspur,1497.1882522242386,1611.472060118932,-49.28380789469338,0.3333333333333333,0.8,-0.46666666666666673,0.3333333333333333,0.2,0.1333333333333333,1.3333333333333333,2.6,-1.2666666666666668,0.6666666666666666,2.6,-1.9333333333333336,1.0,0.6,-0.4,-0.3333333333333333,2.0,-2.3333333333333335,0,2,away_win
2022-23,2022-08-28,Wolverhampton Wanderers FC,Newcastle United,1454.631625137082,1529.5985036581253,-9.966878521043327,0.0,0.6,-0.6,0.4,0.4,0.0,0.4,2.2,-1.8000000000000003,0.6,1.8,-1.2000000000000002,1.4,0.8,-0.5999999999999999,-0.8,1.0,-1.8,1,1,draw
2022-23,2022-08-30,Crystal Palace,Brentford,1504.7100990114648,1495.180338992122,74.5297600193428,0.4,0.2,0.2,0.2,0.4,-0.2,1.4,1.0,0.3999999999999999,1.4,2.0,-0.6000000000000001,1.6,1.6,0.0,-0.2,0.4,-0.6000000000000001,1,1,draw
2022-23,2022-08-30,Fulham,Brighton & Hove Albion,1445.756082366489,1544.1207280104693,-33.36464564398034,0.2,0.8,-0.6000000000000001,0.4,0.2,0.2,1.0,2.6,-1.6,1.2,1.6,-0.40000000000000013,1.6,0.4,-1.2000000000000002,-0.4,1.2,-1.6,2,1,home_win
2022-23,2022-08-30,Leeds United,Everton,1478.438069718518,1438.2018301130345,105.23623960548343,0.6,0.0,0.6,0.2,0.4,-0.2,2.0,0.4,1.6,1.8,0.8,1.0,1.0,2.0,1.0,0.8,-1.2,2.0,1,1,draw
2022-23,2022-08-30,Southampton FC,Chelsea,1427.1911612719903,1587.4516537704346,-95.26049249844436,0.2,0.6,-0.39999999999999997,0.2,0.2,0.0,0.8,2.0,-1.2,1.2,1.4,-0.19999999999999996,2.4,1.4,-1.0,-1.2,0.0,-1.2,2,1,home_win
2022-23,2022-08-31,Arsenal,Aston Villa,1614.7166930671413,1465.552311253556,214.16438181358535,1.0,0.2,0.8,0.0,0.0,0.0,3.0,0.6,2.4,3.2,1.0,2.2,0.8,2.0,1.2,2.4,-1.0,3.4,2,1,home_win
2022-23,2022-08-31,Bournemouth,Wolverhampton Wanderers FC,1479.1193815410797,1454.9184162943045,89.20096524677524,0.25,0.0,0.25,0.0,0.4,-0.4,0.75,0.4,0.35,0.5,0.6,-0.09999999999999998,4.0,1.4,-2.6,-3.5,-0.8,-2.7,0,0,draw
2022-23,2022-08-31,Liverpool,Newcastle United,1680.4178809405264,1529.3117125009028,216.10616843962362,0.4,0.4,0.0,0.4,0.6,-0.19999999999999996,1.6,1.8,-0.19999999999999996,3.2,1.6,1.6,1.2,1.0,-0.19999999999999996,2.0,0.6,1.4,2,1,home_win
2022-23,2022-08-31,Manchester City,Nottingham Forest,1716.503765855811,1484.3018480053772,297.2019178504338,0.8,0.25,0.55,0.2,0.25,-0.04999999999999999,2.6,1.0,1.6,3.2,0.5,2.7,1.4,1.25,-0.1499999999999999,1.8,-0.75,2.55,6,0,home_win
2022-23,2022-08-31,West Ham United FC,Tottenham Hotspur,1497.6125198593288,1624.3584643377933,-61.74594447846448,0.2,0.8,-0.6000000000000001,0.0,0.2,-0.2,0.6,2.6,-2.0,0.4,2.8,-2.4,1.6,0.6,-1.0,-1.2,2.2,-3.4000000000000004,1,1,draw
2022-23,2022-09-01,Leicester City FC,Manchester United,1489.3266007475515,1525.3762599177737,28.950340829777815,0.2,0.4,-0.2,0.2,0.0,0.2,0.8,1.2,-0.3999999999999999,2.0,0.8,1.2,2.2,1.6,-0.6000000000000001,-0.2,-0.8,0.6000000000000001,0,1,away_win
2022-23,2022-09-03,Aston Villa,Manchester City,1461.038578878026,1723.008640044288,-196.97006116626198,0.2,0.8,-0.6000000000000001,0.0,0.2,-0.2,0.6,2.6,-2.0,0.8,3.8,-3.0,1.8,1.0,-0.8,-1.0,2.8,-3.8,1,1,draw
2022-23,2022-09-03,Brentford,Leeds United,1497.2931687686867,1475.4984796682843,86.79468910040237,0.2,0.4,-0.2,0.6,0.4,0.19999999999999996,1.2,1.6,-0.40000000000000013,2.0,1.6,0.3999999999999999,1.4,1.0,-0.3999999999999999,0.6,0.6,0.0,5,2,home_win
2022-23,2022-09-03,Chelsea,West Ham United FC,1574.776537342255,1499.3712340784748,140.4053032637803,0.4,0.2,0.2,0.2,0.2,0.0,1.4,0.8,0.5999999999999999,1.2,0.4,0.7999999999999999,1.6,1.2,-0.40000000000000013,-0.4,-0.8,0.4,2,1,home_win
2022-23,2022-09-03,Everton,Liverpool,1441.141420163268,1684.8926661683672,-178.75124600509912,0.0,0.4,-0.4,0.6,0.4,0.19999999999999996,0.6,1.6,-1.0,0.8,3.0,-2.2,1.2,1.2,0.0,-0.4,1.8,-2.2,0,0,draw
2022-23,2022-09-03,Newcastle United,Crystal Palace,1524.836927273062,1502.5972692349,87.2396580381619,0.2,0.2,0.0,0.6,0.4,0.19999999999999996,1.2,1.0,0.19999999999999996,1.4,1.4,0.0,1.2,1.8,0.6000000000000001,0.2,-0.4,0.6000000000000001,0,0,draw
2022-23,2022-09-03,Nottingham Forest,Bournemouth,1477.7969738169002,1476.6069337674203,66.19004004947988,0.2,0.2,0.0,0.2,0.2,0.0,0.8,0.8,0.0,0.4,0.4,0.0,2.2,3.2,1.0,-1.8,-2.8,0.9999999999999998,2,3,away_win
2022-23,2022-09-03,Tottenham Hotspur,Fulham,1622.5997501186473,1456.7134529179266,230.88629720072072,0.6,0.4,0.19999999999999996,0.4,0.4,0.0,2.2,1.6,0.6000000000000001,2.0,1.6,0.3999999999999999,0.8,1.4,0.5999999999999999,1.2,0.2,1.0,2,1,home_win
2022-23,2022-09-03,Wolverhampton Wanderers FC,Southampton FC,1457.430864067964,1439.8662777001698,82.56458636779416,0.0,0.4,-0.4,0.6,0.2,0.39999999999999997,0.6,1.4,-0.7999999999999999,0.4,1.4,-0.9999999999999999,0.8,1.8,1.0,-0.4,-0.4,0.0,1,0,home_win
2022-23,2022-09-04,Brighton & Hove Albion,Leicester City FC,1533.1633574590319,1478.4952661040147,119.66809135501717,0.6,0.0,0.6,0.2,0.2,0.0,2.0,0.2,1.8,1.2,1.2,0.0,0.6,2.2,1.6,0.6,-1.0,1.6,5,2,home_win
2022-23,2022-09-04,Manchester United,Arsenal,1536.2075945613105,1619.230425442671,-18.022830881360505,0.6,1.0,-0.4,0.0,0.0,0.0,1.8,3.0,-1.2,1.0,2.6,-1.6,1.4,0.8,-0.5999999999999999,-0.4,1.8,-2.2,3,1,home_win
2022-23,2022-09-16,Aston Villa,Southampton FC,1466.1695559445557,1432.198931487897,98.9706244566587,0.2,0.4,-0.2,0.2,0.2,0.0,0.8,1.4,-0.5999999999999999,1.0,1.2,-0.19999999999999996,1.6,1.2,-0.40000000000000013,-0.6,0.0,-0.6,1,0,home_win
2022-23,2022-09-16,Nottingham Forest,Fulham,1465.9145895921067,1452.5272489125814,78.38734067952532,0.2,0.4,-0.2,0.2,0.2,0.0,0.8,1.4,-0.5999999999999999,0.8,1.4,-0.5999999999999999,2.4,1.4,-1.0,-1.6,0.0,-1.6,2,3,away_win
2022-23,2022-09-17,Newcastle United,Bournemouth,1522.377441605427,1488.4893179922137,98.88812361321334,0.0,0.2,-0.2,0.8,0.2,0.6000000000000001,0.8,0.8,0.0,1.0,0.6,0.4,1.2,3.6,2.4000000000000004,-0.2,-3.0,2.8,1,1,draw
2022-23,2022-09-17,Tottenham Hotspur,Leicester City FC,1626.7859541239925,1466.7952691368773,224.99068498711517,0.6,0.0,0.6,0.4,0.0,0.4,2.2,0.0,2.2,1.6,1.2,0.40000000000000013,0.8,2.8,1.9999999999999998,0.8,-1.6,2.4000000000000004,6,2,home_win
2022-23,2022-09-17,Wolverhampton Wanderers FC,Manchester City,1465.0982102802368,1717.8776629777585,-187.77945269752172,0.2,0.6,-0.39999999999999997,0.6,0.4,0.19999999999999996,1.2,2.2,-1.0000000000000002,0.4,3.6,-3.2,0.4,1.2,0.7999999999999999,0.0,2.4,-2.4,0,3,away_win
2022-23,2022-09-18,Brentford,Arsenal,1510.5101323782749,1603.4530144718437,-27.94288209356887,0.4,0.8,-0.4,0.4,0.0,0.4,1.6,2.4,-0.7999999999999998,2.6,2.4,0.20000000000000018,1.4,1.4,0.0,1.2,1.0,0.19999999999999996,0,3,away_win
2022-23,2022-09-18,Everton,West Ham United FC,1445.8757623201407,1493.2059117483923,17.669850571748384,0.0,0.2,-0.2,0.8,0.2,0.6000000000000001,0.8,0.8,0.0,0.8,0.6,0.20000000000000007,1.0,1.2,0.19999999999999996,-0.2,-0.6,0.39999999999999997,1,0,home_win
2022-23,2022-10-01,Arsenal,Tottenham Hotspur,1619.5485848880605,1634.8477908350812,49.70079405297929,0.8,0.8,0.0,0.0,0.2,-0.2,2.4,2.6,-0.20000000000000018,2.2,2.4,-0.19999999999999973,1.0,0.8,-0.19999999999999996,1.2,1.6,-0.40000000000000013,3,1,home_win
2022-23,2022-10-01,Bournemouth,Brentford,1491.2611005687702,1494.414561962058,61.8465386067121,0.2,0.2,0.0,0.4,0.4,0.0,1.0,1.0,0.0,0.8,1.8,-1.0,3.0,2.0,-1.0,-2.2,-0.2,-2.0,0,0,draw
2022-23,2022-10-01,Crystal Palace,Chelsea,1505.056754902535,1580.9418596723376,-10.885104769802638,0.2,0.4,-0.2,0.6,0.2,0.39999999999999997,1.2,1.4,-0.19999999999999996,1.4,1.4,0.0,1.4,1.8,0.40000000000000013,0.0,-0.4,0.4,1,2,away_win
2022-23,2022-10-01,Fulham,Newcastle United,1464.7458997554413,1519.6056590288706,10.14024072657071,0.6,0.0,0.6,0.0,0.8,-0.8,1.8,0.8,1.0,2.0,1.2,0.8,1.8,1.4,-0.40000000000000013,0.2,-0.2,0.4,1,4,away_win
2022-23,2022-10-01,Liverpool,Brighton & Hove Albion,1680.1583240114946,1544.8633544261693,200.29496958532536,0.4,0.6,-0.19999999999999996,0.4,0.2,0.2,1.6,2.0,-0.3999999999999999,2.6,1.8,0.8,0.8,0.8,0.0,1.8,1.0,0.8,3,3,draw
2022-23,2022-10-01,Southampton FC,Everton,1424.9729060527093,1455.3676211701668,34.60528488254249,0.4,0.2,0.2,0.0,0.8,-0.8,1.2,1.4,-0.19999999999999996,0.8,0.8,0.0,1.0,0.6,-0.4,-0.2,0.2,-0.4,1,2,away_win
2022-23,2022-10-01,West Ham United FC,Wolverhampton Wanderers FC,1483.7140528983662,1456.2317601653097,92.48229273305651,0.2,0.2,0.0,0.2,0.4,-0.2,0.8,1.0,-0.19999999999999996,0.6,0.4,0.19999999999999996,1.2,1.0,-0.19999999999999996,-0.6,-0.6,0.0,2,0,home_win
2022-23,2022-10-02,Leeds United,Aston Villa,1462.281516058696,1473.3955813797434,53.88593467895271,0.2,0.2,0.0,0.4,0.2,0.2,1.0,0.8,0.19999999999999996,1.6,0.8,0.8,1.8,1.4,-0.40000000000000013,-0.2,-0.6,0.39999999999999997,0,0,draw
2022-23,2022-10-02,Manchester City,Manchester United,1726.7441130926857,1551.9850055321378,239.75910756054782,0.6,0.8,-0.20000000000000007,0.4,0.0,0.4,2.2,2.4,-0.19999999999999973,3.4,1.4,2.0,1.2,1.2,0.0,2.2,0.2,2.0,6,3,home_win
2022-23,2022-10-03,Leicester City FC,Nottingham Forest,1458.7334324257886,1453.6959387492468,70.03749367654177,0.0,0.0,0.0,0.0,0.2,-0.2,0.0,0.2,-0.2,1.2,1.0,0.19999999999999996,3.2,3.0,-0.20000000000000018,-2.0,-2.0,0.0,4,0,home_win
2022-23,2022-10-08,Bournemouth,Leicester City FC,1489.4995807156183,1473.7541091388457,80.74547157677262,0.2,0.2,0.0,0.6,0.0,0.6,1.2,0.6,0.6,0.8,1.8,-1.0,2.4,2.8,0.3999999999999999,-1.6,-1.0,-0.6000000000000001,2,1,home_win
2022-23,2022-10-08,Brighton & Hove Albion,Tottenham Hotspur,1550.0644889280238,1621.9790289264351,-6.914539998411328,0.6,0.6,0.0,0.2,0.2,0.0,2.0,2.0,0.0,2.4,2.4,0.0,1.4,1.4,0.0,1.0,1.0,0.0,0,1,away_win
2022-23,2022-10-08,Chelsea,Wolverhampton Wanderers FC,1590.6286636394136,1445.1328374698244,210.49582616958924,0.6,0.2,0.39999999999999997,0.0,0.4,-0.4,1.8,1.0,0.8,1.4,0.4,0.9999999999999999,1.6,1.2,-0.40000000000000013,-0.2,-0.8,0.6000000000000001,3,0,home_win
2022-23,2022-10-08,Manchester City,Southampton FC,1733.7785041947375,1413.9801665641533,384.79833763058423,0.8,0.2,0.6000000000000001,0.2,0.0,0.2,2.6,0.6,2.0,4.0,0.6,3.4,1.2,1.2,0.0,2.8,-0.6,3.4,4,0,home_win
2022-23,2022-10-08,Newcastle United,Brentford,1537.616268335771,1496.17608181521,106.44018652056116,0.2,0.2,0.0,0.6,0.6,0.0,1.2,1.2,0.0,1.4,1.4,0.0,1.0,1.4,0.3999999999999999,0.4,0.0,0.4,5,1,home_win
2022-23,2022-10-09,Arsenal,Liverpool,1632.4173467967066,1674.95718950964,22.460157287066522,0.8,0.4,0.4,0.0,0.4,-0.4,2.4,1.6,0.7999999999999998,2.2,3.0,-0.7999999999999998,1.2,1.2,0.0,1.0,1.8,-0.8,3,2,home_win
2022-23,2022-10-09,Crystal Palace,Leeds United,1495.369950935459,1460.7428717198939,99.62707921556512,0.2,0.2,0.0,0.4,0.4,0.0,1.0,1.0,0.0,1.4,1.2,0.19999999999999996,1.6,1.4,-0.20000000000000018,-0.2,-0.2,0.0,2,1,home_win
2022-23,2022-10-09,Everton,Manchester United,1466.3603606587228,1544.950614430086,-13.590253771363223,0.4,0.8,-0.4,0.6,0.0,0.6,1.8,2.4,-0.5999999999999999,1.0,2.0,-1.0,0.6,1.6,1.0,0.4,0.4,0.0,1,2,away_win
2022-23,2022-10-09,West Ham United FC,Fulham,1494.8129755938514,1446.7352904485408,113.07768514531062,0.4,0.4,0.0,0.2,0.0,0.2,1.4,1.2,0.19999999999999996,1.0,1.6,-0.6000000000000001,0.8,2.2,1.4000000000000001,0.2,-0.6,0.8,3,1,home_win
2022-23,2022-10-10,Nottingham Forest,Aston Villa,1438.6752620361897,1474.9342257185456,28.741036317644102,0.0,0.2,-0.2,0.0,0.4,-0.4,0.0,1.0,-1.0,0.8,0.6,0.20000000000000007,3.6,0.8,-2.8,-2.8,-0.2,-2.5999999999999996,1,1,draw
2022-23,2022-10-14,Brentford,Brighton & Hove Albion,1482.9971112688622,1540.2634791160697,7.733632152792552,0.2,0.4,-0.2,0.4,0.2,0.2,1.0,1.4,-0.3999999999999999,1.4,2.0,-0.6000000000000001,2.2,1.6,-0.6000000000000001,-0.8,0.4,-1.2000000000000002,2,0,home_win
2022-23,2022-10-15,Fulham,Bournemouth,1436.4518735830954,1497.2164963883542,4.235377194741204,0.4,0.4,0.0,0.0,0.6,-0.6,1.2,1.8,-0.6000000000000001,1.6,1.2,0.40000000000000013,2.4,0.8,-1.5999999999999999,-0.8,0.4,-1.2000000000000002,2,2,draw
2022-23,2022-10-15,Leicester City FC,Crystal Palace,1466.0371934661098,1502.57854514378,28.458648322329736,0.2,0.2,0.0,0.0,0.4,-0.4,0.6,1.0,-0.4,1.8,1.2,0.6000000000000001,2.8,1.6,-1.1999999999999997,-1.0,-0.4,-0.6,0,0,draw
2022-23,2022-10-15,Tottenham Hotspur,Everton,1631.7800387383893,1456.751320229542,240.0287185088473,0.6,0.4,0.19999999999999996,0.2,0.4,-0.2,2.0,1.6,0.3999999999999999,2.2,1.0,1.2000000000000002,1.4,0.8,-0.5999999999999999,0.8,0.2,0.6000000000000001,2,0,home_win
2022-23,2022-10-15,Wolverhampton Wanderers FC,Nottingham Forest,1437.1038940894587,1437.849910324926,64.25398376453268,0.2,0.0,0.2,0.2,0.2,0.0,0.8,0.2,0.6000000000000001,0.2,1.0,-0.8,1.6,3.4,1.7999999999999998,-1.4,-2.4,1.0,1,0,home_win
2022-23,2022-10-16,Aston Villa,Chelsea,1475.7595774298093,1598.6576070197793,-57.898029589970065,0.2,0.8,-0.6000000000000001,0.6,0.0,0.6,1.2,2.4,-1.2,0.8,2.0,-1.2,0.8,1.0,0.19999999999999996,0.0,1.0,-1.0,0,2,away_win
2022-23,2022-10-16,Leeds United,Arsenal,1453.5342775115728,1641.7717905237755,-123.23751301220273,0.0,0.8,-0.8,0.4,0.0,0.4,0.4,2.4,-2.0,0.8,2.4,-1.5999999999999999,1.8,1.4,-0.40000000000000013,-1.0,1.0,-2.0,0,1,away_win
2022-23,2022-10-16,Liverpool,Manchester City,1665.6027457825712,1737.4686800871445,-6.865934304573329,0.4,0.8,-0.4,0.4,0.2,0.2,1.6,2.6,-1.0,3.2,4.0,-0.7999999999999998,1.4,0.8,-0.5999999999999999,1.8,3.2,-1.4000000000000001,1,0,home_win
2022-23,2022-10-16,Manchester United,Newcastle United,1554.5596548592669,1550.7952388821188,68.76441597714802,0.8,0.4,0.4,0.0,0.4,-0.4,2.4,1.6,0.7999999999999998,2.0,2.2,-0.20000000000000018,1.6,1.0,-0.6000000000000001,0.4,1.2,-0.7999999999999999,0,0,draw
2022-23,2022-10-16,Southampton FC,West Ham United FC,1410.2899906717462,1505.0963924592968,-29.806401787550612,0.2,0.4,-0.2,0.0,0.2,-0.2,0.6,1.4,-0.7999999999999999,0.6,1.4,-0.7999999999999999,1.8,1.0,-0.8,-1.2,0.4,-1.6,1,1,draw
2022-23,2022-10-18,Brighton & Hove Albion,Nottingham Forest,1525.5973117226326,1429.6784890024733,160.91882272015937,0.2,0.0,0.2,0.2,0.2,0.0,0.8,0.2,0.6000000000000001,1.8,1.0,0.8,2.0,2.4,0.3999999999999999,-0.2,-1.4,1.2,0,0,draw
2022-23,2022-10-18,Crystal Palace,Wolverhampton Wanderers FC,1503.395823902289,1445.2753154119114,123.12050849037769,0.2,0.4,-0.2,0.6,0.0,0.6,1.2,1.2,0.0,0.8,0.4,0.4,0.8,1.6,0.8,0.0,-1.2,1.2,2,1,home_win
2022-23,2022-10-19,Bournemouth,Southampton FC,1497.3383943050683,1411.145789382398,151.19260492267017,0.4,0.0,0.4,0.6,0.2,0.39999999999999997,1.8,0.2,1.6,1.6,0.4,1.2000000000000002,1.2,1.8,0.6000000000000001,0.4,-1.4,1.7999999999999998,0,1,away_win
2022-23,2022-10-19,Brentford,Chelsea,1497.6632786622993,1611.1808326519945,-48.517553989695216,0.4,0.8,-0.4,0.2,0.0,0.2,1.4,2.4,-1.0,1.6,2.0,-0.3999999999999999,2.0,0.8,-1.2,-0.4,1.2,-1.6,0,0,draw
2022-23,2022-10-19,Liverpool,West Ham United FC,1675.8003375363646,1504.2405937486449,236.55974378771975,0.4,0.4,0.0,0.4,0.2,0.2,1.6,1.4,0.20000000000000018,1.6,1.4,0.20000000000000018,1.4,1.0,-0.3999999999999999,0.2,0.4,-0.2,1,0,home_win
2022-23,2022-10-19,Manchester United,Tottenham Hotspur,1552.6059005041236,1637.8020432647259,-20.196142760602243,0.6,0.8,-0.20000000000000007,0.2,0.0,0.2,2.0,2.4,-0.3999999999999999,1.8,2.4,-0.5999999999999999,1.6,1.2,-0.40000000000000013,0.2,1.2,-1.0,2,0,home_win
2022-23,2022-10-19,Newcastle United,Everton,1552.748993237262,1450.7293157032054,167.01967753405665,0.4,0.4,0.0,0.6,0.2,0.39999999999999997,1.8,1.4,0.40000000000000013,2.0,0.8,1.2,0.6,1.0,0.4,1.4,-0.2,1.5999999999999999,1,0,home_win
2022-23,2022-10-20,Fulham,Aston Villa,1436.3299756663814,1463.2363517975941,38.09362386878729,0.2,0.2,0.0,0.2,0.6,-0.39999999999999997,0.8,1.2,-0.3999999999999999,1.6,0.6,1.0,2.6,0.8,-1.8,-1.0,-0.2,-0.8,3,0,home_win
2022-23,2022-10-20,Leicester City FC,Leeds United,1465.2199147076008,1446.9397025843232,83.28021212327758,0.2,0.0,0.2,0.2,0.4,-0.2,0.8,0.4,0.4,1.8,0.8,1.0,2.6,1.8,-0.8,-0.8,-1.0,0.19999999999999996,2,0,home_win
2022-23,2022-10-22,Chelsea,Manchester United,1609.7933921581384,1568.4768573107428,106.31653484739559,0.8,0.6,0.20000000000000007,0.2,0.2,0.0,2.6,2.0,0.6000000000000001,1.8,2.0,-0.19999999999999996,0.4,1.6,1.2000000000000002,1.4,0.4,0.9999999999999999,1,1,draw
2022-23,2022-10-22,Everton,Crystal Palace,1445.1975263941813,1509.9933762868056,0.20415010737565353,0.4,0.4,0.0,0.0,0.4,-0.4,1.2,1.6,-0.40000000000000013,0.8,1.0,-0.19999999999999996,1.2,0.8,-0.3999999999999999,-0.4,0.2,-0.6000000000000001,3,0,home_win
2022-23,2022-10-22,Manchester City,Brighton & Hove Albion,1727.2710883333511,1521.2707367488401,271.000351584511,0.6,0.2,0.39999999999999997,0.2,0.4,-0.2,2.0,1.0,1.0,2.8,1.6,1.1999999999999997,1.0,1.6,0.6000000000000001,1.8,0.0,1.8,3,1,home_win
2022-23,2022-10-22,Nottingham Forest,Liverpool,1434.0050639762658,1679.879466716975,-180.87440274070923,0.0,0.4,-0.4,0.4,0.4,0.0,0.4,1.6,-1.2000000000000002,0.6,1.4,-0.7999999999999999,1.8,1.2,-0.6000000000000001,-1.2,0.2,-1.4,1,0,home_win
2022-23,2022-10-23,Aston Villa,Brentford,1447.6474395318605,1499.0507191561553,13.596720375705218,0.2,0.2,0.0,0.4,0.4,0.0,1.0,1.0,0.0,0.4,0.6,-0.19999999999999996,1.2,1.6,0.40000000000000013,-0.8,-1.0,0.19999999999999996,4,0,home_win
2022-23,2022-10-23,Leeds United,Fulham,1435.4678841035693,1451.918887932115,48.54899617145429,0.0,0.4,-0.4,0.2,0.2,0.0,0.2,1.4,-1.2,0.6,2.0,-1.4,2.0,2.2,0.20000000000000018,-1.4,-0.2,-1.2,2,3,away_win
2022-23,2022-10-23,Southampton FC,Arsenal,1425.24209569492,1648.366365451025,-158.12426975610515,0.2,0.8,-0.6000000000000001,0.2,0.0,0.2,0.8,2.4,-1.5999999999999999,0.6,2.2,-1.6,1.6,1.2,-0.40000000000000013,-1.0,1.0,-2.0,1,1,draw
2022-23,2022-10-23,Tottenham Hotspur,Newcastle United,1621.9310864581066,1558.2807825462862,128.6503039118204,0.6,0.6,0.0,0.0,0.4,-0.4,1.8,2.2,-0.40000000000000013,2.0,2.2,-0.20000000000000018,1.4,0.6,-0.7999999999999999,0.6,1.6,-1.0,1,2,away_win
2022-23,2022-10-23,Wolverhampton Wanderers FC,Leicester City FC,1438.6777630273948,1476.6917331883546,26.986029839040157,0.2,0.4,-0.2,0.0,0.2,-0.2,0.6,1.4,-0.7999999999999999,0.4,1.8,-1.4,2.0,1.6,-0.3999999999999999,-1.6,0.2,-1.8,0,4,away_win
2022-23,2022-10-24,West Ham United FC,Bournemouth,1500.1614645680345,1483.2420879925464,81.91937657548806,0.4,0.2,0.2,0.2,0.6,-0.39999999999999997,1.4,1.2,0.19999999999999996,1.2,1.0,0.19999999999999996,0.8,1.0,0.19999999999999996,0.4,0.0,0.4,2,0,home_win
2022-23,2022-10-29,Bournemouth,Tottenham Hotspur,1471.7147170615415,1608.3886737454484,-71.67395668390691,0.2,0.4,-0.2,0.4,0.0,0.4,1.0,1.2,-0.19999999999999996,0.8,1.0,-0.19999999999999996,1.2,1.4,0.19999999999999996,-0.4,-0.4,0.0,2,3,away_win
2022-23,2022-10-29,Brentford,Wolverhampton Wanderers FC,1481.0341167999602,1418.47433396817,127.55978283179024,0.2,0.2,0.0,0.4,0.0,0.4,1.0,0.6,0.4,0.6,0.4,0.19999999999999996,1.8,2.2,0.40000000000000013,-1.2,-1.8,0.6000000000000001,1,1,draw
2022-23,2022-10-29,Brighton & Hove Albion,Chelsea,1516.061352079569,1606.8254215825514,-25.764069502982466,0.0,0.6,-0.6,0.4,0.4,0.0,0.4,2.2,-1.8000000000000003,0.8,1.6,-0.8,1.8,0.4,-1.4,-1.0,1.2,-2.2,4,1,home_win
2022-23,2022-10-29,Crystal Palace,Southampton FC,1492.5036591323656,1429.5030666661783,128.0005924661873,0.4,0.2,0.2,0.2,0.4,-0.2,1.4,1.0,0.3999999999999999,1.0,0.8,0.19999999999999996,1.4,1.6,0.20000000000000018,-0.4,-0.8,0.4,1,0,home_win
2022-23,2022-10-29,Fulham,Everton,1463.3072159728017,1462.6872435486216,65.6199724241801,0.4,0.4,0.0,0.2,0.0,0.2,1.4,1.2,0.19999999999999996,2.0,1.2,0.8,2.2,1.2,-1.0000000000000002,-0.2,0.0,-0.2,0,0,draw
2022-23,2022-10-29,Leicester City FC,Manchester City,1496.8951622475795,1732.4804730026224,-170.58531075504288,0.6,0.8,-0.20000000000000007,0.2,0.0,0.2,2.0,2.4,-0.3999999999999999,2.2,3.2,-1.0,0.4,1.0,0.6,1.8,2.2,-0.40000000000000013,0,1,away_win
2022-23,2022-10-29,Liverpool,Leeds United,1665.0978496078594,1424.0795560628826,306.0182935449768,0.4,0.0,0.4,0.2,0.2,0.0,1.4,0.2,1.2,1.4,0.6,0.7999999999999999,1.4,1.6,0.20000000000000018,0.0,-1.0,1.0,1,2,away_win
2022-23,2022-10-29,Newcastle United,Aston Villa,1571.8231952589445,1465.6640418880556,171.15915337088882,0.8,0.2,0.6000000000000001,0.2,0.4,-0.2,2.6,1.0,1.6,2.4,1.0,1.4,0.6,1.2,0.6,1.8,-0.2,2.0,4,0,home_win
2022-23,2022-10-30,Arsenal,Nottingham Forest,1644.1053944797668,1448.7866810853814,260.31871339438544,0.8,0.2,0.6000000000000001,0.2,0.4,-0.2,2.6,1.0,1.6,2.2,0.4,1.8000000000000003,0.8,1.2,0.3999999999999999,1.4,-0.8,2.2,5,0,home_win
2022-23,2022-10-30,Manchester United,West Ham United FC,1571.44482788633,1511.6888354990394,124.75599238729046,0.4,0.6,-0.19999999999999996,0.4,0.2,0.2,1.6,2.0,-0.3999999999999999,1.6,1.6,0.0,1.6,0.6,-1.0,0.0,1.0,-1.0,1,0,home_win
2022-23,2022-11-05,Everton,Leicester City FC,1464.5537964242,1491.4451329039996,38.10866352020048,0.2,0.4,-0.2,0.2,0.2,0.0,0.8,1.4,-0.5999999999999999,0.8,1.4,-0.5999999999999999,1.0,0.6,-0.4,-0.2,0.8,-1.0,0,2,away_win
2022-23,2022-11-05,Leeds United,Bournemouth,1441.1477119969825,1463.7488846699478,42.398827327034724,0.2,0.2,0.0,0.0,0.2,-0.2,0.6,0.8,-0.20000000000000007,1.0,1.2,-0.19999999999999996,1.8,1.8,0.0,-0.8,-0.6,-0.20000000000000007,4,3,home_win
2022-23,2022-11-05,Manchester City,Fulham,1737.9305023462023,1461.4406630972233,341.489839248979,0.8,0.4,0.4,0.0,0.4,-0.4,2.4,1.6,0.7999999999999998,2.8,1.8,0.9999999999999998,1.0,1.4,0.3999999999999999,1.8,0.4,1.4,2,1,home_win
2022-23,2022-11-05,Nottingham Forest,Brentford,1441.4807964896354,1477.519183523777,28.96161296585842,0.2,0.2,0.0,0.4,0.4,0.0,1.0,1.0,0.0,0.4,0.8,-0.4,1.4,2.0,0.6000000000000001,-1.0,-1.2,0.19999999999999996,2,2,draw
2022-23,2022-11-05,Wolverhampton Wanderers FC,Brighton & Hove Albion,1421.9892672443532,1534.8566902900407,-47.867423045687474,0.2,0.2,0.0,0.2,0.2,0.0,0.8,0.8,0.0,0.6,1.0,-0.4,2.0,1.4,-0.6000000000000001,-1.4,-0.4,-0.9999999999999999,2,3,away_win
2022-23,2022-11-06,Aston Villa,Manchester United,1455.4697757120935,1578.0008236034414,-57.53104789134795,0.2,0.6,-0.39999999999999997,0.2,0.4,-0.2,0.8,2.2,-1.4000000000000001,1.0,1.2,-0.19999999999999996,2.0,0.4,-1.6,-1.0,0.8,-1.8,3,1,home_win
2022-23,2022-11-06,Chelsea,Arsenal,1588.0300833720796,1651.4112790755128,1.61880429656685,0.4,0.8,-0.4,0.4,0.2,0.2,1.6,2.6,-1.0,1.4,2.6,-1.2000000000000002,1.0,0.8,-0.19999999999999996,0.4,1.8,-1.4,0,1,away_win
2022-23,2022-11-06,Southampton FC,Newcastle United,1423.0291149884436,1582.0174614349066,-93.98834644646308,0.2,0.8,-0.6000000000000001,0.4,0.2,0.2,1.0,2.6,-1.6,0.6,2.4,-1.7999999999999998,1.4,0.4,-0.9999999999999999,-0.8,2.0,-2.8,1,4,away_win
2022-23,2022-11-06,Tottenham Hotspur,Liverpool,1616.354506137042,1648.0296936737595,33.32481246328257,0.6,0.4,0.19999999999999996,0.0,0.0,0.0,1.8,1.2,0.6000000000000001,1.4,1.0,0.3999999999999999,1.2,1.2,0.0,0.2,-0.2,0.4,1,2,away_win
2022-23,2022-11-06,West Ham United FC,Crystal Palace,1505.132839781928,1498.9776108101003,71.15522897182768,0.4,0.6,-0.19999999999999996,0.2,0.2,0.0,1.4,2.0,-0.6000000000000001,1.2,1.0,0.19999999999999996,0.8,1.0,0.19999999999999996,0.4,0.0,0.4,1,2,away_win
2022-23,2022-11-12,Bournemouth,Everton,1454.9631990523549,1447.915079656033,72.04811939632191,0.0,0.2,-0.2,0.2,0.2,0.0,0.2,0.8,-0.6000000000000001,1.4,0.6,0.7999999999999999,2.4,1.0,-1.4,-1.0,-0.4,-0.6,3,0,home_win
2022-23,2022-11-12,Liverpool,Southampton FC,1658.9859282298924,1410.1510193821562,313.8349088477362,0.6,0.2,0.39999999999999997,0.0,0.4,-0.4,1.8,1.0,0.8,1.0,0.8,0.19999999999999996,0.8,1.4,0.5999999999999999,0.2,-0.6,0.8,3,1,home_win
2022-23,2022-11-12,Manchester City,Brentford,1740.3873738656,1478.3508403623528,327.03653350324726,0.8,0.2,0.6000000000000001,0.0,0.6,-0.6,2.4,1.2,1.2,2.0,1.0,1.0,0.6,1.4,0.7999999999999999,1.4,-0.4,1.7999999999999998,1,2,away_win
2022-23,2022-11-12,Newcastle United,Chelsea,1594.895557041194,1577.983490776217,81.91206626497706,0.8,0.2,0.6000000000000001,0.2,0.4,-0.2,2.6,1.0,1.6,2.2,0.8,1.4000000000000001,0.4,1.2,0.7999999999999999,1.8,-0.4,2.2,1,0,home_win
2022-23,2022-11-12,Nottingham Forest,Crystal Palace,1440.6491396510596,1510.997461684161,-5.34832203310134,0.2,0.6,-0.39999999999999997,0.4,0.2,0.2,1.0,2.0,-1.0,0.6,1.0,-0.4,1.6,1.0,-0.6000000000000001,-1.0,0.0,-1.0,1,0,home_win
2022-23,2022-11-12,Tottenham Hotspur,Leeds United,1605.3982715809093,1449.9333976145754,220.46487396633393,0.4,0.4,0.0,0.0,0.0,0.0,1.2,1.2,0.0,1.4,1.6,-0.20000000000000018,1.6,2.0,0.3999999999999999,-0.2,-0.4,0.2,4,3,home_win
2022-23,2022-11-12,West Ham United FC,Leicester City FC,1493.1129889078672,1508.0838496721667,50.02913923570054,0.2,0.6,-0.39999999999999997,0.2,0.2,0.0,0.8,2.0,-1.2,0.8,1.6,-0.8,1.0,0.2,-0.8,-0.2,1.4,-1.5999999999999999,0,2,away_win
2022-23,2022-11-12,Wolverhampton Wanderers FC,Arsenal,1413.3583509306475,1661.4578716713754,-183.09952074072794,0.2,0.8,-0.6000000000000001,0.2,0.2,0.0,0.8,2.6,-1.8,1.0,2.2,-1.2000000000000002,2.0,0.6,-1.4,-1.0,1.6,-2.6,0,2,away_win
2022-23,2022-11-13,Brighton & Hove Albion,Aston Villa,1543.4876066037464,1472.9311354918148,135.55647111193161,0.4,0.4,0.0,0.2,0.0,0.2,1.4,1.2,0.19999999999999996,1.6,1.4,0.20000000000000018,1.6,2.0,0.3999999999999999,0.0,-0.6,0.6,1,2,away_win
2022-23,2022-11-13,Fulham,Manchester United,1458.9837915778255,1560.53946382372,-36.555672245894584,0.4,0.4,0.0,0.4,0.4,0.0,1.6,1.6,0.0,1.8,1.0,0.8,1.2,0.8,-0.3999999999999999,0.6,0.2,0.39999999999999997,1,2,away_win
2022-23,2022-12-26,Arsenal,West Ham United FC,1669.2115715930513,1475.9678630576236,258.2437085354277,0.8,0.2,0.6000000000000001,0.2,0.0,0.2,2.6,0.6,2.0,2.0,0.6,1.4,0.2,1.2,1.0,1.8,-0.6,2.4,3,1,home_win
2022-23,2022-12-26,Aston Villa,Liverpool,1486.6461419211885,1663.2174911776056,-111.57134925641708,0.6,0.6,0.0,0.0,0.0,0.0,1.8,1.8,0.0,1.8,1.4,0.40000000000000013,1.8,1.0,-0.8,0.0,0.4,-0.4,1,3,away_win
2022-23,2022-12-26,Brentford,Tottenham Hotspur,1495.7089695196637,1609.7865061347256,-49.077536615061945,0.2,0.4,-0.2,0.6,0.0,0.6,1.2,1.2,0.0,1.0,1.8,-0.8,1.6,2.2,0.6000000000000001,-0.6,-0.4,-0.19999999999999996,2,2,draw
2022-23,2022-12-26,Crystal Palace,Fulham,1500.843536759982,1450.032082940566,115.8114538194161,0.6,0.4,0.19999999999999996,0.0,0.2,-0.2,1.8,1.4,0.40000000000000013,1.0,1.6,-0.6000000000000001,1.2,1.2,0.0,-0.2,0.4,-0.6000000000000001,0,3,away_win
2022-23,2022-12-26,Everton,Wolverhampton Wanderers FC,1433.9929354008525,1405.6046510089716,93.38828439188092,0.2,0.0,0.2,0.2,0.2,0.0,0.8,0.2,0.6000000000000001,0.6,0.8,-0.20000000000000007,1.2,2.4,1.2,-0.6,-1.6,1.0,1,2,away_win
2022-23,2022-12-26,Leicester City FC,Newcastle United,1525.2289755224103,1602.5806701267597,-12.351694604349404,0.8,1.0,-0.19999999999999996,0.0,0.0,0.0,2.4,3.0,-0.6000000000000001,2.0,2.4,-0.3999999999999999,0.2,0.4,0.2,1.8,2.0,-0.19999999999999996,0,3,away_win
2022-23,2022-12-26,Southampton FC,Brighton & Hove Albion,1405.919456434443,1529.7726001743727,-58.85314373992969,0.2,0.4,-0.2,0.2,0.2,0.0,0.8,1.4,-0.5999999999999999,0.8,1.8,-1.0,1.8,1.6,-0.19999999999999996,-1.0,0.2,-1.2,1,3,away_win
2022-23,2022-12-27,Chelsea,Bournemouth,1570.2983776906513,1468.8853433075353,166.41303438311593,0.0,0.2,-0.2,0.4,0.0,0.4,0.4,0.6,-0.19999999999999996,0.4,1.6,-1.2000000000000002,1.4,2.0,0.6000000000000001,-1.0,-0.4,-0.6,2,0,home_win
2022-23,2022-12-27,Manchester United,Nottingham Forest,1569.4911724609797,1450.8030645752385,183.68810788574115,0.6,0.4,0.19999999999999996,0.2,0.4,-0.2,2.0,1.6,0.3999999999999999,1.4,0.8,0.5999999999999999,1.0,1.4,0.3999999999999999,0.4,-0.6,1.0,3,0,home_win
2022-23,2022-12-28,Leeds United,Manchester City,1445.545163060759,1723.029244708289,-212.48408164753005,0.4,0.6,-0.19999999999999996,0.0,0.0,0.0,1.2,1.8,-0.6000000000000001,2.2,1.4,0.8000000000000003,2.6,1.0,-1.6,-0.4,0.4,-0.8,1,3,away_win
2022-23,2022-12-30,Liverpool,Leicester City FC,1673.559591420889,1508.3508566605567,230.2087347603324,0.6,0.6,0.0,0.0,0.0,0.0,1.8,1.8,0.0,1.8,1.6,0.19999999999999996,1.2,0.8,-0.3999999999999999,0.6,0.8,-0.20000000000000007,2,1,home_win
2022-23,2022-12-30,West Ham United FC,Brentford,1470.434751042932,1497.1122137990446,38.32253724388738,0.2,0.2,0.0,0.0,0.6,-0.6,0.6,1.2,-0.6,0.8,1.4,-0.5999999999999999,1.6,2.0,0.3999999999999999,-0.8,-0.6,-0.20000000000000007,0,2,away_win
2022-23,2022-12-31,Bournemouth,Crystal Palace,1460.566681095221,1477.7170822804044,47.849598814816545,0.2,0.4,-0.2,0.0,0.0,0.0,0.6,1.2,-0.6,1.6,0.6,1.0,2.2,1.6,-0.6000000000000001,-0.6,-1.0,0.4,0,2,away_win
2022-23,2022-12-31,Brighton & Hove Albion,Arsenal,1542.2557327631769,1674.744683607743,-67.48895084456603,0.6,0.8,-0.20000000000000007,0.0,0.2,-0.2,1.8,2.6,-0.8,2.4,2.4,0.0,1.8,0.4,-1.4,0.6,2.0,-1.4,2,4,away_win
2022-23,2022-12-31,Fulham,Southampton FC,1473.1585374201436,1393.4363238456388,144.72221357450485,0.4,0.0,0.4,0.2,0.2,0.0,1.4,0.2,1.2,1.6,0.8,0.8,1.2,2.4,1.2,0.4,-1.6,2.0,2,1,home_win
2022-23,2022-12-31,Manchester City,Everton,1729.8506869373905,1421.3679209418242,373.4827659955663,0.8,0.2,0.6000000000000001,0.0,0.2,-0.2,2.4,0.8,1.5999999999999999,2.0,0.8,1.2,1.0,1.4,0.3999999999999999,1.0,-0.6,1.6,1,1,draw
2022-23,2022-12-31,Newcastle United,Leeds United,1619.4587889886134,1438.7237208316576,245.73506815695578,1.0,0.4,0.6,0.0,0.0,0.0,3.0,1.2,1.8,2.8,2.4,0.3999999999999999,0.4,2.8,2.4,2.4,-0.4,2.8,0,0,draw
2022-23,2022-12-31,Wolverhampton Wanderers FC,Manchester United,1418.229665468,1578.5144464372006,-95.28478096920071,0.2,0.6,-0.39999999999999997,0.2,0.2,0.0,0.8,2.0,-1.2,1.0,1.6,-0.6000000000000001,2.2,1.0,-1.2000000000000002,-1.2,0.6,-1.7999999999999998,0,1,away_win
2022-23,2023-01-01,Nottingham Forest,Chelsea,1441.7797905990176,1578.6170399029656,-71.83724930394806,0.4,0.2,0.2,0.2,0.2,0.0,1.4,0.8,0.5999999999999999,0.8,0.8,0.0,2.0,1.4,-0.6000000000000001,-1.2,-0.6,-0.6,1,1,draw
2022-23,2023-01-01,Tottenham Hotspur,Aston Villa,1608.3832618553447,1476.304041677905,197.07922017743977,0.4,0.6,-0.19999999999999996,0.2,0.0,0.2,1.4,1.8,-0.40000000000000013,2.2,2.0,0.20000000000000018,2.2,1.8,-0.40000000000000013,0.0,0.2,-0.2,0,2,away_win
2022-23,2023-01-02,Brentford,Liverpool,1513.7600534188553,1677.75872022159,-98.99866680273476,0.4,0.8,-0.4,0.6,0.0,0.6,1.8,2.4,-0.5999999999999999,1.8,2.2,-0.40000000000000013,1.2,1.2,0.0,0.6,1.0,-0.4,3,1,home_win
2022-23,2023-01-03,Arsenal,Newcastle United,1686.8670541434271,1613.369090424354,138.49796371907314,1.0,0.8,0.19999999999999996,0.0,0.2,-0.2,3.0,2.6,0.3999999999999999,3.0,2.4,0.6000000000000001,0.6,0.2,-0.39999999999999997,2.4,2.2,0.19999999999999973,0,0,draw
2022-23,2023-01-03,Everton,Brighton & Hove Albion,1429.2811836379701,1530.1333622274926,-35.85217858952251,0.0,0.6,-0.6,0.4,0.0,0.4,0.4,1.8,-1.4,0.4,2.6,-2.2,1.6,2.0,0.3999999999999999,-1.2,0.6,-1.7999999999999998,1,4,away_win
2022-23,2023-01-03,Leicester City FC,Fulham,1504.1517278598558,1479.2183877976304,89.9333400622254,0.4,0.4,0.0,0.0,0.2,-0.2,1.2,1.4,-0.19999999999999996,1.0,1.4,-0.3999999999999999,1.2,1.0,-0.19999999999999996,-0.2,0.4,-0.6000000000000001,0,1,away_win
2022-23,2023-01-03,Manchester United,Bournemouth,1585.8386809705582,1443.5138106809206,207.3248702896376,0.8,0.2,0.6000000000000001,0.0,0.0,0.0,2.4,0.6,1.7999999999999998,1.6,1.6,0.0,0.8,2.2,1.4000000000000001,0.8,-0.6,1.4,3,0,home_win
2022-23,2023-01-04,Aston Villa,Wolverhampton Wanderers FC,1499.003978762968,1410.9054309346423,153.09854782832576,0.6,0.2,0.39999999999999997,0.0,0.2,-0.2,1.8,0.8,1.0,1.6,1.0,0.6000000000000001,1.8,1.6,-0.19999999999999996,-0.2,-0.6,0.39999999999999997,1,1,draw
2022-23,2023-01-04,Crystal Palace,Tottenham Hotspur,1494.7699526947047,1585.6833247702816,-25.913372075576945,0.6,0.4,0.19999999999999996,0.0,0.2,-0.2,1.8,1.4,0.40000000000000013,1.0,2.0,-1.0,1.0,2.2,1.2000000000000002,0.0,-0.2,0.2,0,4,away_win
2022-23,2023-01-04,Leeds United,West Ham United FC,1444.813419395917,1453.7869114231214,56.02650797279557,0.4,0.0,0.4,0.2,0.0,0.2,1.4,0.0,1.4,2.0,0.4,1.6,2.2,2.0,-0.20000000000000018,-0.2,-1.6,1.4000000000000001,2,2,draw
2022-23,2023-01-04,Southampton FC,Nottingham Forest,1387.376473468152,1443.8184632399268,8.558010228225157,0.0,0.2,-0.2,0.0,0.4,-0.4,0.0,1.0,-1.0,0.8,0.8,0.0,2.6,2.2,-0.3999999999999999,-1.8,-1.4,-0.40000000000000013,0,1,away_win
2022-23,2023-01-05,Chelsea,Manchester City,1576.5783672620564,1721.9374242412446,-80.35905697918815,0.2,0.6,-0.39999999999999997,0.2,0.2,0.0,0.8,2.0,-1.2,0.8,1.6,-0.8,1.4,1.0,-0.3999999999999999,-0.6,0.6,-1.2,0,1,away_win
2022-23,2023-01-12,Fulham,Chelsea,1491.7505739127175,1568.850906736413,-12.100332823695453,0.6,0.2,0.39999999999999997,0.0,0.2,-0.2,1.8,0.8,1.0,1.6,0.6,1.0,1.0,0.8,-0.19999999999999996,0.6,-0.2,0.8,2,1,home_win
2022-23,2023-01-13,Aston Villa,Leeds United,1494.8621227457843,1443.214680719918,116.64744202586621,0.6,0.2,0.39999999999999997,0.2,0.4,-0.2,2.0,1.0,1.0,1.8,2.0,-0.19999999999999996,1.2,2.4,1.2,0.6,-0.4,1.0,2,1,home_win
2022-23,2023-01-14,Brentford,Bournemouth,1532.9221327649987,1435.3713733874263,162.55075937757238,0.6,0.2,0.39999999999999997,0.4,0.0,0.4,2.2,0.6,1.6,2.2,1.2,1.0000000000000002,1.2,2.2,1.0000000000000002,1.0,-1.0,2.0,2,0,home_win
2022-23,2023-01-14,Brighton & Hove Albion,Liverpool,1545.8339046485457,1658.5966408754466,-47.76273622690087,0.6,0.8,-0.20000000000000007,0.0,0.0,0.0,1.8,2.4,-0.5999999999999999,2.6,2.2,0.3999999999999999,2.0,1.4,-0.6000000000000001,0.6,0.8,-0.20000000000000007,3,0,home_win
2022-23,2023-01-14,Everton,Southampton FC,1413.580641216917,1377.1302039379693,101.45043727894767,0.0,0.0,0.0,0.2,0.0,0.2,0.2,0.0,0.2,0.6,0.8,-0.20000000000000007,2.4,2.6,0.20000000000000018,-1.8,-1.8,0.0,1,2,away_win
2022-23,2023-01-14,Manchester United,Manchester City,1593.9811182640526,1729.664884766888,-70.6837665028354,0.8,0.6,0.20000000000000007,0.0,0.2,-0.2,2.4,2.0,0.3999999999999999,2.0,1.6,0.3999999999999999,0.8,1.0,0.19999999999999996,1.2,0.6,0.6,2,1,home_win
2022-23,2023-01-14,Nottingham Forest,Leicester City FC,1454.0647327701095,1491.6195417447686,27.44519102534082,0.4,0.4,0.0,0.4,0.0,0.4,1.6,1.2,0.40000000000000013,1.0,1.0,0.0,1.2,1.2,0.0,-0.2,-0.2,0.0,2,0,home_win
2022-23,2023-01-14,Wolverhampton Wanderers FC,West Ham United FC,1415.0472869518258,1455.3856500991203,24.661636852705442,0.2,0.0,0.2,0.2,0.2,0.0,0.8,0.2,0.6000000000000001,1.0,0.8,0.19999999999999996,1.6,2.2,0.6000000000000001,-0.6,-1.4,0.7999999999999999,1,0,home_win
2022-23,2023-01-15,Chelsea,Crystal Palace,1558.5027719080106,1477.4158280501565,146.08694385785407,0.2,0.4,-0.2,0.2,0.0,0.2,0.8,1.2,-0.3999999999999999,0.8,0.8,0.0,1.0,1.8,0.8,-0.2,-1.0,0.8,1,0,home_win
2022-23,2023-01-15,Newcastle United,Fulham,1617.156844702961,1502.09870874112,180.05813596184112,0.6,0.8,-0.20000000000000007,0.4,0.0,0.4,2.2,2.4,-0.19999999999999973,1.6,1.8,-0.19999999999999996,0.2,0.8,0.6000000000000001,1.4,1.0,0.3999999999999999,1,0,home_win
2022-23,2023-01-15,Tottenham Hotspur,Arsenal,1603.0374494148298,1683.07929986482,-15.041850449990307,0.4,0.8,-0.4,0.2,0.2,0.0,1.4,2.6,-1.2000000000000002,2.2,2.0,0.20000000000000018,1.8,0.6,-1.2000000000000002,0.4,1.4,-0.9999999999999999,0,2,away_win
2022-23,2023-01-18,Crystal Palace,Manchester United,1471.3891081734914,1605.9879494164547,-69.59884124296332,0.2,1.0,-0.8,0.0,0.0,0.0,0.6,3.0,-2.4,0.4,2.2,-1.8000000000000003,1.8,0.4,-1.4,-1.4,1.8,-3.2,1,1,draw
2022-23,2023-01-19,Manchester City,Tottenham Hotspur,1717.6580536144859,1588.6864528624942,193.97160075199167,0.4,0.4,0.0,0.2,0.2,0.0,1.4,1.4,0.0,1.4,2.0,-0.6000000000000001,1.2,1.8,0.6000000000000001,0.2,0.2,0.0,4,2,home_win
2022-23,2023-01-21,Bournemouth,Nottingham Forest,1426.9183867484821,1467.8822870858753,24.03609966260683,0.2,0.6,-0.39999999999999997,0.0,0.2,-0.2,0.6,2.0,-1.4,0.6,1.0,-0.4,1.8,0.8,-1.0,-1.2,0.2,-1.4,1,1,draw
2022-23,2023-01-21,Crystal Palace,Newcastle United,1473.3659515854267,1622.3933703420018,-84.02741875657512,0.2,0.6,-0.39999999999999997,0.2,0.4,-0.2,0.8,2.2,-1.4000000000000001,0.6,1.0,-0.4,1.8,0.0,-1.8,-1.2,1.0,-2.2,0,0,draw
2022-23,2023-01-21,Leicester City FC,Brighton & Hove Albion,1477.8019874290028,1565.7246267469006,-22.922639317897847,0.2,0.6,-0.39999999999999997,0.0,0.0,0.0,0.6,1.8,-1.2000000000000002,0.6,2.6,-2.0,1.6,1.6,0.0,-1.0,1.0,-2.0,2,2,draw
2022-23,2023-01-21,Liverpool,Chelsea,1638.7059187770917,1564.5294917846757,139.17642699241605,0.6,0.4,0.19999999999999996,0.0,0.2,-0.2,1.8,1.4,0.40000000000000013,1.8,1.0,0.8,1.8,0.8,-1.0,0.0,0.2,-0.2,0,0,draw
2022-23,2023-01-21,Southampton FC,Aston Villa,1389.9699297141838,1501.625448194043,-46.65551847985921,0.2,0.6,-0.39999999999999997,0.0,0.2,-0.2,0.6,2.0,-1.4,1.0,1.6,-0.6000000000000001,2.0,1.2,-0.8,-1.0,0.4,-1.4,0,1,away_win
2022-23,2023-01-21,West Ham United FC,Everton,1446.0942793398142,1400.7409154407026,110.35336389911163,0.0,0.0,0.0,0.2,0.2,0.0,0.2,0.2,0.0,0.6,0.8,-0.20000000000000007,2.0,2.4,0.3999999999999999,-1.4,-1.6,0.20000000000000018,2,0,home_win
2022-23,2023-01-22,Arsenal,Manchester United,1697.4302964171557,1604.0111060045194,158.41919041263623,0.8,0.8,0.0,0.2,0.2,0.0,2.6,2.6,0.0,2.2,2.0,0.20000000000000018,0.6,0.4,-0.19999999999999996,1.6,1.6,0.0,3,2,home_win
2022-23,2023-01-22,Leeds United,Brentford,1436.4513552716594,1541.3751194039428,-39.923764132283395,0.0,0.8,-0.8,0.4,0.2,0.2,0.4,2.6,-2.2,1.4,2.2,-0.8000000000000003,2.2,0.8,-1.4000000000000001,-0.8,1.4,-2.2,0,0,draw
2022-23,2023-01-22,Manchester City,Wolverhampton Wanderers FC,1725.057382529703,1424.3386577111319,365.7187248185712,0.6,0.4,0.19999999999999996,0.2,0.2,0.0,2.0,1.4,0.6000000000000001,2.0,0.8,1.2,1.2,1.0,-0.19999999999999996,0.8,-0.2,1.0,3,0,home_win
2022-23,2023-01-23,Fulham,Tottenham Hotspur,1496.8621831020791,1581.287123947277,-19.424940845197852,0.8,0.2,0.6000000000000001,0.0,0.2,-0.2,2.4,0.8,1.5999999999999999,1.6,1.6,0.0,0.6,2.0,1.4,1.0,-0.4,1.4,0,1,away_win
2022-23,2023-02-03,Chelsea,Fulham,1568.3339597609206,1487.4206960174733,145.91326374344726,0.2,0.6,-0.39999999999999997,0.4,0.0,0.4,1.0,1.8,-0.8,0.6,1.0,-0.4,0.8,0.8,0.0,-0.2,0.2,-0.4,0,0,draw
2022-23,2023-02-04,Aston Villa,Leicester City FC,1510.2906083256946,1478.4607983840694,96.82980994162517,0.6,0.0,0.6,0.2,0.2,0.0,2.0,0.2,1.8,1.4,0.6,0.7999999999999999,1.0,2.0,1.0,0.4,-1.4,1.7999999999999998,2,4,away_win
2022-23,2023-02-04,Brentford,Southampton FC,1540.2310521987142,1381.3047695825321,223.9262826161821,0.6,0.2,0.39999999999999997,0.4,0.0,0.4,2.2,0.6,1.6,1.8,0.8,1.0,0.6,1.6,1.0,1.2,-0.8,2.0,3,0,home_win
2022-23,2023-02-04,Brighton & Hove Albion,Bournemouth,1565.065815791834,1426.2276737717746,203.83814202005942,0.6,0.0,0.6,0.2,0.2,0.0,2.0,0.2,1.8,2.8,0.2,2.5999999999999996,1.6,2.0,0.3999999999999999,1.2,-1.8,3.0,1,0,home_win
2022-23,2023-02-04,Everton,Arsenal,1390.3512495276327,1703.162380621736,-247.8111310941033,0.0,0.8,-0.8,0.2,0.2,0.0,0.2,2.6,-2.4,0.8,2.4,-1.5999999999999999,2.2,1.0,-1.2000000000000002,-1.4,1.4,-2.8,1,0,home_win
2022-23,2023-02-04,Manchester United,Crystal Palace,1598.279021799939,1475.738378798376,187.540643001563,0.6,0.2,0.39999999999999997,0.2,0.4,-0.2,2.0,1.0,1.0,1.8,0.6,1.2000000000000002,1.0,1.2,0.19999999999999996,0.8,-0.6,1.4,2,1,home_win
2022-23,2023-02-04,Newcastle United,West Ham United FC,1620.0209431290525,1456.483945252884,228.53699787616847,0.4,0.2,0.2,0.6,0.2,0.39999999999999997,1.8,0.8,1.0,0.8,1.0,-0.19999999999999996,0.0,1.6,1.6,0.8,-0.6,1.4,1,1,draw
2022-23,2023-02-04,Wolverhampton Wanderers FC,Liverpool,1420.5380790383526,1634.9014508008468,-149.36337176249413,0.4,0.4,0.0,0.2,0.2,0.0,1.4,1.4,0.0,0.8,1.2,-0.3999999999999999,1.2,1.6,0.40000000000000013,-0.4,-0.4,0.0,3,0,home_win
2022-23,2023-02-05,Nottingham Forest,Leeds United,1468.5730000625829,1437.595422476888,95.97757758569492,0.4,0.0,0.4,0.4,0.6,-0.19999999999999996,1.6,0.6,1.0,1.0,0.8,0.19999999999999996,1.0,1.4,0.3999999999999999,0.0,-0.6,0.6,1,0,home_win
2022-23,2023-02-05,Tottenham Hotspur,Manchester City,1590.7286110318828,1728.8579612024823,-73.12935017059954,0.4,0.6,-0.19999999999999996,0.0,0.2,-0.2,1.2,2.0,-0.8,1.4,2.0,-0.6000000000000001,1.6,1.0,-0.6000000000000001,-0.2,1.0,-1.2,1,0,home_win
2022-23,2023-02-08,Manchester United,Leeds United,1603.3507670416207,1430.2896906672365,238.06107637438413,0.6,0.0,0.6,0.2,0.6,-0.39999999999999997,2.0,0.6,1.4,2.0,0.6,1.4,1.2,1.0,-0.19999999999999996,0.8,-0.4,1.2000000000000002,2,2,draw
2022-23,2023-02-11,Arsenal,Brentford,1687.035224301528,1547.7916882603913,204.24353604113662,0.6,0.8,-0.20000000000000007,0.2,0.2,0.0,2.0,2.6,-0.6000000000000001,1.8,2.0,-0.19999999999999996,1.0,0.2,-0.8,0.8,1.8,-1.0,1,1,draw
2022-23,2023-02-11,Bournemouth,Newcastle United,1421.502806296665,1614.2520862570404,-127.74927996037536,0.0,0.2,-0.2,0.2,0.8,-0.6000000000000001,0.2,1.4,-1.2,0.2,0.4,-0.2,1.8,0.2,-1.6,-1.6,0.2,-1.8,1,1,draw
2022-23,2023-02-11,Crystal Palace,Brighton & Hove Albion,1470.6666335566945,1569.7906832669435,-34.12404971024898,0.0,0.6,-0.6,0.4,0.2,0.2,0.4,2.0,-1.6,0.4,2.4,-2.0,1.6,1.4,-0.20000000000000018,-1.2,1.0,-2.2,1,1,draw
2022-23,2023-02-11,Fulham,Nottingham Forest,1491.3897655658632,1475.8787318722343,80.51103369362886,0.4,0.6,-0.19999999999999996,0.2,0.4,-0.2,1.4,2.2,-0.8000000000000003,0.6,1.2,-0.6,0.6,0.4,-0.19999999999999996,0.0,0.8,-0.8,2,0,home_win
2022-23,2023-02-11,Leicester City FC,Tottenham Hotspur,1497.5363009995049,1602.8029004860523,-40.26659948654742,0.2,0.6,-0.39999999999999997,0.2,0.0,0.2,0.8,1.8,-1.0,1.4,1.6,-0.20000000000000018,1.8,1.2,-0.6000000000000001,-0.4,0.4,-0.8,4,1,home_win
2022-23,2023-02-11,Southampton FC,Wolverhampton Wanderers FC,1373.744133520855,1445.1297736288138,-6.385640107958807,0.2,0.4,-0.2,0.0,0.2,-0.2,0.6,1.4,-0.7999999999999999,0.6,1.0,-0.4,1.6,1.0,-0.6000000000000001,-1.0,0.0,-1.0,1,2,away_win
2022-23,2023-02-11,West Ham United FC,Chelsea,1462.252802124896,1564.3648902125308,-37.112088087634675,0.2,0.2,0.0,0.4,0.4,0.0,1.0,1.0,0.0,1.0,0.4,0.6,1.2,0.6,-0.6,-0.2,-0.2,0.0,1,1,draw
2022-23,2023-02-12,Leeds United,Manchester United,1436.2385528765262,1597.401904832331,-96.16335195580473,0.0,0.4,-0.4,0.6,0.4,0.19999999999999996,0.6,1.6,-1.0,1.0,1.8,-0.8,1.4,1.6,0.20000000000000018,-0.4,0.2,-0.6000000000000001,0,2,away_win
2022-23,2023-02-12,Manchester City,Aston Villa,1716.7836717483128,1491.2151057102592,290.56856603805363,0.6,0.6,0.0,0.0,0.2,-0.2,1.8,2.0,-0.19999999999999996,1.8,1.6,0.19999999999999996,1.0,1.2,0.19999999999999996,0.8,0.4,0.4,3,1,home_win
2022-23,2023-02-13,Liverpool,Everton,1610.3097562103856,1406.4784058478408,268.83135036254475,0.2,0.2,0.0,0.2,0.2,0.0,0.8,0.8,0.0,0.6,0.8,-0.20000000000000007,2.0,1.8,-0.19999999999999996,-1.4,-1.0,-0.3999999999999999,2,0,home_win
2022-23,2023-02-15,Arsenal,Manchester City,1681.7516756893447,1721.525818783839,25.22585690550568,0.4,0.6,-0.19999999999999996,0.4,0.0,0.4,1.6,1.8,-0.19999999999999996,1.2,2.2,-1.0000000000000002,0.8,1.2,0.3999999999999999,0.4,1.0,-0.6,1,3,away_win
2022-23,2023-02-18,Aston Villa,Arsenal,1486.472958674733,1665.6644976223668,-114.19153894763372,0.4,0.4,0.0,0.2,0.2,0.0,1.4,1.4,0.0,1.4,1.4,0.0,1.8,1.4,-0.40000000000000013,-0.4,0.0,-0.4,2,4,away_win
2022-23,2023-02-18,Brentford,Crystal Palace,1553.0752368725746,1471.645656612873,146.42958025970165,0.6,0.0,0.6,0.4,0.6,-0.19999999999999996,2.2,0.6,1.6,1.8,0.6,1.2000000000000002,0.4,1.0,0.6,1.4,-0.4,1.7999999999999998,1,1,draw
2022-23,2023-02-18,Brighton & Hove Albion,Fulham,1568.811660210765,1502.9747344683526,130.8369257424124,0.6,0.4,0.19999999999999996,0.4,0.2,0.2,2.2,1.4,0.8000000000000003,2.2,0.8,1.4000000000000001,0.8,0.6,-0.20000000000000007,1.4,0.2,1.2,0,1,away_win
2022-23,2023-02-18,Chelsea,Southampton FC,1563.3007625771804,1363.9279063249958,264.37285625218465,0.2,0.2,0.0,0.6,0.0,0.6,1.2,0.6,0.6,0.6,0.6,0.0,0.6,1.6,1.0,0.0,-1.0,1.0,0,1,away_win
2022-23,2023-02-18,Everton,Leeds United,1401.2150532711903,1425.2873923978354,40.92766087335485,0.2,0.0,0.2,0.0,0.4,-0.4,0.6,0.4,0.19999999999999996,0.6,0.6,0.0,2.0,1.4,-0.6000000000000001,-1.4,-0.8,-0.5999999999999999,1,0,home_win
2022-23,2023-02-18,Newcastle United,Liverpool,1610.7323735806704,1615.573108787036,60.15926479363429,0.2,0.2,0.0,0.8,0.2,0.6000000000000001,1.4,0.8,0.5999999999999999,0.6,0.6,0.0,0.4,1.8,1.4,0.2,-1.2,1.4,0,2,away_win
2022-23,2023-02-18,Nottingham Forest,Manchester City,1464.2937629697449,1737.612996850817,-208.31923388107202,0.6,0.8,-0.20000000000000007,0.2,0.0,0.2,2.0,2.4,-0.3999999999999999,1.0,2.6,-1.6,0.6,1.0,0.4,0.4,1.6,-1.2000000000000002,1,1,draw
2022-23,2023-02-18,Wolverhampton Wanderers FC,Bournemouth,1454.946000824673,1425.0225189730352,94.92348185163792,0.6,0.0,0.6,0.2,0.4,-0.2,2.0,0.4,1.6,1.4,0.4,0.9999999999999999,1.0,1.6,0.6000000000000001,0.4,-1.2,1.6,0,1,away_win
2022-23,2023-02-19,Manchester United,Leicester City FC,1608.3530653110217,1517.0554589472438,156.29760636377796,0.4,0.4,0.0,0.4,0.2,0.2,1.6,1.4,0.20000000000000018,1.8,2.0,-0.19999999999999996,1.4,1.6,0.20000000000000018,0.4,0.4,0.0,3,0,home_win
2022-23,2023-02-19,Tottenham Hotspur,West Ham United FC,1583.2837425383134,1463.3169297602465,184.96681277806692,0.4,0.2,0.2,0.0,0.6,-0.6,1.2,1.2,0.0,1.0,1.2,-0.19999999999999996,2.0,1.0,-1.0,-1.0,0.2,-1.2,2,0,home_win
2022-23,2023-02-24,Fulham,Wolverhampton Wanderers FC,1516.5720624137446,1442.2798925250925,139.2921698886521,0.4,0.6,-0.19999999999999996,0.2,0.0,0.2,1.4,1.8,-0.40000000000000013,0.6,1.2,-0.6,0.4,1.0,0.6,0.2,0.2,0.0,1,1,draw
2022-23,2023-02-25,Bournemouth,Manchester City,1437.6886272726158,1732.2454125066663,-229.5567852340505,0.2,0.6,-0.39999999999999997,0.4,0.2,0.2,1.0,2.0,-1.0,0.6,2.0,-1.4,1.0,0.8,-0.19999999999999996,-0.4,1.2,-1.6,1,4,away_win
2022-23,2023-02-25,Crystal Palace,Liverpool,1475.6272384602432,1633.1447435821065,-92.51750512186322,0.0,0.4,-0.4,0.8,0.2,0.6000000000000001,0.8,1.4,-0.5999999999999999,0.8,0.8,0.0,1.0,1.2,0.19999999999999996,-0.2,-0.4,0.2,0,0,draw
2022-23,2023-02-25,Everton,Aston Villa,1410.0424792947274,1476.232832315635,-1.1903530209076507,0.4,0.4,0.0,0.0,0.0,0.0,1.2,1.2,0.0,0.6,1.6,-1.0,1.2,2.4,1.2,-0.6,-0.8,0.20000000000000007,0,2,away_win
2022-23,2023-02-25,Leeds United,Southampton FC,1416.4599663742983,1380.344128482188,101.11583789211045,0.0,0.4,-0.4,0.4,0.0,0.4,0.4,1.2,-0.7999999999999999,0.4,0.8,-0.4,1.2,1.4,0.19999999999999996,-0.8,-0.6,-0.20000000000000007,1,0,home_win
2022-23,2023-02-25,Leicester City FC,Arsenal,1506.936687200929,1675.9046239814647,-103.96793678053564,0.4,0.4,0.0,0.2,0.2,0.0,1.4,1.4,0.0,2.0,1.8,0.19999999999999996,2.0,1.8,-0.19999999999999996,0.0,0.0,0.0,0,1,away_win
2022-23,2023-02-25,West Ham United FC,Nottingham Forest,1455.6248727551679,1469.6613473138955,50.963525441272395,0.2,0.4,-0.2,0.4,0.4,0.0,1.0,1.6,-0.6000000000000001,0.8,1.0,-0.19999999999999996,1.0,0.8,-0.19999999999999996,-0.2,0.2,-0.4,4,0,home_win
2022-23,2023-02-26,Tottenham Hotspur,Chelsea,1590.975799543392,1546.8845404199883,109.09125912340369,0.6,0.2,0.39999999999999997,0.0,0.6,-0.6,1.8,1.2,0.6000000000000001,1.4,0.4,0.9999999999999999,1.6,0.4,-1.2000000000000002,-0.2,0.0,-0.2,2,0,home_win
2022-23,2023-03-01,Arsenal,Everton,1682.9984198592294,1395.093870764671,352.90454909455843,0.4,0.4,0.0,0.2,0.0,0.2,1.4,1.2,0.19999999999999996,1.4,0.4,0.9999999999999999,1.4,1.2,-0.19999999999999996,0.0,-0.8,0.8,4,0,home_win
2022-23,2023-03-01,Liverpool,Wolverhampton Wanderers FC,1630.543080460038,1446.0872093099383,249.4558711500997,0.4,0.4,0.0,0.4,0.2,0.2,1.6,1.4,0.20000000000000018,0.8,1.2,-0.3999999999999999,0.6,1.2,0.6,0.2,0.0,0.2,2,0,home_win
2022-23,2023-03-04,Arsenal,Bournemouth,1687.3460554449525,1430.318340125217,322.02771531973553,0.6,0.2,0.39999999999999997,0.2,0.4,-0.2,2.0,1.0,1.0,2.2,0.8,1.4000000000000001,1.2,1.4,0.19999999999999996,1.0,-0.6,1.6,3,2,home_win
2022-23,2023-03-04,Aston Villa,Crystal Palace,1491.1814408456914,1478.2289015823117,77.95253926337978,0.4,0.0,0.4,0.0,0.8,-0.8,1.2,0.8,0.3999999999999999,1.6,0.6,1.0,2.2,0.8,-1.4000000000000001,-0.6,-0.2,-0.39999999999999997,1,0,home_win
2022-23,2023-03-04,Brighton & Hove Albion,West Ham United FC,1555.214332265373,1471.644089961909,148.57024230346406,0.4,0.4,0.0,0.4,0.4,0.0,1.6,1.6,0.0,1.4,1.6,-0.20000000000000018,0.8,0.8,0.0,0.6,0.8,-0.20000000000000007,4,0,home_win
2022-23,2023-03-04,Chelsea,Leeds United,1536.4454776085836,1423.6290969506936,177.81638065789002,0.0,0.2,-0.2,0.6,0.2,0.39999999999999997,0.6,0.8,-0.20000000000000007,0.2,0.6,-0.39999999999999997,0.8,1.2,0.3999999999999999,-0.6,-0.6,0.0,1,0,home_win
2022-23,2023-03-04,Manchester City,Newcastle United,1739.615699654065,1593.1607387856,211.45496086846515,0.6,0.2,0.39999999999999997,0.2,0.6,-0.39999999999999997,2.0,1.2,0.8,2.2,0.6,1.6,1.0,0.8,-0.19999999999999996,1.2,-0.2,1.4,2,0,home_win
2022-23,2023-03-04,Southampton FC,Leicester City FC,1373.1749979057927,1499.8428913231644,-61.667893417371715,0.2,0.4,-0.2,0.0,0.2,-0.2,0.6,1.4,-0.7999999999999999,0.4,2.0,-1.6,1.4,1.8,0.40000000000000013,-1.0,0.2,-1.2,1,0,home_win
2022-23,2023-03-04,Wolverhampton Wanderers FC,Tottenham Hotspur,1440.3221660452662,1601.4148623547967,-96.09269630953054,0.4,0.8,-0.4,0.2,0.0,0.2,1.4,2.4,-1.0,1.2,1.4,-0.19999999999999996,1.0,0.8,-0.19999999999999996,0.2,0.6,-0.39999999999999997,1,0,home_win
2022-23,2023-03-05,Liverpool,Manchester United,1636.3081237247102,1618.4718370573364,82.83628666737377,0.6,0.6,0.0,0.2,0.2,0.0,2.0,2.0,0.0,1.2,2.2,-1.0000000000000002,0.6,1.2,0.6,0.6,1.0,-0.4,7,0,home_win
2022-23,2023-03-05,Nottingham Forest,Everton,1453.6421301071543,1390.746235178948,127.89589492820642,0.2,0.4,-0.2,0.4,0.0,0.4,1.0,1.2,-0.19999999999999996,0.6,0.4,0.19999999999999996,1.6,1.6,0.0,-1.0,-1.2,0.19999999999999996,2,2,draw
2022-23,2023-03-06,Brentford,Fulham,1549.0936550252043,1512.7647456288987,101.32890939630556,0.4,0.4,0.0,0.6,0.4,0.19999999999999996,1.8,1.6,0.19999999999999996,1.4,0.8,0.5999999999999999,0.4,0.4,0.0,1.0,0.4,0.6,3,2,home_win
2022-23,2023-03-11,Bournemouth,Liverpool,1427.609653877044,1653.5430177850042,-160.93336390796026,0.2,0.8,-0.6000000000000001,0.2,0.2,0.0,0.8,2.6,-1.8,1.0,2.6,-1.6,1.8,0.0,-1.8,-0.8,2.6,-3.4000000000000004,1,0,home_win
2022-23,2023-03-11,Crystal Palace,Manchester City,1470.4356505556918,1746.4684144906075,-211.0327639349157,0.0,0.8,-0.8,0.6,0.2,0.39999999999999997,0.6,2.6,-2.0,0.6,2.6,-2.0,1.0,0.8,-0.19999999999999996,-0.4,1.8,-2.2,0,1,away_win
2022-23,2023-03-11,Everton,Brentford,1394.269644444676,1556.257145353546,-96.98750090887006,0.2,0.4,-0.2,0.2,0.6,-0.39999999999999997,0.8,1.8,-1.0,0.6,1.6,-1.0,2.0,0.8,-1.2,-1.4,0.8,-2.2,1,0,home_win
2022-23,2023-03-11,Leeds United,Brighton & Hove Albion,1418.3425360074848,1566.4018947888376,-83.05935878135278,0.2,0.4,-0.2,0.2,0.4,-0.2,0.8,1.6,-0.8,0.6,1.6,-1.0,1.2,0.8,-0.3999999999999999,-0.6,0.8,-1.4,2,2,draw
2022-23,2023-03-11,Leicester City FC,Chelsea,1488.086354194479,1541.7320385517924,11.354315642686743,0.4,0.2,0.2,0.0,0.4,-0.4,1.2,1.0,0.19999999999999996,1.6,0.4,1.2000000000000002,1.6,0.8,-0.8,0.0,-0.4,0.4,1,3,away_win
2022-23,2023-03-11,Tottenham Hotspur,Nottingham Forest,1588.7175215768114,1450.1187208414262,203.5988007353851,0.6,0.2,0.39999999999999997,0.0,0.4,-0.4,1.8,1.0,0.8,1.2,0.8,0.3999999999999999,1.0,1.8,0.8,0.2,-1.0,1.2,3,1,home_win
2022-23,2023-03-12,Fulham,Arsenal,1505.6012553005569,1690.0547416931256,-119.45348639256872,0.4,0.8,-0.4,0.4,0.0,0.4,1.6,2.4,-0.7999999999999998,1.2,2.6,-1.4000000000000001,0.8,1.4,0.5999999999999999,0.4,1.2,-0.7999999999999999,0,3,away_win
2022-23,2023-03-12,Manchester United,Southampton FC,1601.2369429970424,1384.931535034478,281.30540796256446,0.6,0.4,0.19999999999999996,0.2,0.0,0.2,2.0,1.2,0.8,1.8,0.6,1.2000000000000002,2.0,1.2,-0.8,-0.2,-0.6,0.39999999999999997,0,0,draw
2022-23,2023-03-12,Newcastle United,Wolverhampton Wanderers FC,1586.3080239490575,1453.0195068232515,198.28851712580604,0.0,0.4,-0.4,0.6,0.2,0.39999999999999997,0.6,1.4,-0.7999999999999999,0.4,0.8,-0.4,1.2,1.0,-0.19999999999999996,-0.8,-0.2,-0.6000000000000001,2,1,home_win
2022-23,2023-03-12,West Ham United FC,Aston Villa,1460.4565274384445,1498.9746918723113,26.481835566133213,0.2,0.4,-0.2,0.4,0.0,0.4,1.0,1.2,-0.19999999999999996,1.2,1.6,-0.40000000000000013,1.6,2.2,0.6000000000000001,-0.4,-0.6,0.19999999999999996,1,1,draw
2022-23,2023-03-15,Brighton & Hove Albion,Crystal Palace,1564.0557796622613,1465.8586014977293,163.19717816453203,0.4,0.0,0.4,0.4,0.6,-0.19999999999999996,1.6,0.6,1.0,1.6,0.4,1.2000000000000002,0.8,0.8,0.0,0.8,-0.4,1.2000000000000002,1,0,home_win
2022-23,2023-03-15,Southampton FC,Brentford,1391.6255729041472,1543.535940469755,-86.91036756560766,0.4,0.4,0.0,0.2,0.4,-0.2,1.4,1.6,-0.20000000000000018,0.6,1.6,-1.0,0.6,1.0,0.4,0.0,0.6,-0.6,0,2,away_win
2022-23,2023-03-17,Nottingham Forest,Newcastle United,1443.0239591452191,1591.1491437319285,-83.12518458670934,0.0,0.2,-0.2,0.4,0.4,0.0,0.4,1.0,-0.6,0.8,0.8,0.0,2.4,1.4,-1.0,-1.6,-0.6,-1.0,1,2,away_win
2022-23,2023-03-18,Aston Villa,Bournemouth,1499.7354277452723,1441.9365690282054,122.79885871706688,0.4,0.4,0.0,0.2,0.2,0.0,1.4,1.4,0.0,1.4,1.2,0.19999999999999996,1.6,1.6,0.0,-0.2,-0.4,0.2,3,0,home_win
2022-23,2023-03-18,Brentford,Leicester City FC,1554.8600717182037,1472.5963234224735,147.26374829573024,0.4,0.2,0.2,0.4,0.0,0.4,1.6,0.6,1.0,1.4,1.0,0.3999999999999999,1.0,1.8,0.8,0.4,-0.8,1.2000000000000002,1,1,draw
2022-23,2023-03-18,Chelsea,Everton,1557.222069323798,1406.9908493284672,215.23121999533078,0.4,0.4,0.0,0.2,0.2,0.0,1.4,1.4,0.0,1.0,0.8,0.19999999999999996,1.0,1.6,0.6000000000000001,0.0,-0.8,0.8,2,2,draw
2022-23,2023-03-18,Southampton FC,Tottenham Hotspur,1380.3014416556985,1595.8122832730185,-150.51084161732,0.4,0.6,-0.19999999999999996,0.2,0.0,0.2,1.4,1.8,-0.40000000000000013,0.4,1.6,-1.2000000000000002,0.6,1.2,0.6,-0.2,0.4,-0.6000000000000001,3,3,draw
2022-23,2023-03-18,Wolverhampton Wanderers FC,Leeds United,1448.1783870403806,1420.688651134061,92.48973590631954,0.2,0.2,0.0,0.2,0.2,0.0,0.8,0.8,0.0,0.6,0.6,0.0,1.2,1.2,0.0,-0.6,-0.6,0.0,2,4,away_win
2022-23,2023-03-19,Arsenal,Crystal Palace,1701.764362713166,1460.2383258548894,306.5260368582767,1.0,0.0,1.0,0.0,0.4,-0.4,3.0,0.4,2.6,3.0,0.2,2.8,0.8,0.8,0.0,2.2,-0.6,2.8000000000000003,4,1,home_win
2022-23,2023-04-01,Arsenal,Leeds United,1706.8823052399698,1439.5900280494257,332.29227719054416,1.0,0.4,0.6,0.0,0.2,-0.2,3.0,1.4,1.6,3.0,1.4,1.6,0.6,1.2,0.6,2.4,0.2,2.1999999999999997,4,1,home_win
2022-23,2023-04-01,Bournemouth,Fulham,1430.3765222077332,1493.8916342805164,1.4848879272167324,0.4,0.4,0.0,0.0,0.2,-0.2,1.2,1.4,-0.19999999999999996,1.0,1.2,-0.19999999999999996,2.0,1.4,-0.6000000000000001,-1.0,-0.2,-0.8,2,1,home_win
2022-23,2023-04-01,Brighton & Hove Albion,Brentford,1569.6760553051013,1550.8583061088912,83.81774919621012,0.4,0.4,0.0,0.4,0.4,0.0,1.6,1.6,0.0,1.6,1.4,0.20000000000000018,0.8,1.0,0.19999999999999996,0.8,0.4,0.4,3,3,draw
2022-23,2023-04-01,Chelsea,Aston Villa,1551.714374053911,1511.2954745657446,105.41889948816629,0.4,0.6,-0.19999999999999996,0.2,0.2,0.0,1.4,2.0,-0.6000000000000001,1.2,1.8,-0.6000000000000001,1.2,1.0,-0.19999999999999996,0.0,0.8,-0.8,0,2,away_win
2022-23,2023-04-01,Crystal Palace,Leicester City FC,1455.1203833280856,1476.598089031786,43.522294296299606,0.0,0.0,0.0,0.2,0.2,0.0,0.2,0.2,0.0,0.2,0.4,-0.2,1.4,1.8,0.40000000000000013,-1.2,-1.4,0.19999999999999996,2,1,home_win
2022-23,2023-04-01,Manchester City,Liverpool,1751.04546354857,1639.2161026338426,176.82936091472743,0.8,0.6,0.20000000000000007,0.2,0.2,0.0,2.6,2.0,0.6000000000000001,2.2,2.2,0.0,0.6,0.2,-0.39999999999999997,1.6,2.0,-0.3999999999999999,4,1,home_win
2022-23,2023-04-01,Nottingham Forest,Wolverhampton Wanderers FC,1435.371864526492,1429.277010125016,71.09485440147591,0.0,0.2,-0.2,0.4,0.2,0.2,0.4,0.8,-0.4,1.0,1.0,0.0,2.4,1.8,-0.5999999999999999,-1.4,-0.8,-0.5999999999999999,1,1,draw
2022-23,2023-04-02,Newcastle United,Manchester United,1598.8012383506557,1594.5429051273732,69.25833322328253,0.4,0.4,0.0,0.2,0.4,-0.2,1.4,1.6,-0.20000000000000018,1.0,1.4,-0.3999999999999999,1.4,1.8,0.40000000000000013,-0.4,-0.4,0.0,2,0,home_win
2022-23,2023-04-02,West Ham United FC,Southampton FC,1459.6957915654834,1384.3814047665421,140.3143867989413,0.2,0.2,0.0,0.4,0.4,0.0,1.0,1.0,0.0,1.2,0.8,0.3999999999999999,1.6,1.2,-0.40000000000000013,-0.4,-0.4,0.0,1,0,home_win
2022-23,2023-04-03,Everton,Tottenham Hotspur,1412.4985445983543,1591.7323201621748,-114.23377556382047,0.2,0.6,-0.39999999999999997,0.4,0.2,0.2,1.0,2.0,-1.0,1.0,2.0,-1.0,2.0,1.0,-1.0,-1.0,1.0,-2.0,1,1,draw
2022-23,2023-04-04,Bournemouth,Brighton & Hove Albion,1440.3337839578742,1567.3093240200665,-61.975540062192294,0.4,0.4,0.0,0.0,0.4,-0.4,1.2,1.6,-0.40000000000000013,1.2,2.0,-0.8,2.2,1.2,-1.0000000000000002,-1.0,0.8,-1.8,0,2,away_win
2022-23,2023-04-04,Chelsea,Liverpool,1532.2977854809278,1629.925898983277,-32.62811350234915,0.4,0.4,0.0,0.2,0.2,0.0,1.4,1.4,0.0,1.2,2.0,-0.8,1.4,1.0,-0.3999999999999999,-0.2,1.0,-1.2,0,0,draw
2022-23,2023-04-04,Leeds United,Nottingham Forest,1435.086806880576,1433.3536805352915,66.73312634528452,0.4,0.0,0.4,0.2,0.4,-0.2,1.4,0.4,0.9999999999999999,1.6,1.0,0.6000000000000001,1.8,2.4,0.5999999999999999,-0.2,-1.4,1.2,2,1,home_win
2022-23,2023-04-04,Leicester City FC,Aston Villa,1467.8442499637945,1530.7120631387277,2.1321868250668103,0.0,0.8,-0.8,0.2,0.2,0.0,0.2,2.6,-2.4,0.6,1.8,-1.2000000000000002,1.6,0.2,-1.4000000000000001,-1.0,1.6,-2.6,1,2,away_win
2022-23,2023-04-05,Manchester United,Brentford,1582.494041097869,1553.225037393926,94.2690037039431,0.4,0.4,0.0,0.2,0.4,-0.2,1.4,1.6,-0.20000000000000018,1.0,1.8,-0.8,1.8,1.4,-0.40000000000000013,-0.8,0.4,-1.2000000000000002,1,0,home_win
2022-23,2023-04-05,West Ham United FC,Newcastle United,1465.8633461137717,1610.8501023801598,-79.98675626638806,0.4,0.6,-0.19999999999999996,0.2,0.0,0.2,1.4,1.8,-0.40000000000000013,1.2,1.2,0.0,1.4,1.2,-0.19999999999999996,-0.2,0.0,-0.2,1,5,away_win
2022-23,2023-04-08,Aston Villa,Nottingham Forest,1540.773431638298,1425.2511377186938,180.52229391960418,0.8,0.0,0.8,0.2,0.4,-0.2,2.6,0.4,2.2,1.8,1.2,0.6000000000000001,0.4,2.0,1.6,1.4,-0.8,2.2,2,0,home_win
2022-23,2023-04-08,Brentford,Newcastle United,1545.8736385135342,1625.3581497590765,-14.484511245542308,0.2,0.8,-0.6000000000000001,0.4,0.0,0.4,1.0,2.4,-1.4,1.2,2.2,-1.0000000000000002,1.2,1.0,-0.19999999999999996,0.0,1.2,-1.2,1,2,away_win
2022-23,2023-04-08,Fulham,West Ham United FC,1483.9343725303754,1451.355298734855,97.57907379552034,0.2,0.4,-0.2,0.2,0.2,0.0,0.8,1.4,-0.5999999999999999,1.0,1.4,-0.3999999999999999,1.8,2.0,0.19999999999999996,-0.8,-0.6,-0.20000000000000007,0,1,away_win
2022-23,2023-04-08,Leicester City FC,Bournemouth,1457.7828814642241,1427.9814600078682,94.80142145635591,0.0,0.4,-0.4,0.2,0.0,0.2,0.2,1.2,-1.0,0.8,1.0,-0.19999999999999996,1.8,1.8,0.0,-1.0,-0.8,-0.19999999999999996,0,1,away_win
2022-23,2023-04-08,Manchester United,Everton,1589.8454399782609,1415.672886905885,239.17255307237588,0.4,0.2,0.2,0.2,0.6,-0.39999999999999997,1.4,1.2,0.19999999999999996,0.8,1.2,-0.3999999999999999,1.8,1.8,0.0,-1.0,-0.6,-0.4,2,0,home_win
2022-23,2023-04-08,Southampton FC,Manchester City,1378.2138502182538,1760.3356671991357,-317.12181698088193,0.2,0.8,-0.6000000000000001,0.4,0.2,0.2,1.0,2.6,-1.6,0.8,2.4,-1.5999999999999999,1.2,0.6,-0.6,-0.4,1.8,-2.2,1,4,away_win
2022-23,2023-04-08,Tottenham Hotspur,Brighton & Hove Albion,1588.5579778546442,1579.6616479700724,73.89632988457174,0.4,0.6,-0.19999999999999996,0.4,0.4,0.0,1.6,2.2,-0.6000000000000001,1.8,2.4,-0.5999999999999999,1.2,1.0,-0.19999999999999996,0.6,1.4,-0.7999999999999999,2,1,home_win
2022-23,2023-04-08,Wolverhampton Wanderers FC,Chelsea,1431.2951941162164,1533.234147002967,-36.938952886750485,0.2,0.4,-0.2,0.2,0.4,-0.2,0.8,1.6,-0.8,1.0,1.2,-0.19999999999999996,1.8,1.0,-0.8,-0.8,0.2,-1.0,1,0,home_win
2022-23,2023-04-09,Leeds United,Crystal Palace,1443.1893496971736,1463.8742223960771,44.31512730109648,0.4,0.2,0.2,0.2,0.0,0.2,1.4,0.6,0.7999999999999999,1.8,0.6,1.2000000000000002,2.0,1.6,-0.3999999999999999,-0.2,-1.0,0.8,1,5,away_win
2022-23,2023-04-09,Liverpool,Arsenal,1628.989537461238,1711.3855264088195,-17.3959889475816,0.4,1.0,-0.6,0.2,0.0,0.2,1.4,3.0,-1.6,2.0,3.6,-1.6,1.0,0.8,-0.19999999999999996,1.0,2.8,-1.7999999999999998,2,2,draw
2022-23,2023-04-15,Aston Villa,Newcastle United,1548.612737706116,1634.9414933733096,-21.328755667193718,0.8,1.0,-0.19999999999999996,0.2,0.0,0.2,2.6,3.0,-0.3999999999999999,2.0,2.6,-0.6000000000000001,0.4,0.8,0.4,1.6,1.8,-0.19999999999999996,3,0,home_win
2022-23,2023-04-15,Chelsea,Brighton & Hove Albion,1522.1749464316365,1571.7570533361977,15.417893095438785,0.2,0.4,-0.2,0.4,0.4,0.0,1.0,1.6,-0.6000000000000001,1.0,1.8,-0.8,1.2,1.4,0.19999999999999996,-0.2,0.4,-0.6000000000000001,1,2,away_win
2022-23,2023-04-15,Everton,Fulham,1409.6271256730606,1471.1974089567348,3.4297167163258564,0.2,0.0,0.2,0.6,0.2,0.39999999999999997,1.2,0.2,1.0,1.2,0.8,0.3999999999999999,1.4,2.0,0.6000000000000001,-0.2,-1.2,1.0,1,3,away_win
2022-23,2023-04-15,Manchester City,Leicester City FC,1765.192800383942,1445.1200369292285,385.0727634547136,1.0,0.0,1.0,0.0,0.2,-0.2,3.0,0.2,2.8,3.0,0.8,2.2,0.6,1.8,1.2000000000000002,2.4,-1.0,3.4,3,1,home_win
2022-23,2023-04-15,Southampton FC,Crystal Palace,1373.3567170334475,1485.002884344288,-46.64616731084061,0.0,0.4,-0.4,0.4,0.0,0.4,0.4,1.2,-0.7999999999999999,0.8,1.6,-0.8,2.0,1.6,-0.3999999999999999,-1.2,0.0,-1.2,0,2,away_win
2022-23,2023-04-15,Tottenham Hotspur,Bournemouth,1596.4625724885188,1440.644304542864,220.81826794565495,0.4,0.6,-0.19999999999999996,0.4,0.0,0.4,1.6,1.8,-0.19999999999999996,1.8,0.8,1.0,1.4,1.2,-0.19999999999999996,0.4,-0.4,0.8,2,3,away_win
2022-23,2023-04-15,Wolverhampton Wanderers FC,Brentford,1442.3543946875468,1536.290294899301,-28.935900211754188,0.4,0.2,0.2,0.2,0.4,-0.2,1.4,1.0,0.3999999999999999,1.2,1.4,-0.19999999999999996,1.4,1.4,0.0,-0.2,0.0,-0.2,2,0,home_win
2022-23,2023-04-16,Nottingham Forest,Manchester United,1417.411831650876,1595.8912012110852,-113.4793695602093,0.0,0.4,-0.4,0.2,0.2,0.0,0.2,1.4,-1.2,0.8,0.6,0.20000000000000007,2.0,1.8,-0.19999999999999996,-1.2,-1.2,0.0,0,2,away_win
2022-23,2023-04-16,West Ham United FC,Arsenal,1464.0922623084957,1710.8852475904307,-181.792985281935,0.4,0.8,-0.4,0.2,0.2,0.0,1.4,2.6,-1.2000000000000002,0.8,3.2,-2.4000000000000004,2.0,1.2,-0.8,-1.2,2.0,-3.2,2,2,draw
2022-23,2023-04-17,Leeds United,Liverpool,1422.0606877489627,1629.4898162796267,-142.429128530664,0.4,0.2,0.2,0.2,0.4,-0.2,1.4,1.0,0.3999999999999999,2.0,2.0,0.0,2.8,1.4,-1.4,-0.8,0.6,-1.4,1,6,away_win
2022-23,2023-04-21,Arsenal,Southampton FC,1706.0832623082695,1360.3585803056415,410.724682002628,0.6,0.0,0.6,0.4,0.2,0.2,2.2,0.2,2.0,3.0,0.8,2.2,1.2,2.4,1.2,1.8,-1.6,3.4000000000000004,3,3,draw
2022-23,2023-04-22,Brentford,Aston Villa,1520.043912078949,1567.1856993201854,17.858212758763557,0.0,1.0,-1.0,0.4,0.0,0.4,0.4,3.0,-2.6,1.0,2.4,-1.4,1.8,0.2,-1.6,-0.8,2.2,-3.0,1,1,draw
2022-23,2023-04-22,Crystal Palace,Everton,1498.001021072094,1394.4790577091621,168.52196336293196,0.6,0.2,0.39999999999999997,0.0,0.4,-0.4,1.8,1.0,0.8,2.0,1.0,1.0,1.4,1.6,0.20000000000000018,0.6,-0.6,1.2,0,0,draw
2022-23,2023-04-22,Fulham,Leeds United,1486.3454769206332,1409.8291901016614,141.51628681897182,0.2,0.4,-0.2,0.0,0.0,0.0,0.6,1.2,-0.6,1.2,1.8,-0.6000000000000001,2.0,3.6,1.6,-0.8,-1.8,1.0,2,1,home_win
2022-23,2023-04-22,Leicester City FC,Wolverhampton Wanderers FC,1442.1720981940284,1458.6007775078988,48.57132068612964,0.0,0.4,-0.4,0.2,0.2,0.0,0.2,1.4,-1.2,0.8,1.4,-0.5999999999999999,1.8,1.4,-0.40000000000000013,-1.0,0.0,-1.0,2,1,home_win
2022-23,2023-04-22,Liverpool,Nottingham Forest,1641.721313926928,1407.1440365638648,299.5772773630631,0.2,0.0,0.2,0.4,0.2,0.2,1.0,0.2,0.8,1.8,0.6,1.2000000000000002,1.6,1.8,0.19999999999999996,0.2,-1.2,1.4,3,2,home_win
2022-23,2023-04-23,Bournemouth,West Ham United FC,1456.2630343091437,1468.894247590657,52.36878671848672,0.6,0.4,0.19999999999999996,0.0,0.4,-0.4,1.8,1.6,0.19999999999999996,1.2,1.2,0.0,1.6,1.6,0.0,-0.4,-0.4,0.0,0,4,away_win
2022-23,2023-04-23,Newcastle United,Tottenham Hotspur,1616.36853175924,1580.843842722239,100.52468903700105,0.8,0.4,0.4,0.0,0.4,-0.4,2.4,1.6,0.7999999999999998,2.2,2.2,0.0,1.2,1.8,0.6000000000000001,1.0,0.4,0.6,6,1,home_win
2022-23,2023-04-25,Aston Villa,Fulham,1567.6992478214975,1492.4835581608365,140.21568966066093,0.8,0.4,0.4,0.2,0.0,0.2,2.6,1.2,1.4000000000000001,2.0,1.2,0.8,0.4,1.6,1.2000000000000002,1.6,-0.4,2.0,1,0,home_win
2022-23,2023-04-25,Leeds United,Leicester City FC,1403.6911088614581,1450.7831399926636,17.90796886879457,0.2,0.2,0.0,0.0,0.0,0.0,0.6,0.6,0.0,1.2,1.0,0.19999999999999996,3.6,1.8,-1.8,-2.4,-0.8,-1.5999999999999999,1,1,draw
2022-23,2023-04-25,Wolverhampton Wanderers FC,Crystal Palace,1449.9897357092636,1493.4982707440884,21.491464965175282,0.4,0.6,-0.19999999999999996,0.2,0.2,0.0,1.4,2.0,-0.6000000000000001,1.4,2.0,-0.6000000000000001,1.4,1.2,-0.19999999999999996,0.0,0.8,-0.8,2,0,home_win
2022-23,2023-04-26,Chelsea,Brentford,1511.7314748608787,1519.530363577637,57.201111283241744,0.0,0.0,0.0,0.4,0.4,0.0,0.4,0.4,0.0,0.6,1.0,-0.4,1.4,1.8,0.40000000000000013,-0.8,-0.8,0.0,0,2,away_win
2022-23,2023-04-26,Manchester City,Arsenal,1768.1407391191422,1697.8019452835547,135.33879383558747,1.0,0.4,0.6,0.0,0.6,-0.6,3.0,1.8,1.2,2.8,3.0,-0.20000000000000018,0.6,1.8,1.2000000000000002,2.2,1.2,1.0000000000000002,4,1,home_win
2022-23,2023-04-26,Nottingham Forest,Brighton & Hove Albion,1404.1182016584737,1582.2005249069555,-113.08232324848177,0.0,0.6,-0.6,0.2,0.2,0.0,0.2,2.0,-1.8,0.8,1.8,-1.0,2.0,1.2,-0.8,-1.2,0.6,-1.7999999999999998,3,1,home_win
2022-23,2023-04-26,West Ham United FC,Liverpool,1490.4492151582938,1644.747148832319,-89.29793367402522,0.6,0.4,0.19999999999999996,0.2,0.4,-0.2,2.0,1.6,0.3999999999999999,1.8,2.4,-0.5999999999999999,1.4,1.8,0.40000000000000013,0.4,0.6,-0.19999999999999996,1,2,away_win
2022-23,2023-04-27,Everton,Newcastle United,1398.9818080371679,1630.7381101851845,-166.75630214801663,0.0,0.8,-0.8,0.6,0.0,0.6,0.6,2.4,-1.7999999999999998,0.8,3.0,-2.2,1.6,1.2,-0.40000000000000013,-0.8,1.8,-2.6,1,4,away_win
2022-23,2023-04-27,Southampton FC,Bournemouth,1368.6398973303562,1434.7080667415069,-1.0681694111506204,0.0,0.6,-0.6,0.4,0.0,0.4,0.4,1.8,-1.4,1.4,1.2,0.19999999999999996,2.6,1.8,-0.8,-1.2,-0.6,-0.6,0,1,away_win
2022-23,2023-04-27,Tottenham Hotspur,Manchester United,1566.4742642962947,1606.1589962980963,25.31526799819835,0.2,0.6,-0.39999999999999997,0.4,0.2,0.2,1.0,2.0,-1.0,1.8,1.0,0.8,2.8,0.4,-2.4,-1.0,0.6,-1.6,2,2,draw
2022-23,2023-04-29,Brentford,Nottingham Forest,1536.9778602368349,1423.8349652368931,178.14289499994175,0.2,0.2,0.0,0.2,0.0,0.2,0.8,0.6,0.20000000000000007,0.8,1.2,-0.3999999999999999,1.2,2.0,0.8,-0.4,-0.8,0.4,2,1,home_win
2022-23,2023-04-29,Brighton & Hove Albion,Wolverhampton Wanderers FC,1562.483761328536,1464.0630562093056,163.42070511923043,0.4,0.6,-0.19999999999999996,0.2,0.2,0.0,1.4,2.0,-0.6000000000000001,1.8,1.4,0.40000000000000013,1.8,0.6,-1.2000000000000002,0.0,0.8,-0.8,6,0,home_win
2022-23,2023-04-29,Crystal Palace,West Ham United FC,1479.4249502440464,1482.9642775468556,61.46067269719083,0.6,0.4,0.19999999999999996,0.2,0.2,0.0,2.0,1.4,0.6000000000000001,1.8,1.8,0.0,0.8,1.8,1.0,1.0,0.0,1.0,4,3,home_win
2022-23,2023-04-30,Bournemouth,Leeds United,1444.6773224513372,1403.1761320515911,106.50119039974606,0.6,0.2,0.39999999999999997,0.0,0.2,-0.2,1.8,0.8,1.0,1.0,1.2,-0.19999999999999996,1.6,3.0,1.4,-0.6,-1.8,1.2000000000000002,4,1,home_win
2022-23,2023-04-30,Fulham,Manchester City,1486.313579853184,1779.148931065368,-227.83535121218415,0.4,1.0,-0.6,0.0,0.0,0.0,1.2,3.0,-1.8,1.2,3.2,-2.0,1.2,0.8,-0.3999999999999999,0.0,2.4,-2.4,1,2,away_win
2022-23,2023-04-30,Liverpool,Tottenham Hotspur,1652.2320864437572,1565.7469190267302,151.48516741702701,0.6,0.2,0.39999999999999997,0.4,0.4,0.0,2.2,1.0,1.2000000000000002,2.6,1.6,1.0,1.2,2.6,1.4000000000000001,1.4,-1.0,2.4,4,3,home_win
2022-23,2023-04-30,Manchester United,Aston Villa,1606.8863415676608,1573.86922612915,98.0171154385107,0.6,0.8,-0.20000000000000007,0.2,0.2,0.0,2.0,2.6,-0.6000000000000001,1.4,1.8,-0.40000000000000013,0.8,0.4,-0.4,0.6,1.4,-0.7999999999999999,1,0,home_win
2022-23,2023-04-30,Newcastle United,Southampton FC,1640.4293625010596,1358.6706416205259,346.7587208805337,0.8,0.0,0.8,0.0,0.2,-0.2,2.4,0.2,2.1999999999999997,3.4,0.8,2.5999999999999996,1.4,2.2,0.8000000000000003,2.0,-1.4,3.4,3,1,home_win
2022-23,2023-05-01,Leicester City FC,Everton,1451.2981168025306,1389.2905557212928,127.00756108123778,0.2,0.0,0.2,0.2,0.4,-0.2,0.8,0.4,0.4,1.0,0.6,0.4,1.6,2.0,0.3999999999999999,-0.6,-1.4,0.7999999999999999,2,2,draw
2022-23,2023-05-02,Arsenal,Chelsea,1686.7937533373288,1494.2839782016808,257.50977513564794,0.2,0.0,0.2,0.6,0.2,0.39999999999999997,1.2,0.2,1.0,2.4,0.2,2.1999999999999997,2.4,1.4,-1.0,0.0,-1.2,1.2,3,1,home_win
2022-23,2023-05-03,Liverpool,Fulham,1658.1287748815985,1482.0689468553196,241.05982802627886,0.8,0.4,0.4,0.2,0.0,0.2,2.6,1.2,1.4000000000000001,3.4,1.2,2.2,1.8,1.2,-0.6000000000000001,1.6,0.0,1.6,1,0,home_win
2022-23,2023-05-03,Manchester City,West Ham United FC,1783.3935640632324,1474.7150338024387,373.67853026079365,1.0,0.4,0.6,0.0,0.2,-0.2,3.0,1.4,1.6,3.4,2.2,1.1999999999999997,1.0,1.6,0.6000000000000001,2.4,0.6,1.7999999999999998,3,0,home_win
2022-23,2023-05-04,Brighton & Hove Albion,Manchester United,1574.4158011901393,1614.1377186219172,25.27808256822209,0.6,0.8,-0.20000000000000007,0.0,0.2,-0.2,1.8,2.6,-0.8,2.4,1.6,0.7999999999999998,1.2,0.4,-0.7999999999999999,1.2,1.2,0.0,1,0,home_win
2022-23,2023-05-06,Bournemouth,Chelsea,1456.9748936624387,1488.7317756547948,33.24311800764394,0.8,0.0,0.8,0.0,0.2,-0.2,2.4,0.2,2.1999999999999997,1.8,0.4,1.4,1.4,1.6,0.20000000000000018,0.4,-1.2,1.6,1,3,away_win
2022-23,2023-05-06,Liverpool,Brentford,1662.1244324741024,1542.2571144520377,184.86731802206464,1.0,0.4,0.6,0.0,0.2,-0.2,3.0,1.4,1.6,3.2,1.2,2.0,1.4,1.2,-0.19999999999999996,1.8,0.0,1.8,1,0,home_win
2022-23,2023-05-06,Manchester City,Leeds United,1787.0416701212157,1390.8785608404896,461.1631092807261,1.0,0.0,1.0,0.0,0.2,-0.2,3.0,0.2,2.8,3.2,1.0,2.2,0.8,3.6,2.8,2.4,-2.6,5.0,2,1,home_win
2022-23,2023-05-06,Tottenham Hotspur,Crystal Palace,1559.850230588889,1487.6741939884632,137.17603660042573,0.2,0.6,-0.39999999999999997,0.2,0.2,0.0,0.8,2.0,-1.2,2.0,2.2,-0.20000000000000018,3.2,1.2,-2.0,-1.2,1.0,-2.2,1,0,home_win
2022-23,2023-05-06,Wolverhampton Wanderers FC,Aston Villa,1452.1310163477024,1566.6178490748937,-49.48683272719131,0.6,0.6,0.0,0.0,0.2,-0.2,1.8,2.0,-0.19999999999999996,1.2,1.4,-0.19999999999999996,1.6,0.4,-1.2000000000000002,-0.4,1.0,-1.4,1,0,home_win
2022-23,2023-05-07,Newcastle United,Arsenal,1644.0177411228533,1692.3459558842148,16.67178523863845,0.8,0.2,0.6000000000000001,0.0,0.6,-0.6,2.4,1.2,1.2,3.0,2.2,0.7999999999999998,1.4,2.4,1.0,1.6,-0.2,1.8,0,2,away_win
2022-23,2023-05-07,West Ham United FC,Manchester United,1471.0669277444554,1604.8639992626177,-68.79707151816228,0.2,0.6,-0.39999999999999997,0.2,0.2,0.0,0.8,2.0,-1.2,2.0,1.4,0.6000000000000001,2.2,0.6,-1.6,-0.2,0.8,-1.0,1,0,home_win
2022-23,2023-05-08,Brighton & Hove Albion,Everton,1583.6895205494388,1392.7915506946931,255.89796985474572,0.6,0.0,0.6,0.0,0.4,-0.4,1.8,0.4,1.4,2.2,0.8,1.4000000000000001,1.2,2.2,1.0000000000000002,1.0,-1.4,2.4,1,5,away_win
2022-23,2023-05-08,Fulham,Leicester City FC,1478.0732892628157,1447.7971218291302,95.27616743368549,0.4,0.2,0.2,0.0,0.4,-0.4,1.2,1.0,0.19999999999999996,1.2,1.2,0.0,1.2,1.6,0.40000000000000013,0.0,-0.4,0.4,5,3,home_win
2022-23,2023-05-08,Nottingham Forest,Southampton FC,1418.5557110216903,1355.0822629987322,128.4734480229581,0.2,0.0,0.2,0.0,0.2,-0.2,0.6,0.2,0.39999999999999997,1.2,1.0,0.19999999999999996,2.0,2.6,0.6000000000000001,-0.8,-1.6,0.8,4,3,home_win
2022-23,2023-05-13,Aston Villa,Tottenham Hotspur,1555.2030581894958,1566.0951125127613,54.107945676734516,0.4,0.2,0.2,0.2,0.2,0.0,1.4,0.8,0.5999999999999999,1.0,1.8,-0.8,0.6,3.0,2.4,0.4,-1.2,1.6,2,1,home_win
2022-23,2023-05-13,Chelsea,Nottingham Forest,1505.1626326279538,1425.0177506645882,145.1448819633656,0.2,0.4,-0.2,0.0,0.0,0.0,0.6,1.2,-0.6,1.0,2.0,-1.0,1.8,2.2,0.40000000000000013,-0.8,-0.2,-0.6000000000000001,2,2,draw
2022-23,2023-05-13,Crystal Palace,Bournemouth,1481.429312064591,1440.5440366892797,105.88527537531127,0.4,0.6,-0.19999999999999996,0.2,0.0,0.2,1.4,1.8,-0.40000000000000013,1.2,1.8,-0.6000000000000001,1.2,2.0,0.8,0.0,-0.2,0.2,2,0,home_win
2022-23,2023-05-13,Leeds United,Newcastle United,1389.5645235088332,1628.2985142370012,-173.733990728168,0.0,0.6,-0.6,0.2,0.0,0.2,0.2,1.8,-1.6,1.0,2.6,-1.6,3.0,1.6,-1.4,-2.0,1.0,-3.0,2,2,draw
2022-23,2023-05-13,Manchester United,Wolverhampton Wanderers FC,1592.9093408995807,1463.5458072331003,194.3635336664804,0.4,0.6,-0.19999999999999996,0.2,0.0,0.2,1.4,1.8,-0.40000000000000013,1.0,1.2,-0.19999999999999996,0.8,1.6,0.8,0.2,-0.4,0.6000000000000001,2,0,home_win
2022-23,2023-05-13,Southampton FC,Fulham,1348.6202233558342,1489.0599863160646,-75.43976296023038,0.0,0.4,-0.4,0.2,0.0,0.2,0.2,1.2,-1.0,1.4,1.6,-0.20000000000000018,2.6,1.6,-1.0,-1.2,0.0,-1.2,0,2,away_win
2022-23,2023-05-14,Arsenal,Brighton & Hove Albion,1708.065182770067,1553.1824033008502,219.88277946921676,0.4,0.6,-0.19999999999999996,0.4,0.0,0.4,1.6,1.8,-0.19999999999999996,2.2,2.2,0.0,2.0,1.8,-0.19999999999999996,0.2,0.4,-0.2,0,3,away_win
2022-23,2023-05-14,Brentford,West Ham United FC,1537.1268921803708,1483.0215861074923,119.10530607287842,0.4,0.4,0.0,0.2,0.0,0.2,1.4,1.2,0.19999999999999996,1.0,1.8,-0.8,1.0,1.8,0.8,0.0,0.0,0.0,2,0,home_win
2022-23,2023-05-14,Everton,Manchester City,1423.2986679432818,1788.3557074528721,-300.05703950959037,0.2,1.0,-0.8,0.4,0.0,0.4,1.0,3.0,-2.0,1.8,2.8,-0.9999999999999998,2.0,0.8,-1.2,-0.2,2.0,-2.2,0,3,away_win
2022-23,2023-05-15,Leicester City FC,Liverpool,1436.8104247758813,1667.2546547457694,-165.44422996988806,0.2,1.0,-0.8,0.4,0.0,0.4,1.0,3.0,-2.0,1.8,2.2,-0.40000000000000013,2.4,1.2,-1.2,-0.6,1.0,-1.6,0,3,away_win
2022-23,2023-05-18,Newcastle United,Brighton & Hove Albion,1623.6769760185998,1580.4828876870156,108.19408833158423,0.6,0.6,0.0,0.2,0.0,0.2,2.0,1.8,0.19999999999999996,3.0,2.4,0.6000000000000001,1.4,1.6,0.20000000000000018,1.6,0.8,0.8,4,1,home_win
2022-23,2023-05-20,Bournemouth,Manchester United,1429.9790074527648,1600.296100503327,-105.31709305056211,0.4,0.4,0.0,0.0,0.2,-0.2,1.2,1.4,-0.19999999999999996,1.2,1.0,0.19999999999999996,2.0,0.8,-1.2,-0.8,0.2,-1.0,0,1,away_win
2022-23,2023-05-20,Fulham,Crystal Palace,1500.8532283466197,1491.9943413011058,73.85888704551394,0.4,0.4,0.0,0.0,0.2,-0.2,1.2,1.4,-0.19999999999999996,1.6,1.2,0.40000000000000013,1.4,1.2,-0.19999999999999996,0.2,0.0,0.2,2,2,draw
2022-23,2023-05-20,Liverpool,Aston Villa,1676.9989254250013,1563.6581757530073,178.340749671994,1.0,0.4,0.6,0.0,0.2,-0.2,3.0,1.4,1.6,2.2,0.8,1.4000000000000001,0.8,0.8,0.0,1.4,0.0,1.4,1,1,draw
2022-23,2023-05-20,Nottingham Forest,Arsenal,1428.9681720851,1680.7646983839015,-186.7965262988016,0.4,0.4,0.0,0.2,0.2,0.0,1.4,1.4,0.0,2.4,1.8,0.5999999999999999,2.2,2.2,0.0,0.2,-0.4,0.6000000000000001,1,0,home_win
2022-23,2023-05-20,Tottenham Hotspur,Brentford,1557.6399949492497,1547.17710105427,75.46289389497974,0.2,0.6,-0.39999999999999997,0.2,0.2,0.0,0.8,2.0,-1.2,1.6,1.4,0.20000000000000018,2.8,0.6,-2.1999999999999997,-1.2,0.8,-2.0,1,3,away_win
2022-23,2023-05-20,Wolverhampton Wanderers FC,Everton,1456.159047629354,1418.0158563842504,103.14319124510371,0.4,0.2,0.2,0.0,0.4,-0.4,1.2,1.0,0.19999999999999996,0.8,1.6,-0.8,2.0,2.0,0.0,-1.2,-0.4,-0.7999999999999999,1,1,draw
2022-23,2023-05-21,Brighton & Hove Albion,Southampton FC,1568.2629372616136,1336.8269813252791,296.4359559363345,0.6,0.0,0.6,0.0,0.2,-0.2,1.8,0.2,1.6,2.4,1.4,1.0,1.8,2.6,0.8,0.6,-1.2,1.7999999999999998,3,1,home_win
2022-23,2023-05-21,Manchester City,Chelsea,1793.6385190119036,1501.2122112074421,357.42630780446143,1.0,0.2,0.8,0.0,0.2,-0.2,3.0,0.8,2.2,2.8,1.4,1.4,0.6,2.0,1.4,2.2,-0.6,2.8000000000000003,1,0,home_win
2022-23,2023-05-21,West Ham United FC,Leeds United,1472.971377233593,1394.1860617272346,143.78531550635853,0.2,0.0,0.2,0.0,0.4,-0.4,0.6,0.4,0.19999999999999996,1.0,1.2,-0.19999999999999996,2.2,2.2,0.0,-1.2,-1.0,-0.19999999999999996,3,1,home_win
2022-23,2023-05-22,Newcastle United,Leicester City FC,1635.8969264440018,1427.0661540966494,273.8307723473524,0.6,0.2,0.39999999999999997,0.2,0.4,-0.2,2.0,1.0,1.0,2.6,1.6,1.0,1.4,2.4,1.0,1.2,-0.8,2.0,0,0,draw
2022-23,2023-05-24,Brighton & Hove Albion,Manchester City,1572.8717864307791,1795.904431244525,-158.03264481374595,0.6,1.0,-0.4,0.0,0.0,0.0,1.8,3.0,-1.2,1.8,2.2,-0.40000000000000013,2.0,0.4,-1.6,-0.2,1.8,-2.0,1,1,draw
2022-23,2023-05-25,Manchester United,Chelsea,1607.354384542723,1498.9462989748206,173.4080855679024,0.6,0.2,0.39999999999999997,0.0,0.2,-0.2,1.8,0.8,1.0,0.8,1.2,-0.3999999999999999,0.4,1.8,1.4,0.4,-0.6,1.0,4,1,home_win
2022-23,2023-05-28,Arsenal,Wolverhampton Wanderers FC,1665.8526763419375,1453.274591630545,277.5780847113924,0.4,0.4,0.0,0.0,0.2,-0.2,1.2,1.4,-0.19999999999999996,1.2,0.8,0.3999999999999999,1.8,1.8,0.0,-0.6,-1.0,0.4,5,0,home_win
2022-23,2023-05-28,Aston Villa,Brighton & Hove Albion,1568.3833459707334,1577.1305987843687,56.252747186364786,0.4,0.4,0.0,0.2,0.2,0.0,1.4,1.4,0.0,0.8,1.8,-1.0,0.8,2.2,1.4000000000000001,0.0,-0.4,0.4,2,1,home_win
2022-23,2023-05-28,Brentford,Manchester City,1565.3848120113698,1791.6456188909356,-161.26080687956573,0.8,0.8,0.0,0.0,0.2,-0.2,2.4,2.6,-0.20000000000000018,1.8,2.0,-0.19999999999999996,0.6,0.4,-0.19999999999999996,1.2,1.6,-0.40000000000000013,1,0,home_win
2022-23,2023-05-28,Chelsea,Newcastle United,1489.5210758595842,1629.3233386096808,-74.80226275009659,0.2,0.4,-0.2,0.2,0.4,-0.2,0.8,1.6,-0.8,1.4,1.8,-0.40000000000000013,2.2,1.2,-1.0000000000000002,-0.8,0.6,-1.4,1,1,draw
2022-23,2023-05-28,Crystal Palace,Nottingham Forest,1494.0887162708857,1443.880194127064,115.20852214382171,0.4,0.6,-0.19999999999999996,0.2,0.2,0.0,1.4,2.0,-0.6000000000000001,1.6,2.2,-0.6000000000000001,1.6,1.6,0.0,0.0,0.6,-0.6,1,1,draw
2022-23,2023-05-28,Everton,Bournemouth,1420.9003123830594,1422.9207234133687,62.97958896969067,0.2,0.4,-0.2,0.4,0.0,0.4,1.0,1.2,-0.19999999999999996,1.8,1.2,0.6000000000000001,2.2,1.4,-0.8000000000000003,-0.4,-0.2,-0.2,1,0,home_win
2022-23,2023-05-28,Leeds United,Tottenham Hotspur,1385.0620803988231,1539.43228399215,-89.37020359332678,0.0,0.2,-0.2,0.4,0.2,0.2,0.4,0.8,-0.4,1.2,1.6,-0.40000000000000013,2.4,2.2,-0.19999999999999973,-1.2,-0.6,-0.6,1,4,away_win
2022-23,2023-05-28,Leicester City FC,West Ham United FC,1433.6397419309703,1482.0953585620045,16.544383368965782,0.0,0.4,-0.4,0.6,0.0,0.6,0.6,1.2,-0.6,1.2,1.4,-0.19999999999999996,2.2,2.0,-0.20000000000000018,-1.0,-0.6,-0.4,2,1,home_win
2022-23,2023-05-28,Manchester United,Fulham,1616.7796076579593,1498.7588533768399,183.02075428111948,0.6,0.4,0.19999999999999996,0.0,0.2,-0.2,1.8,1.4,0.40000000000000013,1.4,2.0,-0.6000000000000001,0.6,1.6,1.0,0.8,0.4,0.4,2,1,home_win
2022-23,2023-05-28,Southampton FC,Liverpool,1332.2181321561136,1672.2737552072751,-275.05562305116155,0.0,0.8,-0.8,0.0,0.2,-0.2,0.0,2.6,-2.6,1.0,2.0,-1.0,2.6,0.8,-1.8,-1.6,1.2,-2.8,4,4,draw
2023-24,2023-08-11,Burnley FC,Manchester City,1453.5990039773765,1707.9832850878774,-189.38428111050098,0.2,0.6,-0.39999999999999997,0.2,0.2,0.0,0.8,2.0,-1.2,1.0,1.4,-0.3999999999999999,1.6,0.6,-1.0,-0.6,0.8,-1.4,0,3,away_win
2023-24,2023-08-12,Arsenal,Nottingham Forest,1629.437901743358,1460.3098067910878,234.1280949522702,0.6,0.4,0.19999999999999996,0.0,0.4,-0.4,1.8,1.6,0.19999999999999996,2.0,1.8,0.19999999999999996,1.0,1.6,0.6000000000000001,1.0,0.2,0.8,2,1,home_win
2023-24,2023-08-12,Bournemouth,West Ham United FC,1436.0353686705805,1479.4283884487159,21.60698022186466,0.2,0.4,-0.2,0.0,0.0,0.0,0.6,1.2,-0.6,1.0,1.0,0.0,1.6,1.6,0.0,-0.6,-0.6,0.0,1,1,draw
2023-24,2023-08-12,Brighton & Hove Albion,Luton Town FC,1551.5517615378649,1500.0,116.55176153786488,0.4,0.3333333333333333,0.06666666666666671,0.2,0.3333333333333333,-0.1333333333333333,1.4,1.0,0.3999999999999999,1.8,1.2,0.6000000000000001,1.6,1.2,-0.40000000000000013,0.2,0.0,0.2,4,1,home_win
2023-24,2023-08-12,Everton,Fulham,1446.8304081767405,1495.190986424486,16.63942175225452,0.4,0.4,0.0,0.4,0.2,0.2,1.6,1.4,0.20000000000000018,1.8,2.0,-0.19999999999999996,1.4,1.6,0.20000000000000018,0.4,0.4,0.0,0,1,away_win
2023-24,2023-08-12,Newcastle United,Aston Villa,1595.4022627080587,1557.5836970284618,102.81856567959699,0.2,0.4,-0.2,0.6,0.2,0.39999999999999997,1.2,1.4,-0.19999999999999996,1.4,1.0,0.3999999999999999,1.2,1.0,-0.19999999999999996,0.2,0.0,0.2,5,1,home_win
2023-24,2023-08-12,Sheffield United FC,Crystal Palace,1433.3302745663464,1493.1668760073744,5.163398558971949,0.4,0.4,0.0,0.0,0.4,-0.4,1.2,1.6,-0.40000000000000013,0.4,1.8,-1.4,1.4,1.4,0.0,-1.0,0.4,-1.4,0,1,away_win
2023-24,2023-08-13,Brentford,Tottenham Hotspur,1559.7895380888517,1539.395636312761,85.39390177609062,0.8,0.4,0.4,0.0,0.0,0.0,2.4,1.2,1.2,1.6,2.0,-0.3999999999999999,0.6,2.0,1.4,1.0,0.0,1.0,2,2,draw
2023-24,2023-08-13,Chelsea,Liverpool,1493.73104814389,1624.2601452759557,-65.52909713206577,0.2,0.6,-0.39999999999999997,0.4,0.4,0.0,1.0,2.2,-1.2000000000000002,1.4,2.0,-0.6000000000000001,1.8,1.0,-0.8,-0.4,1.0,-1.4,1,1,draw
2023-24,2023-08-14,Manchester United,Wolverhampton Wanderers FC,1591.4628593516134,1459.907549236004,196.55531011560947,0.8,0.2,0.6000000000000001,0.0,0.2,-0.2,2.4,0.8,1.5999999999999999,1.8,0.4,1.4,0.6,2.8,2.1999999999999997,1.2,-2.4,3.5999999999999996,1,0,home_win
2023-24,2023-08-18,Nottingham Forest,Sheffield United FC,1456.185036401518,1423.181670949637,98.00336545188088,0.4,0.4,0.0,0.4,0.0,0.4,1.6,1.2,0.40000000000000013,1.8,0.4,1.4,1.6,0.8,-0.8,0.2,-0.4,0.6000000000000001,2,1,home_win
2023-24,2023-08-19,Fulham,Brentford,1505.6695416564498,1557.3800288096313,13.289512846818525,0.6,0.6,0.0,0.2,0.2,0.0,2.0,2.0,0.0,2.2,1.6,0.6000000000000001,1.4,0.8,-0.5999999999999999,0.8,0.8,0.0,0,3,away_win
2023-24,2023-08-19,Liverpool,Bournemouth,1622.396116996678,1435.4142702984923,251.9818466981858,0.4,0.0,0.4,0.6,0.2,0.39999999999999997,1.8,0.2,1.6,2.0,0.4,1.6,1.2,1.6,0.40000000000000013,0.8,-1.2,2.0,3,1,home_win
2023-24,2023-08-19,Manchester City,Newcastle United,1716.788715116897,1608.7599734535977,173.02874166329934,0.6,0.4,0.19999999999999996,0.2,0.6,-0.39999999999999997,2.0,1.8,0.19999999999999996,1.6,2.4,-0.7999999999999998,0.4,1.0,0.6,1.2,1.4,-0.19999999999999996,1,0,home_win
2023-24,2023-08-19,Tottenham Hotspur,Manchester United,1541.8051455919815,1596.3406823904993,10.464463201482204,0.4,1.0,-0.6,0.2,0.0,0.2,1.4,3.0,-1.6,1.8,2.0,-0.19999999999999996,1.6,0.4,-1.2000000000000002,0.2,1.6,-1.4000000000000001,2,0,home_win
2023-24,2023-08-19,Wolverhampton Wanderers FC,Brighton & Hove Albion,1455.029726197118,1563.391895915443,-43.36216971832505,0.2,0.4,-0.2,0.2,0.2,0.0,0.8,1.4,-0.5999999999999999,0.4,2.0,-1.6,1.8,1.8,0.0,-1.4,0.2,-1.5999999999999999,1,4,away_win
2023-24,2023-08-20,Aston Villa,Everton,1544.2259862829228,1436.3518529447767,172.87413333814607,0.4,0.4,0.0,0.2,0.2,0.0,1.4,1.4,0.0,1.2,1.4,-0.19999999999999996,1.8,1.2,-0.6000000000000001,-0.6,0.2,-0.8,4,0,home_win
2023-24,2023-08-20,West Ham United FC,Chelsea,1480.049486820804,1495.5950764231675,49.45441039763659,0.4,0.0,0.4,0.2,0.6,-0.39999999999999997,1.4,0.6,0.7999999999999999,1.2,1.0,0.19999999999999996,1.2,1.8,0.6000000000000001,0.0,-0.8,0.8,3,1,home_win
2023-24,2023-08-21,Crystal Palace,Arsenal,1503.3154796240838,1633.562672132928,-65.24719250884414,0.4,0.6,-0.19999999999999996,0.4,0.0,0.4,1.6,1.8,-0.19999999999999996,1.2,1.8,-0.6000000000000001,0.8,1.0,0.19999999999999996,0.4,0.8,-0.4,0,1,away_win
2023-24,2023-08-25,Chelsea,Luton Town FC,1482.7158909672203,1488.1598656224219,59.5560253447984,0.0,0.0,0.0,0.4,0.0,0.4,0.4,0.0,0.4,0.8,1.0,-0.19999999999999996,2.0,4.0,2.0,-1.2,-3.0,1.8,3,0,home_win
2023-24,2023-08-26,Arsenal,Fulham,1641.7064769793908,1487.500487796265,219.2059891831259,0.6,0.4,0.19999999999999996,0.0,0.2,-0.2,1.8,1.4,0.40000000000000013,1.6,1.2,0.40000000000000013,1.0,1.4,0.3999999999999999,0.6,-0.2,0.8,2,2,draw
2023-24,2023-08-26,Bournemouth,Tottenham Hotspur,1429.7166427550083,1556.3534949640364,-61.63685220902812,0.0,0.4,-0.4,0.2,0.2,0.0,0.2,1.4,-1.2,0.4,2.0,-1.6,1.6,1.6,0.0,-1.2,0.4,-1.6,0,2,away_win
2023-24,2023-08-26,Brentford,Crystal Palace,1575.5490826698162,1495.1716747776209,145.37740789219538,0.8,0.4,0.4,0.2,0.4,-0.2,2.6,1.6,1.0,2.2,1.2,1.0000000000000002,0.6,0.8,0.20000000000000007,1.6,0.4,1.2000000000000002,1,1,draw
2023-24,2023-08-26,Brighton & Hove Albion,West Ham United FC,1578.7190548148371,1492.9286722767513,150.79038253808585,0.6,0.4,0.19999999999999996,0.2,0.2,0.0,2.0,1.4,0.6000000000000001,2.6,1.6,1.0,1.2,1.4,0.19999999999999996,1.4,0.2,1.2,1,3,away_win
2023-24,2023-08-26,Everton,Wolverhampton Wanderers FC,1426.230702813401,1439.7025672977238,51.52813551567715,0.2,0.0,0.2,0.2,0.2,0.0,0.8,0.2,0.6000000000000001,0.4,0.4,0.0,1.8,2.6,0.8,-1.4,-2.2,0.8000000000000003,0,1,away_win
2023-24,2023-08-26,Manchester United,Nottingham Forest,1581.7923330184444,1463.4367793170684,183.35555370137604,0.8,0.4,0.4,0.0,0.4,-0.4,2.4,1.6,0.7999999999999998,1.6,1.4,0.20000000000000018,0.8,1.2,0.3999999999999999,0.8,0.2,0.6000000000000001,3,2,home_win
2023-24,2023-08-27,Burnley FC,Aston Villa,1444.7935739483569,1554.3471364142986,-44.553562465941695,0.0,0.6,-0.6,0.2,0.2,0.0,0.2,2.0,-1.8,0.6,2.0,-1.4,2.0,1.6,-0.3999999999999999,-1.4,0.4,-1.7999999999999998,1,3,away_win
2023-24,2023-08-27,Newcastle United,Liverpool,1603.3655335260976,1628.093744540162,40.27178898593547,0.4,0.4,0.0,0.4,0.6,-0.19999999999999996,1.6,1.8,-0.19999999999999996,2.0,2.4,-0.3999999999999999,0.8,1.4,0.5999999999999999,1.2,1.0,0.19999999999999996,1,2,away_win
2023-24,2023-08-27,Sheffield United FC,Manchester City,1415.9299280340865,1722.1831550443972,-241.25322701031064,0.4,0.6,-0.19999999999999996,0.0,0.2,-0.2,1.2,2.0,-0.8,0.6,1.2,-0.6,0.8,0.4,-0.4,-0.2,0.8,-1.0,1,2,away_win
2023-24,2023-09-01,Luton Town FC,West Ham United FC,1473.6306059460323,1514.0586734149792,24.571932531053108,0.0,0.6,-0.6,0.0,0.2,-0.2,0.0,2.0,-2.0,0.5,2.2,-1.7000000000000002,3.5,1.2,-2.3,-3.0,1.0,-4.0,1,2,away_win
2023-24,2023-09-02,Brentford,Bournemouth,1571.593014549923,1417.3501496204626,219.24286492946044,0.6,0.0,0.6,0.4,0.2,0.2,2.2,0.2,2.0,2.0,0.4,1.6,0.8,1.6,0.8,1.2,-1.2,2.4,2,2,draw
2023-24,2023-09-02,Brighton & Hove Albion,Newcastle United,1557.5890536766092,1592.2115816074418,30.377472069167425,0.4,0.2,0.2,0.2,0.4,-0.2,1.4,1.0,0.3999999999999999,2.2,1.4,0.8000000000000003,1.6,1.0,-0.6000000000000001,0.6,0.4,0.19999999999999996,3,1,home_win
2023-24,2023-09-02,Burnley FC,Tottenham Hotspur,1431.7066310247665,1568.719988098582,-72.01335707381554,0.0,0.6,-0.6,0.2,0.2,0.0,0.2,2.0,-1.8,0.6,2.2,-1.6,2.0,1.2,-0.8,-1.4,1.0,-2.4,2,5,away_win
2023-24,2023-09-02,Chelsea,Nottingham Forest,1497.2451506436098,1458.273293470202,103.9718571734079,0.2,0.4,-0.2,0.4,0.2,0.2,1.0,1.4,-0.3999999999999999,1.4,1.4,0.0,1.8,1.4,-0.40000000000000013,-0.4,0.0,-0.4,0,1,away_win
2023-24,2023-09-02,Manchester City,Fulham,1726.1752541873432,1493.0873798168104,298.08787437053275,0.6,0.2,0.39999999999999997,0.2,0.4,-0.2,2.0,1.0,1.0,1.4,1.2,0.19999999999999996,0.6,1.8,1.2000000000000002,0.8,-0.6,1.4,5,1,home_win
2023-24,2023-09-02,Sheffield United FC,Everton,1411.9378288911405,1414.7583830209683,62.17944587017223,0.2,0.2,0.0,0.0,0.2,-0.2,0.6,0.8,-0.20000000000000007,0.6,0.4,0.19999999999999996,1.2,1.4,0.19999999999999996,-0.6,-1.0,0.4,2,2,draw
2023-24,2023-09-03,Arsenal,Manchester United,1636.1195849588453,1586.955818865311,114.16376609353438,0.6,0.8,-0.20000000000000007,0.2,0.0,0.2,2.0,2.4,-0.3999999999999999,2.0,2.0,0.0,0.8,1.2,0.3999999999999999,1.2,0.8,0.3999999999999999,3,1,home_win
2023-24,2023-09-03,Crystal Palace,Wolverhampton Wanderers FC,1499.127742897514,1451.1748870901565,112.95285580735754,0.2,0.2,0.0,0.6,0.2,0.39999999999999997,1.2,0.8,0.3999999999999999,1.0,0.6,0.4,1.0,2.2,1.2000000000000002,0.0,-1.6,1.6,3,2,home_win
2023-24,2023-09-03,Liverpool,Aston Villa,1639.247696458818,1567.434079337889,136.81361712092894,0.4,0.6,-0.19999999999999996,0.6,0.2,0.39999999999999997,1.8,2.0,-0.19999999999999996,2.2,2.2,0.0,1.6,1.6,0.0,0.6,0.6,0.0,3,0,home_win
2023-24,2023-09-16,Aston Villa,Crystal Palace,1556.489849190292,1505.9865921497199,115.50325704057218,0.6,0.4,0.19999999999999996,0.0,0.4,-0.4,1.8,1.6,0.19999999999999996,2.0,1.2,0.8,2.0,1.0,-1.0,0.0,0.2,-0.2,3,1,home_win
2023-24,2023-09-16,Fulham,Luton Town FC,1487.372532676755,1462.9245456850665,89.4479869916886,0.2,0.0,0.2,0.2,0.0,0.2,0.8,0.0,0.8,1.0,0.6666666666666666,0.33333333333333337,2.4,3.0,0.6000000000000001,-1.4,-2.3333333333333335,0.9333333333333336,1,0,home_win
2023-24,2023-09-16,Manchester United,Brighton & Hove Albion,1576.7146141668725,1571.2808845606799,70.43372960619263,0.6,0.6,0.0,0.0,0.0,0.0,1.8,1.8,0.0,1.4,2.6,-1.2000000000000002,1.6,1.6,0.0,-0.2,1.0,-1.2,1,3,away_win
2023-24,2023-09-16,Newcastle United,Brentford,1578.519750723371,1566.0053924924177,77.51435823095335,0.2,0.4,-0.2,0.2,0.6,-0.39999999999999997,0.8,1.8,-1.0,1.6,1.8,-0.19999999999999996,1.6,1.0,-0.6000000000000001,0.0,0.8,-0.8,1,0,home_win
2023-24,2023-09-16,Tottenham Hotspur,Sheffield United FC,1582.6438101448275,1410.1670260863389,237.47678405848865,0.8,0.2,0.6000000000000001,0.2,0.2,0.0,2.6,0.8,1.8,3.0,1.0,2.0,1.0,1.4,0.3999999999999999,2.0,-0.4,2.4,2,1,home_win
2023-24,2023-09-16,West Ham United FC,Manchester City,1524.764733675945,1731.8901013273985,-142.12536765145342,0.6,0.8,-0.20000000000000007,0.2,0.0,0.2,2.0,2.4,-0.3999999999999999,2.0,2.2,-0.20000000000000018,1.2,0.6,-0.6,0.8,1.6,-0.8,1,3,away_win
2023-24,2023-09-16,Wolverhampton Wanderers FC,Liverpool,1444.3160378379507,1650.1919266064149,-140.87588876846416,0.2,0.6,-0.39999999999999997,0.0,0.4,-0.4,0.6,2.2,-1.6,0.8,2.6,-1.8,2.6,1.4,-1.2000000000000002,-1.8,1.2,-3.0,1,3,away_win
2023-24,2023-09-17,Bournemouth,Chelsea,1422.937771677968,1484.3388432140566,3.5989284639113066,0.0,0.2,-0.2,0.4,0.4,0.0,0.4,1.0,-0.6,0.8,1.2,-0.3999999999999999,1.8,1.2,-0.6000000000000001,-1.0,0.0,-1.0,0,0,draw
2023-24,2023-09-17,Everton,Arsenal,1416.52918582577,1646.3607896572837,-164.8316038315138,0.2,0.8,-0.6000000000000001,0.2,0.2,0.0,0.8,2.6,-1.8,0.6,2.6,-2.0,1.6,0.8,-0.8,-1.0,1.8,-2.8,0,1,away_win
2023-24,2023-09-18,Nottingham Forest,Burnley FC,1471.179600899755,1417.782808978521,118.39679192123413,0.4,0.0,0.4,0.2,0.2,0.0,1.4,0.2,1.2,1.4,1.0,0.3999999999999999,1.4,2.8,1.4,0.0,-1.8,1.8,1,1,draw
2023-24,2023-09-23,Brentford,Everton,1558.200140433323,1410.9468505898299,212.25328984349312,0.2,0.0,0.2,0.6,0.2,0.39999999999999997,1.2,0.2,1.0,1.6,0.4,1.2000000000000002,1.2,1.8,0.6000000000000001,0.4,-1.4,1.7999999999999998,1,3,away_win
2023-24,2023-09-23,Burnley FC,Manchester United,1421.0644854162085,1558.7147291404015,-72.65024372419293,0.0,0.4,-0.4,0.2,0.0,0.2,0.2,1.2,-1.0,1.0,1.2,-0.19999999999999996,2.8,2.0,-0.7999999999999998,-1.8,-0.8,-1.0,0,1,away_win
2023-24,2023-09-23,Crystal Palace,Fulham,1495.7973335232368,1494.8534250387308,65.94390848450598,0.4,0.4,0.0,0.2,0.2,0.0,1.4,1.4,0.0,1.2,1.0,0.19999999999999996,1.4,2.0,0.6000000000000001,-0.2,-1.0,0.8,0,0,draw
2023-24,2023-09-23,Luton Town FC,Wolverhampton Wanderers FC,1455.4436533230908,1435.0853746090675,85.3582787140233,0.0,0.2,-0.2,0.0,0.0,0.0,0.0,0.6,-0.6,0.5,1.0,-0.5,2.5,2.2,-0.2999999999999998,-2.0,-1.2,-0.8,1,1,draw
2023-24,2023-09-23,Manchester City,Nottingham Forest,1741.0748641297207,1467.8979244620675,338.1769396676532,1.0,0.4,0.6,0.0,0.2,-0.2,3.0,1.4,1.6,2.8,1.4,1.4,0.6,1.4,0.7999999999999999,2.2,0.0,2.2,2,0,home_win
2023-24,2023-09-24,Arsenal,Tottenham Hotspur,1651.9431248932237,1586.7058246290137,130.23730026421003,0.8,0.8,0.0,0.2,0.2,0.0,2.6,2.6,0.0,1.8,2.6,-0.8,0.8,1.0,0.19999999999999996,1.0,1.6,-0.6000000000000001,2,2,draw
2023-24,2023-09-24,Brighton & Hove Albion,Bournemouth,1589.2807695871509,1422.8341898948036,231.4465796923473,0.8,0.0,0.8,0.0,0.6,-0.6,2.4,0.6,1.7999999999999998,3.0,0.8,2.2,1.4,1.6,0.20000000000000018,1.6,-0.8,2.4000000000000004,3,1,home_win
2023-24,2023-09-24,Chelsea,Aston Villa,1484.442424997221,1566.679107816775,-17.236682819554062,0.2,0.6,-0.39999999999999997,0.4,0.0,0.4,1.0,1.8,-0.8,1.0,2.2,-1.2000000000000002,1.0,2.0,1.0,0.0,0.2,-0.2,0,1,away_win
2023-24,2023-09-24,Liverpool,West Ham United FC,1659.4225898352981,1515.5799708736229,208.84261896167527,0.8,0.6,0.20000000000000007,0.2,0.2,0.0,2.6,2.0,0.6000000000000001,2.4,2.0,0.3999999999999999,0.8,1.4,0.5999999999999999,1.6,0.6,1.0,3,1,home_win
2023-24,2023-09-24,Sheffield United FC,Newcastle United,1406.1050116021527,1586.3250027824658,-115.21999118031317,0.0,0.4,-0.4,0.2,0.0,0.2,0.2,1.2,-1.0,1.0,1.6,-0.6000000000000001,1.8,1.4,-0.40000000000000013,-0.8,0.2,-1.0,0,8,away_win
2023-24,2023-09-30,Aston Villa,Brighton & Hove Albion,1576.1834028261437,1595.544077319478,45.63932550666573,0.8,0.8,0.0,0.0,0.0,0.0,2.4,2.4,0.0,2.2,2.8,-0.5999999999999996,1.0,1.4,0.3999999999999999,1.2,1.4,-0.19999999999999996,6,1,home_win
2023-24,2023-09-30,Bournemouth,Arsenal,1416.5708821624764,1648.3608314791102,-166.78994931663374,0.0,0.6,-0.6,0.4,0.4,0.0,0.4,2.2,-1.8000000000000003,0.8,1.8,-1.0,2.0,1.0,-1.0,-1.2,0.8,-2.0,0,4,away_win
2023-24,2023-09-30,Everton,Luton Town FC,1434.1184039000836,1453.0351098548515,46.08329404523215,0.2,0.0,0.2,0.2,0.2,0.0,0.8,0.2,0.6000000000000001,1.0,0.6,0.4,1.8,2.2,0.40000000000000013,-0.8,-1.6,0.8,1,2,away_win
2023-24,2023-09-30,Manchester United,Crystal Palace,1566.6536399155057,1493.9217834238373,137.7318564916684,0.4,0.2,0.2,0.0,0.4,-0.4,1.2,1.0,0.19999999999999996,1.2,1.0,0.19999999999999996,2.0,1.4,-0.6000000000000001,-0.8,-0.4,-0.4,0,1,away_win
2023-24,2023-09-30,Newcastle United,Burnley FC,1602.475371928529,1413.1255746411043,254.34979728742474,0.4,0.0,0.4,0.0,0.2,-0.2,1.2,0.2,1.0,2.2,0.8,1.4000000000000001,1.2,2.6,1.4000000000000001,1.0,-1.8,2.8,2,0,home_win
2023-24,2023-09-30,Tottenham Hotspur,Liverpool,1590.2881180431273,1666.3551402032222,-11.067022160094893,0.8,1.0,-0.19999999999999996,0.2,0.0,0.2,2.6,3.0,-0.3999999999999999,2.6,2.8,-0.19999999999999973,1.0,0.8,-0.19999999999999996,1.6,2.0,-0.3999999999999999,2,1,home_win
2023-24,2023-09-30,West Ham United FC,Sheffield United FC,1508.6474205056988,1389.9546424560895,183.6927780496094,0.6,0.0,0.6,0.0,0.2,-0.2,1.8,0.2,1.6,2.0,1.0,1.0,1.8,3.2,1.4000000000000001,0.2,-2.2,2.4000000000000004,2,0,home_win
2023-24,2023-09-30,Wolverhampton Wanderers FC,Manchester City,1437.4939180773067,1744.8222635243187,-242.328345447012,0.2,1.0,-0.8,0.2,0.0,0.2,0.8,3.0,-2.2,1.2,2.6,-1.4000000000000001,2.2,0.6,-1.6,-1.0,2.0,-3.0,2,1,home_win
2023-24,2023-10-01,Nottingham Forest,Brentford,1464.1505250674695,1535.0285871230692,-5.878062055599685,0.4,0.2,0.2,0.2,0.4,-0.2,1.4,1.0,0.3999999999999999,1.2,1.4,-0.19999999999999996,1.4,1.4,0.0,-0.2,0.0,-0.2,1,1,draw
2023-24,2023-10-02,Fulham,Chelsea,1496.7289751381304,1474.9381299878523,86.79084515027807,0.2,0.2,0.0,0.4,0.2,0.2,1.0,0.8,0.19999999999999996,0.8,0.8,0.0,2.0,1.0,-1.0,-1.2,-0.2,-1.0,0,2,away_win
2023-24,2023-10-03,Luton Town FC,Burnley FC,1464.3537696985625,1407.4905956946031,121.86317400395933,0.2,0.0,0.2,0.2,0.2,0.0,0.8,0.2,0.6000000000000001,0.8,0.8,0.0,1.6,2.4,0.7999999999999998,-0.8,-1.6,0.8,1,2,away_win
2023-24,2023-10-07,Burnley FC,Chelsea,1420.8610044778727,1493.6091480205052,-7.748143542632533,0.2,0.4,-0.2,0.2,0.2,0.0,0.8,1.4,-0.5999999999999999,1.0,1.0,0.0,2.0,0.4,-1.6,-1.0,0.6,-1.6,1,4,away_win
2023-24,2023-10-07,Crystal Palace,Nottingham Forest,1507.6906351871955,1464.3196931530915,108.37094203410402,0.4,0.2,0.2,0.4,0.4,0.0,1.6,1.0,0.6000000000000001,1.2,1.0,0.19999999999999996,1.2,1.4,0.19999999999999996,0.0,-0.4,0.4,0,0,draw
2023-24,2023-10-07,Everton,Bournemouth,1422.7997440563727,1406.1888517619286,81.61089229444406,0.2,0.0,0.2,0.2,0.4,-0.2,0.8,0.4,0.4,1.2,0.6,0.6,1.4,2.2,0.8000000000000003,-0.2,-1.6,1.4000000000000001,3,0,home_win
2023-24,2023-10-07,Fulham,Sheffield United FC,1478.0579571054775,1382.2205619380845,160.83739516739297,0.2,0.0,0.2,0.4,0.2,0.2,1.0,0.2,0.8,0.8,0.8,0.0,1.8,3.2,1.4000000000000001,-1.0,-2.4,1.4,3,1,home_win
2023-24,2023-10-07,Luton Town FC,Tottenham Hotspur,1450.983360915293,1600.6065448570944,-84.62318394180147,0.2,0.8,-0.6000000000000001,0.2,0.2,0.0,0.8,2.6,-1.8,1.0,2.6,-1.6,1.4,1.2,-0.19999999999999996,-0.4,1.4,-1.7999999999999998,0,1,away_win
2023-24,2023-10-07,Manchester United,Brentford,1552.8847881521474,1534.8594190374472,83.0253691147002,0.4,0.0,0.4,0.0,0.6,-0.6,1.2,0.6,0.6,1.2,1.0,0.19999999999999996,1.8,1.6,-0.19999999999999996,-0.6,-0.6,0.0,2,1,home_win
2023-24,2023-10-08,Arsenal,Manchester City,1658.742861879658,1728.7946243702072,-5.0517624905492085,0.6,0.8,-0.20000000000000007,0.4,0.0,0.4,2.2,2.4,-0.19999999999999973,2.4,2.6,-0.20000000000000018,1.0,1.0,0.0,1.4,1.6,-0.20000000000000018,1,0,home_win
2023-24,2023-10-08,Brighton & Hove Albion,Liverpool,1578.1562803042254,1656.036713389255,-12.880433085029608,0.6,0.8,-0.20000000000000007,0.0,0.0,0.0,1.8,2.4,-0.5999999999999999,2.2,2.4,-0.19999999999999973,2.4,1.0,-1.4,-0.2,1.4,-1.5999999999999999,2,2,draw
2023-24,2023-10-08,West Ham United FC,Newcastle United,1516.3815010237038,1608.1103508750302,-26.72884985132646,0.6,0.6,0.0,0.0,0.0,0.0,1.8,1.8,0.0,1.8,2.6,-0.8,1.6,1.0,-0.6000000000000001,0.2,1.6,-1.4000000000000001,2,2,draw
2023-24,2023-10-08,Wolverhampton Wanderers FC,Aston Villa,1453.5215572314182,1593.5711998413963,-75.04964260997804,0.4,0.8,-0.4,0.2,0.0,0.2,1.4,2.4,-1.0,1.4,2.6,-1.2000000000000002,1.6,1.2,-0.40000000000000013,-0.2,1.4,-1.5999999999999999,1,1,draw
2023-24,2023-10-21,Bournemouth,Wolverhampton Wanderers FC,1392.7255440445902,1455.6486779283402,2.076866116249903,0.0,0.2,-0.2,0.4,0.4,0.0,0.4,1.0,-0.6,0.6,1.4,-0.7999999999999999,2.4,1.8,-0.5999999999999999,-1.8,-0.4,-1.4,1,2,away_win
2023-24,2023-10-21,Brentford,Burnley FC,1527.204609689768,1403.7512064143887,188.4534032753793,0.0,0.2,-0.2,0.4,0.2,0.2,0.4,0.8,-0.4,1.0,0.8,0.19999999999999996,1.8,1.8,0.0,-0.8,-1.0,0.19999999999999996,3,0,home_win
2023-24,2023-10-21,Chelsea,Arsenal,1510.7189460839893,1668.8882530463613,-93.16930696237205,0.4,0.8,-0.4,0.2,0.2,0.0,1.4,2.6,-1.2000000000000002,1.2,2.2,-1.0000000000000002,0.6,0.6,0.0,0.6,1.6,-1.0,2,2,draw
2023-24,2023-10-21,Liverpool,Everton,1655.6661544736148,1436.2630517737111,284.4031026999037,0.6,0.4,0.19999999999999996,0.2,0.2,0.0,2.0,1.4,0.6000000000000001,2.4,1.8,0.5999999999999999,1.2,1.2,0.0,1.2,0.6,0.6,2,0,home_win
2023-24,2023-10-21,Manchester City,Brighton & Hove Albion,1718.6492332035039,1578.5268392198657,205.12239398363818,0.6,0.6,0.0,0.0,0.2,-0.2,1.8,2.0,-0.19999999999999996,2.2,2.4,-0.19999999999999973,1.0,2.2,1.2000000000000002,1.2,0.2,1.0,2,1,home_win
2023-24,2023-10-21,Newcastle United,Crystal Palace,1607.3425468877654,1504.6688378365088,167.67370905125654,0.6,0.4,0.19999999999999996,0.2,0.4,-0.2,2.0,1.6,0.3999999999999999,2.8,1.0,1.7999999999999998,1.0,1.0,0.0,1.8,0.0,1.8,4,0,home_win
2023-24,2023-10-21,Nottingham Forest,Luton Town FC,1467.3414905037782,1443.3719639005405,88.96952660323768,0.2,0.2,0.0,0.6,0.2,0.39999999999999997,1.2,0.8,0.3999999999999999,0.6,0.8,-0.20000000000000007,0.8,1.2,0.3999999999999999,-0.2,-0.4,0.2,2,2,draw
2023-24,2023-10-21,Sheffield United FC,Manchester United,1373.7075666761534,1560.5395974998266,-121.83203082367322,0.0,0.4,-0.4,0.2,0.0,0.2,0.2,1.2,-1.0,0.8,1.0,-0.19999999999999996,3.4,1.6,-1.7999999999999998,-2.6,-0.6,-2.0,1,2,away_win
2023-24,2023-10-22,Aston Villa,West Ham United FC,1591.4440791444742,1517.1493050109686,139.2947741335056,0.6,0.4,0.19999999999999996,0.2,0.2,0.0,2.0,1.4,0.6000000000000001,2.2,1.6,0.6000000000000001,1.2,1.8,0.6000000000000001,1.0,-0.2,1.2,4,1,home_win
2023-24,2023-10-23,Tottenham Hotspur,Fulham,1608.2179418718467,1486.5709523674086,186.64698950443812,0.8,0.4,0.4,0.2,0.2,0.0,2.6,1.4,1.2000000000000002,2.4,1.0,1.4,1.2,1.6,0.40000000000000013,1.2,-0.6,1.7999999999999998,2,0,home_win
2023-24,2023-10-27,Crystal Palace,Tottenham Hotspur,1494.3249583046952,1615.8548081602373,-56.529849855542125,0.2,0.8,-0.6000000000000001,0.4,0.2,0.2,1.0,2.6,-1.6,0.4,1.8,-1.4,1.4,0.8,-0.5999999999999999,-1.0,1.0,-2.0,1,2,away_win
2023-24,2023-10-28,Arsenal,Sheffield United FC,1666.2691079360527,1367.0771808874954,364.1919270485573,0.6,0.0,0.6,0.4,0.0,0.4,2.2,0.0,2.2,2.0,0.6,1.4,0.8,3.4,2.5999999999999996,1.2,-2.8,4.0,5,0,home_win
2023-24,2023-10-28,Bournemouth,Burnley FC,1382.6657677445894,1394.9104157838917,52.75535196069768,0.0,0.2,-0.2,0.2,0.0,0.2,0.2,0.6,-0.39999999999999997,0.4,0.6,-0.19999999999999996,2.4,2.2,-0.19999999999999973,-2.0,-1.6,-0.3999999999999999,2,1,home_win
2023-24,2023-10-28,Chelsea,Brentford,1513.338091194298,1536.045400320265,42.29269087403304,0.4,0.2,0.2,0.4,0.2,0.2,1.6,0.8,0.8,1.6,1.2,0.40000000000000013,0.8,1.4,0.5999999999999999,0.8,-0.2,1.0,0,2,away_win
2023-24,2023-10-28,Wolverhampton Wanderers FC,Newcastle United,1465.708454228341,1617.686426419579,-86.977972191238,0.4,0.8,-0.4,0.4,0.2,0.2,1.6,2.6,-1.0,1.4,3.4,-2.0,1.4,0.4,-0.9999999999999999,0.0,3.0,-3.0,2,2,draw
2023-24,2023-10-29,Aston Villa,Luton Town FC,1602.2811626124198,1445.8781697808222,221.40299283159766,0.8,0.2,0.6000000000000001,0.2,0.4,-0.2,2.6,1.0,1.6,3.0,1.2,1.8,0.8,1.4,0.5999999999999999,2.2,-0.2,2.4000000000000004,3,1,home_win
2023-24,2023-10-29,Brighton & Hove Albion,Fulham,1573.8285975397748,1478.934086079018,159.8945114607568,0.4,0.4,0.0,0.2,0.2,0.0,1.4,1.4,0.0,2.0,0.8,1.2,2.4,1.0,-1.4,-0.4,-0.2,-0.2,1,1,draw
2023-24,2023-10-29,Liverpool,Nottingham Forest,1660.5517275706668,1464.8352846234966,260.7164429471702,0.6,0.0,0.6,0.2,0.8,-0.6000000000000001,2.0,0.8,1.2,2.2,0.8,1.4000000000000001,1.2,1.2,0.0,1.0,-0.4,1.4,3,0,home_win
2023-24,2023-10-29,Manchester United,Manchester City,1567.1699832884847,1723.3474748835947,-91.17749159511004,0.6,0.6,0.0,0.0,0.0,0.0,1.8,1.8,0.0,1.2,1.6,-0.40000000000000013,1.2,1.0,-0.19999999999999996,0.0,0.6,-0.6,0,3,away_win
2023-24,2023-10-29,West Ham United FC,Everton,1506.312221543023,1431.3774786766592,139.93474286636388,0.2,0.4,-0.2,0.2,0.0,0.2,0.8,1.2,-0.3999999999999999,1.4,1.4,0.0,2.4,1.2,-1.2,-1.0,0.2,-1.2,0,1,away_win
2023-24,2023-11-04,Brentford,West Ham United FC,1552.8623570159393,1492.4891021010878,125.37325491485149,0.4,0.2,0.2,0.2,0.2,0.0,1.4,0.8,0.5999999999999999,1.6,1.2,0.40000000000000013,1.2,2.0,0.8,0.4,-0.8,1.2000000000000002,3,2,home_win
2023-24,2023-11-04,Burnley FC,Crystal Palace,1386.4172739126984,1485.9378107543182,-34.52053684161979,0.2,0.2,0.0,0.0,0.4,-0.4,0.6,1.0,-0.4,0.8,0.4,0.4,2.4,1.2,-1.2,-1.6,-0.8,-0.8,0,2,away_win
2023-24,2023-11-04,Everton,Brighton & Hove Albion,1445.2005981185944,1569.5260163314204,-59.32541821282598,0.6,0.2,0.39999999999999997,0.0,0.4,-0.4,1.8,1.0,0.8,1.6,1.6,0.0,1.0,2.4,1.4,0.6,-0.8,1.4,1,1,draw
2023-24,2023-11-04,Fulham,Manchester United,1483.2366672873725,1554.1599041670895,-5.923236879717024,0.2,0.6,-0.39999999999999997,0.4,0.0,0.4,1.0,1.8,-0.8,0.8,1.0,-0.19999999999999996,1.2,1.2,0.0,-0.4,-0.2,-0.2,0,1,away_win
2023-24,2023-11-04,Manchester City,Bournemouth,1736.3575540049899,1391.1589096157827,410.1986443892072,0.6,0.2,0.39999999999999997,0.0,0.0,0.0,1.8,0.6,1.2000000000000002,1.6,0.8,0.8,0.8,2.6,1.8,0.8,-1.8,2.6,6,1,home_win
2023-24,2023-11-04,Newcastle United,Arsenal,1615.2340183744943,1670.6467733104382,9.587245064056106,0.6,0.6,0.0,0.4,0.4,0.0,2.2,2.2,0.0,3.6,2.8,0.8000000000000003,0.8,0.8,0.0,2.8,2.0,0.7999999999999998,1,0,home_win
2023-24,2023-11-04,Sheffield United FC,Wolverhampton Wanderers FC,1362.6995155131099,1468.1608622734257,-40.46134676031579,0.0,0.4,-0.4,0.0,0.6,-0.6,0.0,1.8,-1.8,0.4,1.6,-1.2000000000000002,4.0,1.2,-2.8,-3.6,0.4,-4.0,2,1,home_win
2023-24,2023-11-05,Luton Town FC,Liverpool,1439.3235229442132,1666.9324224504107,-162.60889950619753,0.2,0.6,-0.39999999999999997,0.2,0.2,0.0,0.8,2.0,-1.2,1.2,2.2,-1.0000000000000002,1.8,1.0,-0.8,-0.6,1.2,-1.7999999999999998,1,1,draw
2023-24,2023-11-05,Nottingham Forest,Aston Villa,1458.4545897437526,1608.8358094490288,-85.38121970527618,0.0,0.8,-0.8,0.6,0.2,0.39999999999999997,0.6,2.6,-2.0,0.6,3.0,-2.4,1.6,0.8,-0.8,-1.0,2.2,-3.2,2,0,home_win
2023-24,2023-11-06,Tottenham Hotspur,Chelsea,1624.2419557106143,1496.5211344986235,192.72082121199082,0.8,0.4,0.4,0.2,0.2,0.0,2.6,1.4,1.2000000000000002,1.8,1.6,0.19999999999999996,0.8,1.2,0.3999999999999999,1.0,0.4,0.6,1,4,away_win
2023-24,2023-11-11,Arsenal,Burnley FC,1660.9226463877753,1372.9027602501249,353.0198861376505,0.6,0.2,0.39999999999999997,0.2,0.0,0.2,2.0,0.6,1.4,2.4,0.8,1.5999999999999999,0.6,2.4,1.7999999999999998,1.8,-1.6,3.4000000000000004,3,1,home_win
2023-24,2023-11-11,Bournemouth,Newcastle United,1387.7120174520314,1624.9581452971572,-172.24612784512578,0.2,0.6,-0.39999999999999997,0.0,0.4,-0.4,0.6,2.2,-1.6,0.8,2.2,-1.4000000000000001,3.2,0.8,-2.4000000000000004,-2.4,1.4,-3.8,2,0,home_win
2023-24,2023-11-11,Crystal Palace,Everton,1499.4523244168918,1446.8917171576882,117.5606072592036,0.4,0.4,0.0,0.2,0.2,0.0,1.4,1.4,0.0,0.8,1.2,-0.3999999999999999,1.2,1.0,-0.19999999999999996,-0.4,0.2,-0.6000000000000001,2,3,away_win
2023-24,2023-11-11,Manchester United,Luton Town FC,1563.9894362204761,1443.6895530360364,185.29988318443975,0.6,0.0,0.6,0.0,0.4,-0.4,1.8,0.4,1.4,1.0,1.0,0.0,1.2,1.8,0.6000000000000001,-0.2,-0.8,0.6000000000000001,1,0,home_win
2023-24,2023-11-11,Wolverhampton Wanderers FC,Tottenham Hotspur,1457.0015274340753,1597.9214162531966,-75.9198888191213,0.4,0.8,-0.4,0.4,0.0,0.4,1.6,2.4,-0.7999999999999998,1.6,1.6,0.0,1.4,1.2,-0.19999999999999996,0.2,0.4,-0.2,2,1,home_win
2023-24,2023-11-12,Aston Villa,Fulham,1590.222061275661,1473.4071352339859,181.8149260416751,0.6,0.2,0.39999999999999997,0.2,0.2,0.0,2.0,0.8,1.2,2.8,0.8,1.9999999999999998,1.2,1.4,0.19999999999999996,1.6,-0.6,2.2,3,1,home_win
2023-24,2023-11-12,Brighton & Hove Albion,Sheffield United FC,1567.8348972923266,1373.8588503524602,258.97604693986636,0.0,0.2,-0.2,0.6,0.0,0.6,0.6,0.6,0.0,1.2,0.8,0.3999999999999999,2.4,2.6,0.20000000000000018,-1.2,-1.8,0.6000000000000001,1,1,draw
2023-24,2023-11-12,Chelsea,Manchester City,1522.8416739560412,1739.8044461687412,-151.96277221269997,0.6,0.6,0.0,0.2,0.0,0.2,2.0,1.8,0.19999999999999996,2.4,2.4,0.0,1.2,1.0,-0.19999999999999996,1.2,1.4,-0.19999999999999996,4,4,draw
2023-24,2023-11-12,Liverpool,Brentford,1662.5663923585876,1559.4027033647837,168.16368899380382,0.4,0.6,-0.19999999999999996,0.4,0.2,0.2,1.6,2.0,-0.3999999999999999,1.8,2.0,-0.19999999999999996,1.0,1.0,0.0,0.8,1.0,-0.19999999999999996,3,0,home_win
2023-24,2023-11-12,West Ham United FC,Nottingham Forest,1485.9487557522434,1477.0683379171205,73.8804178351229,0.2,0.2,0.0,0.2,0.6,-0.39999999999999997,0.8,1.2,-0.3999999999999999,1.4,1.0,0.3999999999999999,2.0,1.2,-0.8,-0.6,-0.2,-0.39999999999999997,3,2,home_win
2023-24,2023-11-25,Brentford,Arsenal,1549.7681225922538,1664.39871386987,-49.630591277616304,0.6,0.6,0.0,0.0,0.2,-0.2,1.8,2.0,-0.19999999999999996,1.8,2.2,-0.40000000000000013,1.4,0.8,-0.5999999999999999,0.4,1.4,-0.9999999999999999,0,1,away_win
2023-24,2023-11-25,Burnley FC,West Ham United FC,1369.42669276803,1493.8537882670362,-59.4270954990061,0.0,0.2,-0.2,0.0,0.2,-0.2,0.0,0.8,-0.8,0.6,1.6,-1.0,2.8,2.4,-0.3999999999999999,-2.2,-0.8,-1.4000000000000001,1,2,away_win
2023-24,2023-11-25,Luton Town FC,Crystal Palace,1438.568822692546,1486.1921403348354,17.376682357710706,0.0,0.2,-0.2,0.4,0.2,0.2,0.4,0.8,-0.4,0.8,1.0,-0.19999999999999996,1.6,1.8,0.19999999999999996,-0.8,-0.8,0.0,2,1,home_win
2023-24,2023-11-25,Manchester City,Liverpool,1735.6897090204666,1672.2009731311175,128.48873588934907,0.6,0.6,0.0,0.2,0.4,-0.2,2.0,2.2,-0.20000000000000018,3.0,2.2,0.7999999999999998,1.4,0.6,-0.7999999999999999,1.6,1.6,0.0,1,1,draw
2023-24,2023-11-25,Newcastle United,Chelsea,1603.0764540765806,1526.9564111043157,141.12004297226486,0.4,0.4,0.0,0.4,0.4,0.0,1.6,1.6,0.0,1.8,2.8,-0.9999999999999998,1.2,2.0,0.8,0.6,0.8,-0.20000000000000007,4,1,home_win
2023-24,2023-11-25,Nottingham Forest,Brighton & Hove Albion,1469.1633054023278,1561.5109730525028,-27.347667650175026,0.2,0.0,0.2,0.4,0.8,-0.4,1.0,0.8,0.19999999999999996,1.2,1.2,0.0,1.6,1.4,-0.20000000000000018,-0.4,-0.2,-0.2,2,3,away_win
2023-24,2023-11-25,Sheffield United FC,Bournemouth,1380.182774592284,1409.593708672608,35.58906591967593,0.2,0.4,-0.2,0.2,0.0,0.2,0.8,1.2,-0.3999999999999999,1.0,1.2,-0.19999999999999996,2.4,2.4,0.0,-1.4,-1.2,-0.19999999999999996,1,3,away_win
2023-24,2023-11-26,Everton,Manchester United,1460.1519012397446,1569.1101665639665,-43.958265324221884,0.6,0.8,-0.20000000000000007,0.2,0.0,0.2,2.0,2.4,-0.3999999999999999,1.6,1.2,0.40000000000000013,1.0,1.0,0.0,0.6,0.2,0.39999999999999997,0,3,away_win
2023-24,2023-11-26,Tottenham Hotspur,Aston Villa,1585.7703939603907,1598.0183545447649,52.75203941562586,0.6,0.6,0.0,0.0,0.2,-0.2,1.8,2.0,-0.19999999999999996,1.4,2.2,-0.8000000000000003,1.4,1.2,-0.19999999999999996,0.0,1.0,-1.0,1,2,away_win
2023-24,2023-11-27,Fulham,Wolverhampton Wanderers FC,1465.610841964882,1469.1525497268813,61.458292238000695,0.2,0.4,-0.2,0.2,0.4,-0.2,0.8,1.6,-0.8,1.0,1.6,-0.6000000000000001,1.6,1.4,-0.20000000000000018,-0.6,0.2,-0.8,3,2,home_win
2023-24,2023-12-02,Arsenal,Wolverhampton Wanderers FC,1672.9798683400247,1460.9032395673512,277.07662877267353,0.6,0.4,0.19999999999999996,0.2,0.2,0.0,2.0,1.4,0.6000000000000001,2.2,1.8,0.40000000000000013,0.8,1.8,1.0,1.4,0.0,1.4,2,1,home_win
2023-24,2023-12-02,Brentford,Luton Town FC,1541.1869681220992,1448.0690981732525,158.11786994884665,0.6,0.2,0.39999999999999997,0.0,0.4,-0.4,1.8,1.0,0.8,1.6,1.2,0.40000000000000013,1.2,1.6,0.40000000000000013,0.4,-0.4,0.8,3,1,home_win
2023-24,2023-12-02,Burnley FC,Sheffield United FC,1361.1206544791905,1363.6516226356605,62.46903184353005,0.0,0.2,-0.2,0.0,0.2,-0.2,0.0,0.8,-0.8,0.6,1.0,-0.4,2.4,2.4,0.0,-1.8,-1.4,-0.40000000000000013,5,0,home_win
2023-24,2023-12-02,Newcastle United,Manchester United,1613.8350854653395,1584.407769890229,94.42731557511047,0.6,0.8,-0.20000000000000007,0.2,0.0,0.2,2.0,2.4,-0.3999999999999999,2.2,1.4,0.8000000000000003,1.0,0.8,-0.19999999999999996,1.2,0.6,0.6,1,0,home_win
2023-24,2023-12-02,Nottingham Forest,Everton,1459.9488129578492,1444.854297913482,80.0945150443672,0.2,0.4,-0.2,0.2,0.2,0.0,0.8,1.4,-0.5999999999999999,1.6,1.0,0.6000000000000001,2.2,1.6,-0.6000000000000001,-0.6,-0.6,0.0,0,1,away_win
2023-24,2023-12-03,Bournemouth,Aston Villa,1426.1248606292315,1609.5251194955986,-118.40025886636704,0.6,0.8,-0.20000000000000007,0.0,0.0,0.0,1.8,2.4,-0.5999999999999999,1.8,2.4,-0.5999999999999999,2.0,1.2,-0.8,-0.2,1.2,-1.4,2,2,draw
2023-24,2023-12-03,Chelsea,Brighton & Hove Albion,1516.1977797155569,1570.7254654969813,10.472314218575548,0.2,0.2,0.0,0.4,0.6,-0.19999999999999996,1.0,1.2,-0.19999999999999996,2.2,1.4,0.8000000000000003,2.6,1.4,-1.2000000000000002,-0.4,0.0,-0.4,3,2,home_win
2023-24,2023-12-03,Liverpool,Fulham,1675.739318424349,1473.860152124412,266.87916629993697,0.6,0.2,0.39999999999999997,0.4,0.2,0.2,2.2,0.8,1.4000000000000001,2.0,1.0,1.0,0.4,1.8,1.4,1.6,-0.8,2.4000000000000004,4,3,home_win
2023-24,2023-12-03,Manchester City,Tottenham Hotspur,1732.151363727235,1574.263629009557,222.8877347176781,0.6,0.4,0.19999999999999996,0.4,0.0,0.4,2.2,1.2,1.0000000000000002,3.2,1.4,1.8000000000000003,1.4,1.8,0.40000000000000013,1.8,-0.4,2.2,3,3,draw
2023-24,2023-12-03,West Ham United FC,Crystal Palace,1502.1598265558757,1476.6918648541289,90.46796170174684,0.4,0.2,0.2,0.0,0.0,0.0,1.2,0.6,0.6,1.6,1.2,0.40000000000000013,2.2,2.2,0.0,-0.6,-1.0,0.4,1,1,draw
2023-24,2023-12-05,Luton Town FC,Arsenal,1439.4603284914972,1676.3535527084748,-171.89322421697761,0.2,0.8,-0.6000000000000001,0.2,0.0,0.2,0.8,2.4,-1.5999999999999999,1.0,2.2,-1.2000000000000002,1.8,0.6,-1.2000000000000002,-0.8,1.6,-2.4000000000000004,3,4,away_win
2023-24,2023-12-05,Wolverhampton Wanderers FC,Burnley FC,1457.529555198901,1377.562904073014,144.9666511258872,0.2,0.2,0.0,0.2,0.0,0.2,0.8,0.6,0.20000000000000007,1.6,1.6,0.0,2.0,1.8,-0.19999999999999996,-0.4,-0.2,-0.2,1,0,home_win
2023-24,2023-12-06,Aston Villa,Manchester City,1606.2433540179295,1726.492010796849,-55.24865677891944,0.6,0.4,0.19999999999999996,0.2,0.6,-0.39999999999999997,2.0,1.8,0.19999999999999996,2.0,3.4,-1.4,1.4,1.8,0.40000000000000013,0.6,1.6,-1.0,1,0,home_win
2023-24,2023-12-06,Brighton & Hove Albion,Brentford,1561.0267916810262,1549.7957378038545,76.23105387717169,0.2,0.6,-0.39999999999999997,0.6,0.0,0.6,1.2,1.8,-0.6000000000000001,1.6,1.6,0.0,1.6,1.4,-0.20000000000000018,0.0,0.2,-0.2,2,1,home_win
2023-24,2023-12-06,Crystal Palace,Bournemouth,1479.238446345683,1429.4066261069006,114.83182023878248,0.2,0.6,-0.39999999999999997,0.2,0.2,0.0,0.8,2.0,-1.2,1.4,2.0,-0.6000000000000001,1.6,2.0,0.3999999999999999,-0.2,0.0,-0.2,0,2,away_win
2023-24,2023-12-06,Fulham,Nottingham Forest,1470.3186179676732,1447.6834956339294,87.63512233374377,0.2,0.2,0.0,0.2,0.0,0.2,0.8,0.6,0.20000000000000007,1.6,1.2,0.40000000000000013,2.2,2.0,-0.20000000000000018,-0.6,-0.8,0.20000000000000007,5,0,home_win
2023-24,2023-12-06,Manchester United,Chelsea,1577.0606074319735,1525.896453531512,116.16415390046154,0.6,0.4,0.19999999999999996,0.0,0.2,-0.2,1.8,1.4,0.40000000000000013,1.0,2.4,-1.4,0.8,2.6,1.8,0.2,-0.2,0.4,2,1,home_win
2023-24,2023-12-06,Sheffield United FC,Liverpool,1347.2093730418371,1679.2808525810879,-267.07147953925073,0.2,0.6,-0.39999999999999997,0.2,0.4,-0.2,0.8,2.2,-1.4000000000000001,0.8,2.4,-1.5999999999999999,3.0,1.0,-2.0,-2.2,1.4,-3.6,0,2,away_win
2023-24,2023-12-07,Everton,Newcastle United,1457.1196152374018,1621.182247923595,-99.06263268619318,0.6,0.6,0.0,0.2,0.2,0.0,2.0,2.0,0.0,1.2,1.6,-0.40000000000000013,1.2,1.0,-0.19999999999999996,0.0,0.6,-0.6,3,0,home_win
2023-24,2023-12-07,Tottenham Hotspur,West Ham United FC,1579.9229819399432,1499.6132450643215,145.30973687562164,0.2,0.4,-0.2,0.2,0.2,0.0,0.8,1.4,-0.5999999999999999,1.6,1.6,0.0,2.4,1.6,-0.7999999999999998,-0.8,0.0,-0.8,1,2,away_win
2023-24,2023-12-09,Aston Villa,Arsenal,1617.8202688005413,1681.7737817691536,1.0464870313876418,0.6,0.8,-0.20000000000000007,0.2,0.0,0.2,2.0,2.4,-0.3999999999999999,1.6,2.0,-0.3999999999999999,1.2,1.2,0.0,0.4,0.8,-0.4,1,0,home_win
2023-24,2023-12-09,Brighton & Hove Albion,Burnley FC,1568.8672293726215,1371.5089952833066,262.3582340893149,0.4,0.2,0.2,0.4,0.0,0.4,1.6,0.6,1.0,1.8,1.4,0.40000000000000013,1.6,1.6,0.0,0.2,-0.2,0.4,1,1,draw
2023-24,2023-12-09,Crystal Palace,Liverpool,1459.453727627909,1684.5883159744637,-160.13458834655466,0.2,0.6,-0.39999999999999997,0.2,0.4,-0.2,0.8,2.2,-1.4000000000000001,1.2,2.2,-1.0000000000000002,1.6,1.0,-0.6000000000000001,-0.4,1.2,-1.6,1,2,away_win
2023-24,2023-12-09,Manchester United,Bournemouth,1583.8363913957598,1449.1913448246746,199.64504657108523,0.8,0.6,0.20000000000000007,0.0,0.2,-0.2,2.4,2.0,0.3999999999999999,1.4,2.0,-0.6000000000000001,0.4,1.8,1.4,1.0,0.2,0.8,0,3,away_win
2023-24,2023-12-09,Sheffield United FC,Brentford,1341.9019096484612,1541.9553001122592,-135.053390463798,0.2,0.4,-0.2,0.2,0.0,0.2,0.8,1.2,-0.3999999999999999,0.8,1.4,-0.5999999999999999,2.4,1.8,-0.5999999999999999,-1.6,-0.4,-1.2000000000000002,1,0,home_win
2023-24,2023-12-09,Wolverhampton Wanderers FC,Nottingham Forest,1463.5834639886084,1432.623848673101,95.95961531550734,0.4,0.2,0.2,0.0,0.0,0.0,1.2,0.6,0.6,1.4,1.2,0.19999999999999996,1.6,2.4,0.7999999999999998,-0.2,-1.2,1.0,1,1,draw
2023-24,2023-12-10,Everton,Chelsea,1479.478348166989,1519.1206695677256,25.35767859926341,0.6,0.4,0.19999999999999996,0.2,0.2,0.0,2.0,1.4,0.6000000000000001,1.6,2.6,-1.0,1.2,2.6,1.4000000000000001,0.4,0.0,0.4,2,0,home_win
2023-24,2023-12-10,Fulham,West Ham United FC,1485.3782649285015,1513.5676701579594,36.81059477054214,0.4,0.6,-0.19999999999999996,0.0,0.2,-0.2,1.2,2.0,-0.8,2.4,2.0,0.3999999999999999,2.0,1.6,-0.3999999999999999,0.4,0.4,0.0,5,0,home_win
2023-24,2023-12-10,Luton Town FC,Manchester City,1434.0400994308184,1714.9150960142372,-215.8749965834188,0.2,0.2,0.0,0.2,0.6,-0.39999999999999997,0.8,1.2,-0.3999999999999999,1.4,2.8,-1.4,2.0,2.0,0.0,-0.6,0.8,-1.4,1,2,away_win
2023-24,2023-12-10,Tottenham Hotspur,Newcastle United,1565.9685568463053,1598.8235149940078,32.14504185229748,0.0,0.6,-0.6,0.2,0.0,0.2,0.2,1.8,-1.6,1.4,1.2,0.19999999999999996,2.6,1.2,-1.4000000000000001,-1.2,0.0,-1.2,4,1,home_win
2023-24,2023-12-15,Nottingham Forest,Tottenham Hotspur,1435.3176373902136,1581.8540458320308,-81.53640844181723,0.0,0.2,-0.2,0.2,0.2,0.0,0.2,0.8,-0.6000000000000001,1.0,2.0,-1.0,2.6,2.0,-0.6000000000000001,-1.6,0.0,-1.6,0,2,away_win
2023-24,2023-12-16,Burnley FC,Everton,1377.8909763552965,1493.3855089526162,-50.494532597319676,0.2,0.8,-0.6000000000000001,0.2,0.0,0.2,0.8,2.4,-1.5999999999999999,1.6,1.8,-0.19999999999999996,1.4,1.0,-0.3999999999999999,0.2,0.8,-0.6000000000000001,0,2,away_win
2023-24,2023-12-16,Chelsea,Sheffield United FC,1505.2135087820984,1355.604427944,214.6090808380984,0.2,0.2,0.0,0.2,0.2,0.0,0.8,0.8,0.0,1.8,0.6,1.2000000000000002,2.8,2.2,-0.5999999999999996,-1.0,-1.6,0.6000000000000001,2,0,home_win
2023-24,2023-12-16,Manchester City,Crystal Palace,1719.3945053727582,1453.761937942537,330.6325674302211,0.2,0.0,0.2,0.6,0.2,0.39999999999999997,1.2,0.2,1.0,2.0,1.0,1.0,2.0,2.0,0.0,0.0,-1.0,1.0,2,2,draw
2023-24,2023-12-16,Newcastle United,Fulham,1582.9380260082823,1503.2671700621813,144.67085594610103,0.4,0.6,-0.19999999999999996,0.0,0.0,0.0,1.2,1.8,-0.6000000000000001,1.2,3.4,-2.2,2.0,1.8,-0.19999999999999996,-0.8,1.6,-2.4000000000000004,3,0,home_win
2023-24,2023-12-17,Arsenal,Brighton & Hove Albion,1671.803901996048,1562.4852483006316,174.3186536954163,0.8,0.4,0.4,0.0,0.4,-0.4,2.4,1.6,0.7999999999999998,2.0,1.8,0.19999999999999996,1.2,1.6,0.40000000000000013,0.8,0.2,0.6000000000000001,2,0,home_win
2023-24,2023-12-17,Brentford,Aston Villa,1528.2527818167205,1627.790148573647,-34.53736675692653,0.2,0.8,-0.6000000000000001,0.0,0.2,-0.2,0.6,2.6,-2.0,0.8,1.8,-1.0,1.6,0.8,-0.8,-0.8,1.0,-1.8,1,2,away_win
2023-24,2023-12-17,Liverpool,Manchester United,1690.2801056598357,1557.25830957204,198.0217960877958,0.8,0.6,0.20000000000000007,0.2,0.0,0.2,2.6,1.8,0.8,2.4,1.2,1.2,1.0,1.0,0.0,1.4,0.2,1.2,0,0,draw
2023-24,2023-12-17,West Ham United FC,Wolverhampton Wanderers FC,1495.6787650242795,1460.889675271496,99.78908975278364,0.6,0.4,0.19999999999999996,0.2,0.2,0.0,2.0,1.4,0.6000000000000001,1.6,1.4,0.20000000000000018,2.0,1.4,-0.6000000000000001,-0.4,0.0,-0.4,3,0,home_win
2023-24,2023-12-21,Crystal Palace,Brighton & Hove Albion,1461.1671706466302,1554.4373907862307,-28.270220139600497,0.0,0.4,-0.4,0.4,0.2,0.2,0.4,1.4,-0.9999999999999999,1.0,1.6,-0.6000000000000001,1.8,1.8,0.0,-0.8,-0.2,-0.6000000000000001,1,1,draw
2023-24,2023-12-22,Aston Villa,Sheffield United FC,1636.799344697849,1348.8472403635276,352.95210433432135,0.8,0.2,0.6000000000000001,0.2,0.0,0.2,2.6,0.6,2.0,1.6,0.4,1.2000000000000002,0.8,2.4,1.5999999999999999,0.8,-2.0,2.8,1,1,draw
2023-24,2023-12-23,Fulham,Burnley FC,1492.6602465398187,1365.0557801480634,192.6044663917553,0.6,0.2,0.39999999999999997,0.0,0.2,-0.2,1.8,0.8,1.0,3.2,1.4,1.8000000000000003,1.8,1.2,-0.6000000000000001,1.4,0.2,1.2,0,2,away_win
2023-24,2023-12-23,Liverpool,Arsenal,1685.126861402296,1679.8517595104488,70.27510189184727,0.6,0.8,-0.20000000000000007,0.4,0.0,0.4,2.2,2.4,-0.19999999999999973,1.8,1.8,0.0,1.0,1.0,0.0,0.8,0.8,0.0,1,1,draw
2023-24,2023-12-23,Luton Town FC,Newcastle United,1429.5606900722973,1593.544949530645,-98.98425945834765,0.2,0.6,-0.39999999999999997,0.0,0.0,0.0,0.6,1.8,-1.2000000000000002,1.4,1.8,-0.40000000000000013,2.2,1.6,-0.6000000000000001,-0.8,0.2,-1.0,1,0,home_win
2023-24,2023-12-23,Nottingham Forest,Bournemouth,1423.7746145715305,1475.7694266483945,13.005187923135964,0.0,0.8,-0.8,0.2,0.2,0.0,0.2,2.6,-2.4,0.6,2.4,-1.7999999999999998,2.4,0.6,-1.7999999999999998,-1.8,1.8,-3.6,2,3,away_win
2023-24,2023-12-23,Tottenham Hotspur,Everton,1593.397068650714,1506.2207051598493,152.17636349086456,0.4,0.8,-0.4,0.2,0.0,0.2,1.4,2.4,-1.0,2.2,1.6,0.6000000000000001,1.6,0.6,-1.0,0.6,1.0,-0.4,2,1,home_win
2023-24,2023-12-23,West Ham United FC,Manchester United,1508.2862813994961,1562.4115538295796,10.874727569916558,0.6,0.4,0.19999999999999996,0.2,0.2,0.0,2.0,1.4,0.6000000000000001,1.6,1.0,0.6000000000000001,1.6,1.0,-0.6000000000000001,0.0,0.0,0.0,2,0,home_win
2023-24,2023-12-24,Wolverhampton Wanderers FC,Chelsea,1448.2821588962793,1511.9706963625708,1.3114625337084362,0.2,0.4,-0.2,0.2,0.0,0.2,0.8,1.2,-0.3999999999999999,1.0,1.4,-0.3999999999999999,1.8,2.0,0.19999999999999996,-0.8,-0.6,-0.20000000000000007,2,1,home_win
2023-24,2023-12-26,Bournemouth,Fulham,1486.1435713184749,1470.1035320310525,81.04003928742236,0.8,0.4,0.4,0.2,0.0,0.2,2.6,1.2,1.4000000000000001,2.6,2.6,0.0,1.0,1.8,0.8,1.6,0.8,0.8,3,0,home_win
2023-24,2023-12-26,Burnley FC,Liverpool,1387.6124946568295,1683.1313215109867,-230.51882685415717,0.4,0.6,-0.19999999999999996,0.2,0.4,-0.2,1.4,2.2,-0.8000000000000003,1.6,1.8,-0.19999999999999996,0.8,1.0,0.19999999999999996,0.8,0.8,0.0,0,2,away_win
2023-24,2023-12-26,Manchester United,Aston Villa,1547.8809002982844,1629.1175225727075,-16.236622274423098,0.2,0.6,-0.39999999999999997,0.2,0.4,-0.2,0.8,2.2,-1.4000000000000001,0.4,1.4,-0.9999999999999999,1.4,0.8,-0.5999999999999999,-1.0,0.6,-1.6,3,2,home_win
2023-24,2023-12-26,Newcastle United,Nottingham Forest,1580.7706127214142,1413.4004699014502,232.37014281996403,0.4,0.0,0.4,0.0,0.2,-0.2,1.2,0.2,1.0,1.0,0.6,0.4,1.6,2.4,0.7999999999999998,-0.6,-1.8,1.2000000000000002,1,3,away_win
2023-24,2023-12-26,Sheffield United FC,Luton Town FC,1356.529062488669,1442.3350268815282,-20.805964392859096,0.2,0.4,-0.2,0.2,0.0,0.2,0.8,1.2,-0.3999999999999999,0.4,1.6,-1.2000000000000002,2.0,2.0,0.0,-1.6,-0.4,-1.2000000000000002,2,3,away_win
2023-24,2023-12-27,Brentford,Wolverhampton Wanderers FC,1519.2435856925185,1458.244412149553,125.99917354296554,0.2,0.4,-0.2,0.0,0.2,-0.2,0.6,1.4,-0.7999999999999999,1.0,1.0,0.0,1.4,1.4,0.0,-0.4,-0.4,0.0,1,4,away_win
2023-24,2023-12-27,Chelsea,Crystal Palace,1502.008443109297,1461.9790619931155,105.02938111618164,0.4,0.0,0.4,0.0,0.6,-0.6,1.2,0.6,0.6,1.4,1.0,0.3999999999999999,1.6,1.6,0.0,-0.2,-0.6,0.39999999999999997,2,1,home_win
2023-24,2023-12-27,Everton,Manchester City,1500.340547804542,1711.989272668665,-146.6487248641231,0.8,0.2,0.6000000000000001,0.0,0.6,-0.6,2.4,1.2,1.2,1.8,1.6,0.19999999999999996,0.4,1.6,1.2000000000000002,1.4,0.0,1.4,1,3,away_win
2023-24,2023-12-28,Arsenal,West Ham United FC,1681.8472994017582,1522.8169349307914,224.0303644709668,0.6,0.6,0.0,0.2,0.2,0.0,2.0,2.0,0.0,1.8,1.6,0.19999999999999996,1.2,1.4,0.19999999999999996,0.6,0.2,0.39999999999999997,0,2,away_win
2023-24,2023-12-28,Brighton & Hove Albion,Tottenham Hotspur,1553.6254994397455,1599.2772260060212,19.348273433724216,0.2,0.6,-0.39999999999999997,0.4,0.2,0.2,1.0,2.0,-1.0,1.2,2.4,-1.2,1.6,1.4,-0.20000000000000018,-0.4,1.0,-1.4,4,2,home_win
2023-24,2023-12-30,Aston Villa,Burnley FC,1618.650534927391,1381.3226796159445,302.32785531144646,0.6,0.2,0.39999999999999997,0.2,0.2,0.0,2.0,0.8,1.2,1.4,0.6,0.7999999999999999,1.0,1.2,0.19999999999999996,0.4,-0.6,1.0,3,2,home_win
2023-24,2023-12-30,Crystal Palace,Brentford,1454.9132117107529,1495.6614557159733,24.251755994779614,0.0,0.2,-0.2,0.4,0.0,0.4,0.4,0.6,-0.19999999999999996,1.0,1.2,-0.19999999999999996,1.8,2.0,0.19999999999999996,-0.8,-0.8,0.0,3,1,home_win
2023-24,2023-12-30,Luton Town FC,Chelsea,1451.7368979086345,1509.0742933916597,7.662604516974852,0.4,0.4,0.0,0.0,0.0,0.0,1.2,1.2,0.0,1.8,1.2,0.6000000000000001,2.2,1.4,-0.8000000000000003,-0.4,-0.2,-0.2,2,3,away_win
2023-24,2023-12-30,Manchester City,Sheffield United FC,1721.0089405531633,1347.1271914615627,438.88174909160057,0.4,0.2,0.2,0.4,0.2,0.2,1.6,0.8,0.8,2.0,0.8,1.2,1.6,1.6,0.0,0.4,-0.8,1.2000000000000002,2,0,home_win
2023-24,2023-12-30,Nottingham Forest,Manchester United,1437.1634680027787,1558.3478879436009,-56.18441994082218,0.2,0.4,-0.2,0.2,0.2,0.0,0.8,1.4,-0.5999999999999999,1.2,1.0,0.19999999999999996,2.4,1.6,-0.7999999999999998,-1.2,-0.6,-0.6,2,1,home_win
2023-24,2023-12-30,Wolverhampton Wanderers FC,Everton,1481.8265421260983,1491.3208799200438,55.50566220605447,0.6,0.6,0.0,0.2,0.0,0.2,2.0,1.8,0.19999999999999996,1.6,1.8,-0.19999999999999996,1.2,1.0,-0.19999999999999996,0.4,0.8,-0.4,3,0,home_win
2023-24,2023-12-31,Fulham,Arsenal,1456.6129905943192,1658.3248010900988,-136.71181049577967,0.4,0.4,0.0,0.0,0.2,-0.2,1.2,1.4,-0.19999999999999996,2.0,1.4,0.6000000000000001,1.6,1.4,-0.20000000000000018,0.4,0.0,0.4,2,1,home_win
2023-24,2023-12-31,Tottenham Hotspur,Bournemouth,1585.1116956653702,1499.6341127552082,150.47758291016203,0.6,0.8,-0.20000000000000007,0.0,0.2,-0.2,1.8,2.6,-0.8,2.2,2.6,-0.3999999999999999,1.6,0.8,-0.8,0.6,1.8,-1.2000000000000002,3,1,home_win
2023-24,2024-01-01,Liverpool,Newcastle United,1689.4211365518718,1557.0076146200856,197.41352193178614,0.6,0.2,0.39999999999999997,0.4,0.0,0.4,2.2,0.6,1.6,1.4,1.0,0.3999999999999999,0.4,2.2,1.8000000000000003,1.0,-1.2,2.2,4,2,home_win
2023-24,2024-01-02,West Ham United FC,Brighton & Hove Albion,1546.3394332424507,1567.7910297803965,43.54840346205424,0.8,0.4,0.4,0.0,0.4,-0.4,2.4,1.6,0.7999999999999998,1.8,1.6,0.19999999999999996,1.2,1.4,0.19999999999999996,0.6,0.2,0.39999999999999997,0,0,draw
2023-24,2024-01-12,Burnley FC,Luton Town FC,1378.3372820904453,1441.5163861739766,1.8208959164687712,0.2,0.4,-0.2,0.2,0.0,0.2,0.8,1.2,-0.3999999999999999,1.0,2.0,-1.0,1.6,2.2,0.6000000000000001,-0.6,-0.2,-0.39999999999999997,1,1,draw
2023-24,2024-01-13,Chelsea,Fulham,1519.2948051263177,1470.356625507879,113.93817961843865,0.6,0.4,0.19999999999999996,0.0,0.0,0.0,1.8,1.2,0.6000000000000001,1.6,1.4,0.20000000000000018,1.4,1.8,0.40000000000000013,0.2,-0.4,0.6000000000000001,1,0,home_win
2023-24,2024-01-13,Newcastle United,Manchester City,1549.7181762360835,1723.229768551791,-108.5115923157075,0.2,0.6,-0.39999999999999997,0.0,0.2,-0.2,0.6,2.0,-1.4,1.4,1.8,-0.40000000000000013,2.4,1.0,-1.4,-1.0,0.8,-1.8,2,3,away_win
2023-24,2024-01-14,Everton,Aston Villa,1476.5931025328198,1621.63593245289,-80.04282992007029,0.4,0.6,-0.19999999999999996,0.0,0.2,-0.2,1.2,2.0,-0.8,1.2,1.8,-0.6000000000000001,1.6,1.4,-0.20000000000000018,-0.4,0.4,-0.8,0,0,draw
2023-24,2024-01-14,Manchester United,Tottenham Hotspur,1546.7447206883699,1593.9929479193547,17.751772769015133,0.2,0.8,-0.6000000000000001,0.2,0.0,0.2,0.8,2.4,-1.5999999999999999,0.8,2.6,-1.8,1.8,1.4,-0.40000000000000013,-1.0,1.2,-2.2,2,2,draw
2023-24,2024-01-20,Arsenal,Crystal Palace,1644.581166176539,1468.8678764314182,240.71328974512085,0.2,0.2,0.0,0.2,0.4,-0.2,0.8,1.0,-0.19999999999999996,0.8,1.6,-0.8,1.2,1.6,0.40000000000000013,-0.4,0.0,-0.4,5,0,home_win
2023-24,2024-01-20,Brentford,Nottingham Forest,1481.706790995308,1448.7666352580097,97.94015573729826,0.0,0.4,-0.4,0.0,0.2,-0.2,0.0,1.4,-1.4,0.8,1.6,-0.8,2.4,1.6,-0.7999999999999998,-1.6,0.0,-1.6,3,2,home_win
2023-24,2024-01-21,Bournemouth,Liverpool,1490.7528605012237,1696.7105749358739,-140.95771443465014,0.8,0.6,0.20000000000000007,0.0,0.4,-0.4,2.4,2.2,0.19999999999999973,2.4,1.8,0.5999999999999999,1.0,0.8,-0.19999999999999996,1.4,1.0,0.3999999999999999,0,4,away_win
2023-24,2024-01-21,Sheffield United FC,West Ham United FC,1344.906363462935,1545.0925325050687,-135.18616904213377,0.2,0.6,-0.39999999999999997,0.2,0.2,0.0,0.8,2.0,-1.2,0.8,1.4,-0.5999999999999999,1.6,1.0,-0.6000000000000001,-0.8,0.4,-1.2000000000000002,2,2,draw
2023-24,2024-01-22,Brighton & Hove Albion,Wolverhampton Wanderers FC,1569.0379305177785,1496.5543195133223,137.48361100445618,0.2,0.6,-0.39999999999999997,0.6,0.2,0.39999999999999997,1.2,2.0,-0.8,1.2,2.0,-0.8,1.2,1.2,0.0,0.0,0.8,-0.8,0,0,draw
2023-24,2024-01-30,Aston Villa,Newcastle United,1619.372026454471,1542.74365172181,141.6283747326611,0.4,0.2,0.2,0.4,0.0,0.4,1.6,0.6,1.0,1.6,1.6,0.0,1.4,2.2,0.8000000000000003,0.2,-0.6,0.8,1,3,away_win
2023-24,2024-01-30,Crystal Palace,Sheffield United FC,1460.8637970629222,1348.612179066748,177.25161799617422,0.2,0.0,0.2,0.4,0.4,0.0,1.0,0.4,0.6,1.4,1.0,0.3999999999999999,2.2,2.0,-0.20000000000000018,-0.8,-1.0,0.19999999999999996,3,2,home_win
2023-24,2024-01-30,Fulham,Everton,1463.5233151130262,1478.8570085312388,49.66630658178747,0.2,0.2,0.0,0.0,0.2,-0.2,0.6,0.8,-0.20000000000000007,0.4,0.8,-0.4,2.0,1.6,-0.3999999999999999,-1.6,-0.8,-0.8,0,0,draw
2023-24,2024-01-30,Luton Town FC,Brighton & Hove Albion,1441.56879529154,1565.275210579583,-58.70641528804299,0.4,0.2,0.2,0.2,0.6,-0.39999999999999997,1.4,1.2,0.19999999999999996,1.6,1.0,0.6000000000000001,1.6,1.0,-0.6000000000000001,0.0,0.0,0.0,4,0,home_win
2023-24,2024-01-30,Nottingham Forest,Arsenal,1441.513210348415,1652.585245545035,-146.07203519661994,0.4,0.4,0.0,0.0,0.2,-0.2,1.2,1.4,-0.19999999999999996,1.8,1.8,0.0,2.0,1.0,-1.0,-0.2,0.8,-1.0,1,2,away_win
2023-24,2024-01-31,Liverpool,Chelsea,1708.245141699946,1526.1281155211705,247.11702617877563,0.6,0.8,-0.20000000000000007,0.4,0.0,0.4,2.2,2.4,-0.19999999999999973,2.2,1.8,0.40000000000000013,0.6,1.0,0.4,1.6,0.8,0.8,4,1,home_win
2023-24,2024-01-31,Manchester City,Burnley FC,1730.2042930660646,1378.2848729728819,416.9194200931827,0.8,0.2,0.6000000000000001,0.2,0.2,0.0,2.6,0.8,1.8,2.4,1.0,1.4,1.2,1.6,0.40000000000000013,1.2,-0.6,1.7999999999999998,3,1,home_win
2023-24,2024-01-31,Tottenham Hotspur,Brentford,1594.503440863185,1488.9602159049027,170.54322495828228,0.6,0.2,0.39999999999999997,0.2,0.0,0.2,2.0,0.6,1.4,2.2,1.2,1.0000000000000002,1.6,2.4,0.7999999999999998,0.6,-1.2,1.7999999999999998,3,2,home_win
2023-24,2024-02-01,West Ham United FC,Bournemouth,1541.3867169012556,1479.2182937371515,127.16842316410407,0.6,0.6,0.0,0.4,0.0,0.4,2.2,1.8,0.40000000000000013,1.8,2.0,-0.19999999999999996,0.4,1.8,1.4,1.4,0.2,1.2,1,1,draw
2023-24,2024-02-01,Wolverhampton Wanderers FC,Manchester United,1500.3170394515178,1546.2342277445396,19.08281170697819,0.6,0.2,0.39999999999999997,0.2,0.4,-0.2,2.0,1.0,1.0,1.8,1.2,0.6000000000000001,1.0,1.6,0.6000000000000001,0.8,-0.4,1.2000000000000002,3,4,away_win
2023-24,2024-02-03,Brighton & Hove Albion,Crystal Palace,1543.3868223954744,1466.1630115334613,142.22381086201312,0.2,0.4,-0.2,0.6,0.2,0.39999999999999997,1.2,1.4,-0.19999999999999996,1.0,1.6,-0.6000000000000001,1.4,2.2,0.8000000000000003,-0.4,-0.6,0.19999999999999996,4,1,home_win
2023-24,2024-02-03,Burnley FC,Fulham,1375.7896488507834,1462.1034623230669,-21.313813472283528,0.2,0.2,0.0,0.2,0.2,0.0,0.8,0.8,0.0,1.2,0.4,0.7999999999999999,1.8,1.4,-0.40000000000000013,-0.6,-1.0,0.4,2,2,draw
2023-24,2024-02-03,Everton,Tottenham Hotspur,1480.276861321198,1599.954430814652,-54.6775694934538,0.0,0.6,-0.6,0.4,0.2,0.2,0.4,2.0,-1.6,0.4,2.4,-2.0,1.6,2.0,0.3999999999999999,-1.2,0.4,-1.6,2,2,draw
2023-24,2024-02-03,Newcastle United,Luton Town FC,1563.5406468306,1463.4571834756487,165.0834633549514,0.2,0.6,-0.39999999999999997,0.0,0.2,-0.2,0.6,2.0,-1.4,1.6,2.2,-0.6000000000000001,2.4,1.2,-1.2,-0.8,1.0,-1.8,4,4,draw
2023-24,2024-02-03,Sheffield United FC,Aston Villa,1343.312964596209,1598.575031345681,-190.26206674947207,0.0,0.2,-0.2,0.4,0.4,0.0,0.4,1.0,-0.6,1.4,1.4,0.0,2.2,1.8,-0.40000000000000013,-0.8,-0.4,-0.4,0,5,away_win
2023-24,2024-02-04,Arsenal,Liverpool,1658.6123267908913,1715.0444810508416,8.567845740049734,0.4,0.8,-0.4,0.2,0.2,0.0,1.4,2.6,-1.2000000000000002,1.8,3.0,-1.2,1.2,0.8,-0.3999999999999999,0.6,2.2,-1.6,3,1,home_win
2023-24,2024-02-04,Bournemouth,Nottingham Forest,1482.723350539359,1435.4861291025586,112.23722143680038,0.4,0.4,0.0,0.2,0.0,0.2,1.4,1.2,0.19999999999999996,1.6,2.0,-0.3999999999999999,2.0,2.0,0.0,-0.4,0.0,-0.4,1,1,draw
2023-24,2024-02-04,Chelsea,Wolverhampton Wanderers FC,1519.328776170275,1489.7683436238015,94.56043254647352,0.6,0.6,0.0,0.0,0.2,-0.2,1.8,2.0,-0.19999999999999996,1.6,2.4,-0.7999999999999998,1.8,1.2,-0.6000000000000001,-0.2,1.2,-1.4,2,4,away_win
2023-24,2024-02-04,Manchester United,West Ham United FC,1556.7829235722559,1537.881660099048,83.90126347320779,0.4,0.4,0.0,0.2,0.6,-0.39999999999999997,1.4,1.8,-0.40000000000000013,2.0,1.4,0.6000000000000001,2.2,0.6,-1.6,-0.2,0.8,-1.0,3,0,home_win
2023-24,2024-02-05,Brentford,Manchester City,1483.5092259534358,1732.699517188163,-184.19029123472728,0.2,0.8,-0.6000000000000001,0.0,0.2,-0.2,0.6,2.6,-2.0,1.6,2.6,-1.0,2.8,1.2,-1.5999999999999999,-1.2,1.4,-2.5999999999999996,1,3,away_win
2023-24,2024-02-10,Fulham,Bournemouth,1461.4907698561008,1479.6007770667059,46.88999278939491,0.2,0.2,0.0,0.4,0.4,0.0,1.0,1.0,0.0,0.8,1.2,-0.3999999999999999,1.4,1.8,0.40000000000000013,-0.6,-0.6,0.0,3,1,home_win
2023-24,2024-02-10,Liverpool,Burnley FC,1700.4143097214646,1376.4023413177495,389.0119684037152,0.8,0.0,0.8,0.0,0.4,-0.4,2.4,0.4,2.0,3.0,1.2,1.8,1.2,2.2,1.0000000000000002,1.8,-1.0,2.8,3,1,home_win
2023-24,2024-02-10,Luton Town FC,Sheffield United FC,1467.8806807536175,1333.2876247946544,199.59305595896308,0.4,0.0,0.4,0.4,0.2,0.2,1.6,0.2,1.4000000000000001,2.8,1.2,1.5999999999999999,2.0,3.0,1.0,0.8,-1.8,2.6,1,3,away_win
2023-24,2024-02-10,Manchester City,Everton,1740.4171696216758,1481.8377434868505,323.5794261348253,1.0,0.0,1.0,0.0,0.6,-0.6,3.0,0.6,2.4,2.8,0.6,2.1999999999999997,1.0,1.6,0.6000000000000001,1.8,-1.0,2.8,2,0,home_win
2023-24,2024-02-10,Nottingham Forest,Newcastle United,1438.6087025752117,1559.1171495526312,-55.50844697741945,0.4,0.2,0.2,0.2,0.2,0.0,1.4,0.8,0.5999999999999999,1.8,2.4,-0.5999999999999999,1.6,3.0,1.4,0.2,-0.6,0.8,2,3,away_win
2023-24,2024-02-10,Tottenham Hotspur,Brighton & Hove Albion,1598.3935486489995,1554.098166219971,109.29538242902845,0.4,0.4,0.0,0.4,0.4,0.0,1.6,1.6,0.0,2.4,1.6,0.7999999999999998,2.2,1.4,-0.8000000000000003,0.2,0.2,0.0,2,1,home_win
2023-24,2024-02-10,Wolverhampton Wanderers FC,Brentford,1508.7529420584249,1475.791573519923,97.9613685385018,0.6,0.2,0.39999999999999997,0.2,0.0,0.2,2.0,0.6,1.4,2.8,1.6,1.1999999999999997,1.4,3.0,1.6,1.4,-1.4,2.8,0,2,away_win
2023-24,2024-02-11,Aston Villa,Manchester United,1608.6003711472356,1570.1371731402594,103.4631980069762,0.4,0.6,-0.19999999999999996,0.2,0.2,0.0,1.4,2.0,-0.6000000000000001,2.2,2.6,-0.3999999999999999,1.6,1.8,0.19999999999999996,0.6,0.8,-0.20000000000000007,1,2,away_win
2023-24,2024-02-11,West Ham United FC,Arsenal,1524.5274105310446,1673.2424981202682,-83.71508758922369,0.2,0.6,-0.39999999999999997,0.6,0.0,0.6,1.2,1.8,-0.6000000000000001,1.0,2.2,-1.2000000000000002,1.2,1.2,0.0,-0.2,1.0,-1.2,0,6,away_win
2023-24,2024-02-12,Crystal Palace,Chelsea,1455.4516677089646,1500.3441777356516,20.107489973313022,0.4,0.6,-0.19999999999999996,0.0,0.0,0.0,1.2,1.8,-0.6000000000000001,1.6,1.8,-0.19999999999999996,2.8,2.2,-0.5999999999999996,-1.2,-0.4,-0.7999999999999999,1,3,away_win
2023-24,2024-02-17,Brentford,Liverpool,1494.9122828843228,1703.3025167379376,-143.39023385361475,0.4,0.8,-0.4,0.0,0.0,0.0,1.2,2.4,-1.2,1.8,3.2,-1.4000000000000001,2.2,1.4,-0.8000000000000003,-0.4,1.8,-2.2,1,4,away_win
2023-24,2024-02-17,Burnley FC,Arsenal,1373.5141343012765,1689.469121871147,-250.95498756987058,0.0,0.8,-0.8,0.4,0.0,0.4,0.4,2.4,-2.0,1.4,3.4,-2.0,2.4,0.8,-1.5999999999999999,-1.0,2.6,-3.6,0,5,away_win
2023-24,2024-02-17,Fulham,Aston Villa,1474.4785682536055,1595.7074731830992,-56.22890492949364,0.4,0.4,0.0,0.4,0.2,0.2,1.6,1.4,0.20000000000000018,1.4,2.0,-0.6000000000000001,1.0,1.4,0.3999999999999999,0.4,0.6,-0.19999999999999996,1,2,away_win
2023-24,2024-02-17,Manchester City,Chelsea,1744.4489238289007,1516.211319941214,293.23760388768665,1.0,0.6,0.4,0.0,0.0,0.0,3.0,1.8,1.2,2.6,2.0,0.6000000000000001,0.8,2.2,1.4000000000000001,1.8,-0.2,2.0,1,1,draw
2023-24,2024-02-17,Newcastle United,Bournemouth,1567.5329442046527,1466.612978669201,165.91996553545164,0.4,0.0,0.4,0.2,0.4,-0.2,1.4,0.4,0.9999999999999999,2.8,0.8,1.9999999999999998,2.8,2.4,-0.3999999999999999,0.0,-1.6,1.6,2,2,draw
2023-24,2024-02-17,Nottingham Forest,West Ham United FC,1430.1929079231904,1508.3007867801657,-13.107878856975276,0.2,0.0,0.2,0.2,0.6,-0.39999999999999997,0.8,0.6,0.20000000000000007,1.6,0.6,1.0,2.0,2.4,0.3999999999999999,-0.4,-1.8,1.4,2,0,home_win
2023-24,2024-02-17,Tottenham Hotspur,Wolverhampton Wanderers FC,1605.3475928487799,1489.632232694025,180.71536015475476,0.6,0.4,0.19999999999999996,0.4,0.2,0.2,2.2,1.4,0.8000000000000003,2.4,2.0,0.3999999999999999,1.6,1.6,0.0,0.8,0.4,0.4,1,2,away_win
2023-24,2024-02-18,Luton Town FC,Manchester United,1445.1011084806653,1583.0300711043958,-72.92896262373051,0.2,0.6,-0.39999999999999997,0.4,0.2,0.2,1.0,2.0,-1.0,2.4,2.4,0.0,2.2,1.6,-0.6000000000000001,0.2,0.8,-0.6000000000000001,1,2,away_win
2023-24,2024-02-18,Sheffield United FC,Brighton & Hove Albion,1356.0671970676067,1547.1441220201907,-126.07692495258402,0.2,0.2,0.0,0.2,0.4,-0.2,0.8,1.0,-0.19999999999999996,1.4,1.0,0.3999999999999999,2.6,1.4,-1.2000000000000002,-1.2,-0.4,-0.7999999999999999,0,5,away_win
2023-24,2024-02-19,Everton,Crystal Palace,1477.8059892796257,1439.5845255034021,103.22146377622357,0.0,0.4,-0.4,0.6,0.0,0.6,0.6,1.2,-0.6,0.4,1.6,-1.2000000000000002,1.4,3.0,1.6,-1.0,-1.4,0.3999999999999999,1,1,draw
2023-24,2024-02-20,Manchester City,Brentford,1737.569674779199,1484.2507843704743,318.31889040872466,0.8,0.4,0.4,0.2,0.0,0.2,2.6,1.2,1.4000000000000001,2.4,1.8,0.5999999999999999,1.0,2.4,1.4,1.4,-0.6,2.0,1,0,home_win
2023-24,2024-02-21,Liverpool,Luton Town FC,1713.9640152517861,1437.1698778197333,341.7941374320528,0.8,0.2,0.6000000000000001,0.0,0.4,-0.4,2.4,1.0,1.4,3.2,2.2,1.0,1.2,2.0,0.8,2.0,0.2,1.8,4,1,home_win
2023-24,2024-02-24,Arsenal,Newcastle United,1697.102402278607,1563.0901022199928,199.0123000586143,1.0,0.4,0.6,0.0,0.4,-0.4,3.0,1.6,1.4,4.2,2.8,1.4000000000000004,0.4,2.4,2.0,3.8,0.4,3.4,4,1,home_win
2023-24,2024-02-24,Aston Villa,Nottingham Forest,1604.1030584802324,1445.7585521969904,223.34450628324203,0.4,0.2,0.2,0.2,0.2,0.0,1.4,0.8,0.5999999999999999,1.8,1.6,0.19999999999999996,1.2,1.8,0.6000000000000001,0.6,-0.2,0.8,4,2,home_win
2023-24,2024-02-24,Bournemouth,Manchester City,1471.055820653861,1740.3287488510728,-204.27292819721174,0.0,0.8,-0.8,0.6,0.2,0.39999999999999997,0.6,2.6,-2.0,1.0,2.0,-1.0,2.2,0.6,-1.6,-1.2,1.4,-2.5999999999999996,0,1,away_win
2023-24,2024-02-24,Brighton & Hove Albion,Everton,1560.1891815368035,1474.9194679907948,150.2697135460087,0.4,0.0,0.4,0.2,0.8,-0.6000000000000001,1.4,0.8,0.5999999999999999,2.0,0.6,1.4,1.4,1.0,-0.3999999999999999,0.6,-0.4,1.0,1,1,draw
2023-24,2024-02-24,Crystal Palace,Burnley FC,1442.471046792233,1365.8808538938165,141.5901928984165,0.2,0.0,0.2,0.2,0.4,-0.2,0.8,0.4,0.4,1.2,1.0,0.19999999999999996,3.0,2.8,-0.20000000000000018,-1.8,-1.8,0.0,3,0,home_win
2023-24,2024-02-24,Manchester United,Fulham,1590.9613017653278,1466.0829829564723,189.8783188088555,0.8,0.2,0.6000000000000001,0.2,0.4,-0.2,2.6,1.0,1.6,2.6,1.2,1.4000000000000001,1.4,1.2,-0.19999999999999996,1.2,0.0,1.2,1,2,away_win
2023-24,2024-02-25,Wolverhampton Wanderers FC,Sheffield United FC,1504.410318036009,1343.0221375509939,226.38818048501503,0.4,0.2,0.2,0.2,0.2,0.0,1.4,0.8,0.5999999999999999,1.8,1.4,0.40000000000000013,1.8,3.2,1.4000000000000001,0.0,-1.8,1.8,1,0,home_win
2023-24,2024-02-26,West Ham United FC,Brentford,1492.7351425063657,1481.4917102986005,76.24343220776518,0.0,0.2,-0.2,0.4,0.0,0.4,0.4,0.6,-0.19999999999999996,0.6,1.2,-0.6,2.8,2.2,-0.5999999999999996,-2.2,-1.0,-1.2000000000000002,4,2,home_win
2023-24,2024-03-02,Brentford,Chelsea,1469.7315632491927,1523.0905689909157,11.640994258277033,0.2,0.4,-0.2,0.0,0.2,-0.2,0.6,1.4,-0.7999999999999999,1.2,1.6,-0.40000000000000013,2.4,2.0,-0.3999999999999999,-1.2,-0.4,-0.7999999999999999,2,2,draw
2023-24,2024-03-02,Everton,West Ham United FC,1478.9936445167857,1504.4952895557735,39.49835496101218,0.0,0.2,-0.2,0.8,0.2,0.6000000000000001,0.8,0.8,0.0,0.8,1.0,-0.19999999999999996,1.2,2.8,1.5999999999999999,-0.4,-1.8,1.4,1,3,away_win
2023-24,2024-03-02,Fulham,Brighton & Hove Albion,1481.0620106440538,1556.1150050108126,-10.052994366758867,0.4,0.4,0.0,0.4,0.2,0.2,1.6,1.4,0.20000000000000018,1.6,2.2,-0.6000000000000001,1.2,1.6,0.40000000000000013,0.4,0.6,-0.19999999999999996,3,0,home_win
2023-24,2024-03-02,Luton Town FC,Aston Villa,1432.876954510951,1610.600634752922,-112.7236802419709,0.2,0.6,-0.39999999999999997,0.2,0.0,0.2,0.8,1.8,-1.0,2.2,2.6,-0.3999999999999999,2.6,1.6,-1.0,-0.4,1.0,-1.4,2,3,away_win
2023-24,2024-03-02,Newcastle United,Wolverhampton Wanderers FC,1554.644867612803,1508.6828735144795,110.96199409832343,0.4,0.6,-0.19999999999999996,0.4,0.0,0.4,1.6,1.8,-0.19999999999999996,2.6,2.0,0.6000000000000001,2.6,1.8,-0.8,0.0,0.2,-0.2,3,0,home_win
2023-24,2024-03-02,Nottingham Forest,Liverpool,1439.260975924301,1718.2569385605684,-213.99596263626745,0.2,0.8,-0.6000000000000001,0.2,0.0,0.2,0.8,2.4,-1.5999999999999999,1.6,3.2,-1.6,2.0,1.4,-0.6000000000000001,-0.4,1.8,-2.2,0,1,away_win
2023-24,2024-03-02,Tottenham Hotspur,Crystal Palace,1590.569507506796,1453.2095218448123,202.35998566198373,0.4,0.4,0.0,0.4,0.2,0.2,1.6,1.4,0.20000000000000018,2.0,1.8,0.19999999999999996,1.8,2.0,0.19999999999999996,0.2,-0.2,0.4,3,1,home_win
2023-24,2024-03-03,Burnley FC,Bournemouth,1355.1423788412371,1466.339979051834,-46.197600210596875,0.0,0.0,0.0,0.2,0.6,-0.39999999999999997,0.2,0.6,-0.39999999999999997,0.8,1.0,-0.19999999999999996,3.2,1.6,-1.6,-2.4,-0.6,-1.7999999999999998,0,2,away_win
2023-24,2024-03-03,Manchester City,Manchester United,1745.0445904530998,1575.9822740777463,234.06231637535348,0.8,0.8,0.0,0.2,0.0,0.2,2.6,2.4,0.20000000000000018,1.6,2.4,-0.7999999999999998,0.4,1.4,0.9999999999999999,1.2,1.0,0.19999999999999996,3,1,home_win
2023-24,2024-03-04,Sheffield United FC,Arsenal,1338.7495820725233,1705.547636885797,-301.79805481327367,0.2,1.0,-0.8,0.0,0.0,0.0,0.6,3.0,-2.4,1.0,4.0,-3.0,3.0,0.6,-2.4,-2.0,3.4,-5.4,0,6,away_win
2023-24,2024-03-09,Arsenal,Brentford,1711.908083903919,1469.3966338242005,307.51145007971854,1.0,0.2,0.8,0.0,0.2,-0.2,3.0,0.8,2.2,4.8,1.4,3.4,0.4,2.2,1.8000000000000003,4.4,-0.8,5.2,2,1,home_win
2023-24,2024-03-09,Bournemouth,Sheffield United FC,1479.357140315773,1332.389135054401,211.9680052613719,0.2,0.2,0.0,0.4,0.0,0.4,1.0,0.6,0.4,1.2,0.6,0.6,1.4,3.6,2.2,-0.2,-3.0,2.8,2,2,draw
2023-24,2024-03-09,Crystal Palace,Luton Town FC,1446.076058579911,1426.012158660492,85.06389991941887,0.2,0.0,0.2,0.2,0.2,0.0,0.8,0.2,0.6000000000000001,1.4,1.8,-0.40000000000000013,2.2,3.2,1.0,-0.8,-1.4,0.5999999999999999,1,1,draw
2023-24,2024-03-09,Manchester United,Everton,1569.793258679303,1462.2956722338731,172.49758644543,0.6,0.0,0.6,0.0,0.6,-0.6,1.8,0.6,1.2000000000000002,1.8,1.0,0.8,1.4,1.8,0.40000000000000013,0.4,-0.8,1.2000000000000002,2,0,home_win
2023-24,2024-03-09,Wolverhampton Wanderers FC,Fulham,1496.5893417668226,1499.0682291439236,62.521112622898954,0.6,0.6,0.0,0.0,0.2,-0.2,1.8,2.0,-0.19999999999999996,1.4,2.2,-0.8000000000000003,1.6,1.2,-0.40000000000000013,-0.2,1.0,-1.2,2,1,home_win
2023-24,2024-03-10,Aston Villa,Tottenham Hotspur,1617.4654306033808,1597.7029707716974,84.76245983168337,0.8,0.6,0.20000000000000007,0.0,0.2,-0.2,2.4,2.0,0.3999999999999999,3.0,2.2,0.7999999999999998,1.4,1.6,0.20000000000000018,1.6,0.6,1.0,0,4,away_win
2023-24,2024-03-10,Brighton & Hove Albion,Nottingham Forest,1538.1087865109428,1434.7438542075806,168.36493230336214,0.4,0.2,0.2,0.2,0.2,0.0,1.4,0.8,0.5999999999999999,2.2,1.4,0.8000000000000003,1.4,1.8,0.40000000000000013,0.8,-0.4,1.2000000000000002,1,0,home_win
2023-24,2024-03-10,Liverpool,Manchester City,1722.7740602772888,1751.233605851543,36.54045442574579,0.8,0.8,0.0,0.0,0.2,-0.2,2.4,2.6,-0.20000000000000018,2.6,1.6,1.0,1.2,0.4,-0.7999999999999999,1.4,1.2,0.19999999999999996,1,1,draw
2023-24,2024-03-10,West Ham United FC,Burnley FC,1521.193261838686,1342.1252175772981,244.06804426138797,0.4,0.0,0.4,0.0,0.2,-0.2,1.2,0.2,1.0,1.4,0.6,0.7999999999999999,2.8,3.0,0.20000000000000018,-1.4,-2.4,1.0,2,2,draw
2023-24,2024-03-11,Chelsea,Newcastle United,1523.425498415908,1566.7383993604599,21.687099055448016,0.2,0.4,-0.2,0.4,0.4,0.0,1.0,1.6,-0.6000000000000001,1.8,2.6,-0.8,2.4,2.4,0.0,-0.6,0.2,-0.8,3,2,home_win
2023-24,2024-03-13,Bournemouth,Luton Town FC,1473.9152149812705,1428.4127191187274,110.50249586254313,0.2,0.0,0.2,0.4,0.2,0.2,1.0,0.2,0.8,1.4,1.2,0.19999999999999996,1.6,2.6,1.0,-0.2,-1.4,1.2,4,3,home_win
2023-24,2024-03-16,Burnley FC,Brentford,1348.184640514543,1466.4862304411108,-53.301589926567885,0.0,0.0,0.0,0.2,0.2,0.0,0.2,0.2,0.0,0.6,1.2,-0.6,3.0,2.6,-0.3999999999999999,-2.4,-1.4,-1.0,2,1,home_win
2023-24,2024-03-16,Fulham,Tottenham Hotspur,1490.8485558791435,1620.9386881338662,-65.09013225472268,0.6,0.6,0.0,0.0,0.2,-0.2,1.8,2.0,-0.19999999999999996,2.0,2.4,-0.3999999999999999,1.2,1.2,0.0,0.8,1.2,-0.3999999999999999,3,0,home_win
2023-24,2024-03-16,Luton Town FC,Nottingham Forest,1421.4901615380088,1429.2430004469873,57.24716109102155,0.0,0.2,-0.2,0.2,0.0,0.2,0.2,0.6,-0.39999999999999997,1.6,1.2,0.40000000000000013,2.8,1.8,-0.9999999999999998,-1.2,-0.6,-0.6,1,1,draw
2023-24,2024-03-17,West Ham United FC,Aston Villa,1515.1338389014413,1594.229713241212,-14.095874339770717,0.4,0.6,-0.19999999999999996,0.2,0.0,0.2,1.4,1.8,-0.40000000000000013,1.8,2.0,-0.19999999999999996,2.6,2.2,-0.3999999999999999,-0.8,-0.2,-0.6000000000000001,1,1,draw
2023-24,2024-03-30,Aston Villa,Wolverhampton Wanderers FC,1593.8242238216114,1504.8090150316027,154.01520879000873,0.6,0.6,0.0,0.2,0.0,0.2,2.0,1.8,0.19999999999999996,2.0,1.0,1.0,2.0,1.4,-0.6000000000000001,0.0,-0.4,0.4,2,0,home_win
2023-24,2024-03-30,Bournemouth,Everton,1480.8377725619891,1454.18593192149,91.65184064049913,0.4,0.0,0.4,0.4,0.4,0.0,1.6,0.4,1.2000000000000002,2.0,0.6,1.4,1.6,1.8,0.19999999999999996,0.4,-1.2,1.6,2,1,home_win
2023-24,2024-03-30,Brentford,Manchester United,1454.964010958651,1577.9029989916862,-57.93898803303523,0.0,0.6,-0.6,0.2,0.0,0.2,0.2,1.8,-1.6,1.2,1.6,-0.40000000000000013,2.2,1.4,-0.8000000000000003,-1.0,0.2,-1.2,1,1,draw
2023-24,2024-03-30,Chelsea,Burnley FC,1532.802102967082,1359.7068599970028,238.0952429700792,0.4,0.2,0.2,0.4,0.2,0.2,1.6,0.8,0.8,2.2,0.8,1.4000000000000001,2.0,2.6,0.6000000000000001,0.2,-1.8,2.0,2,2,draw
2023-24,2024-03-30,Newcastle United,West Ham United FC,1557.3617948092858,1515.539328321042,106.82246648824389,0.4,0.4,0.0,0.2,0.4,-0.2,1.4,1.6,-0.20000000000000018,2.2,2.0,0.20000000000000018,2.2,1.6,-0.6000000000000001,0.0,0.4,-0.4,4,3,home_win
2023-24,2024-03-30,Nottingham Forest,Crystal Palace,1430.8759549915171,1443.6754981216757,52.200456869841446,0.2,0.2,0.0,0.2,0.4,-0.2,0.8,1.0,-0.19999999999999996,1.0,1.4,-0.3999999999999999,1.4,1.6,0.20000000000000018,-0.4,-0.2,-0.2,1,1,draw
2023-24,2024-03-30,Sheffield United FC,Fulham,1337.8310603889036,1511.5892583512732,-108.75819796236965,0.2,0.6,-0.39999999999999997,0.2,0.0,0.2,0.8,1.8,-1.0,1.0,2.0,-1.0,3.0,1.0,-2.0,-2.0,1.0,-3.0,3,3,draw
2023-24,2024-03-30,Tottenham Hotspur,Luton Town FC,1600.1979856617365,1419.857206993479,245.3407786682576,0.6,0.0,0.6,0.0,0.4,-0.4,1.8,0.4,1.4,2.0,1.6,0.3999999999999999,1.4,2.6,1.2000000000000002,0.6,-1.0,1.6,2,1,home_win
2023-24,2024-03-31,Liverpool,Brighton & Hove Albion,1721.7262021073184,1543.6096402715361,243.11656183578225,0.8,0.4,0.4,0.2,0.2,0.0,2.6,1.4,1.2000000000000002,2.6,1.6,1.0,0.8,1.2,0.3999999999999999,1.8,0.4,1.4,2,1,home_win
2023-24,2024-03-31,Manchester City,Arsenal,1752.2814640215133,1714.8184872870088,102.46297673450454,0.6,1.0,-0.4,0.4,0.0,0.4,2.2,3.0,-0.7999999999999998,1.4,4.6,-3.1999999999999997,0.6,0.4,-0.19999999999999996,0.8,4.2,-3.4000000000000004,0,0,draw
2023-24,2024-04-02,Bournemouth,Crystal Palace,1488.2593538207102,1445.1667439865946,108.09260983411559,0.6,0.2,0.39999999999999997,0.2,0.6,-0.39999999999999997,2.0,1.2,0.8,2.0,1.4,0.6000000000000001,1.4,1.2,-0.19999999999999996,0.6,0.2,0.39999999999999997,1,0,home_win
2023-24,2024-04-02,Burnley FC,Wolverhampton Wanderers FC,1365.6563575499868,1496.0545494731416,-65.39819192315485,0.2,0.6,-0.39999999999999997,0.4,0.0,0.4,1.0,1.8,-0.8,1.2,1.0,0.19999999999999996,2.0,1.4,-0.6000000000000001,-0.8,-0.4,-0.4,1,1,draw
2023-24,2024-04-02,Newcastle United,Everton,1564.380550830916,1446.764350662769,182.6162001681471,0.4,0.0,0.4,0.2,0.4,-0.2,1.4,0.4,0.9999999999999999,2.4,0.8,1.5999999999999999,2.4,1.8,-0.5999999999999999,0.0,-1.0,1.0,1,1,draw
2023-24,2024-04-02,Nottingham Forest,Fulham,1429.3847091265982,1508.55733607465,-14.172626948051857,0.0,0.6,-0.6,0.4,0.2,0.2,0.4,2.0,-1.6,0.8,2.4,-1.5999999999999999,1.6,1.2,-0.40000000000000013,-0.8,1.2,-2.0,3,1,home_win
2023-24,2024-04-02,West Ham United FC,Tottenham Hotspur,1508.5205722994117,1604.1154320459568,-30.594859746545126,0.4,0.6,-0.19999999999999996,0.4,0.0,0.4,1.6,1.8,-0.19999999999999996,2.6,2.0,0.6000000000000001,2.0,1.4,-0.6000000000000001,0.6,0.6,0.0,1,1,draw
2023-24,2024-04-03,Arsenal,Luton Town FC,1717.6849839380857,1415.9397606092587,366.745223328827,0.8,0.0,0.8,0.2,0.4,-0.2,2.6,0.4,2.2,3.4,1.6,1.7999999999999998,0.4,2.2,1.8000000000000003,3.0,-0.6,3.6,2,0,home_win
2023-24,2024-04-03,Brentford,Brighton & Hove Albion,1456.616340585927,1539.651703740287,-18.035363154360084,0.0,0.4,-0.4,0.4,0.2,0.2,0.4,1.4,-0.9999999999999999,1.4,1.6,-0.20000000000000018,2.2,1.2,-1.0000000000000002,-0.8,0.4,-1.2000000000000002,0,0,draw
2023-24,2024-04-03,Manchester City,Aston Villa,1749.4149673704364,1602.5786893800725,211.8362779903639,0.6,0.6,0.0,0.4,0.2,0.2,2.2,2.0,0.20000000000000018,1.2,2.0,-0.8,0.4,1.8,1.4,0.8,0.2,0.6000000000000001,4,1,home_win
2023-24,2024-04-04,Chelsea,Manchester United,1526.852605414098,1576.2506693644102,15.601936049687765,0.4,0.4,0.0,0.6,0.2,0.39999999999999997,1.8,1.4,0.40000000000000013,2.2,1.4,0.8000000000000003,1.6,1.4,-0.20000000000000018,0.6,0.0,0.6,4,3,home_win
2023-24,2024-04-04,Liverpool,Sheffield United FC,1725.6841386385674,1340.8629826655267,449.82115597304073,0.8,0.0,0.8,0.2,0.4,-0.2,2.6,0.4,2.2,2.4,1.0,1.4,0.8,3.4,2.5999999999999996,1.6,-2.4,4.0,3,1,home_win
2023-24,2024-04-06,Aston Villa,Brentford,1594.5973876933422,1457.1349743047285,202.46241338861364,0.4,0.0,0.4,0.2,0.6,-0.39999999999999997,1.4,0.6,0.7999999999999999,1.4,1.0,0.3999999999999999,2.2,1.4,-0.8000000000000003,-0.8,-0.4,-0.4,3,3,draw
2023-24,2024-04-06,Brighton & Hove Albion,Arsenal,1539.1330700214855,1720.9255033077288,-116.7924332862433,0.2,0.8,-0.6000000000000001,0.4,0.2,0.2,1.0,2.6,-1.6,0.6,2.8,-2.1999999999999997,1.2,0.4,-0.7999999999999999,-0.6,2.4,-3.0,0,3,away_win
2023-24,2024-04-06,Crystal Palace,Manchester City,1438.181260040775,1757.3962690571668,-254.21500901639183,0.2,0.6,-0.39999999999999997,0.4,0.4,0.0,1.0,2.2,-1.2000000000000002,1.2,1.8,-0.6000000000000001,1.2,0.6,-0.6,0.0,1.2,-1.2,2,4,away_win
2023-24,2024-04-06,Everton,Burnley FC,1451.5845456002626,1367.5167487336744,149.0677968665882,0.0,0.2,-0.2,0.4,0.6,-0.19999999999999996,0.4,1.2,-0.7999999999999999,0.8,1.4,-0.5999999999999999,1.8,1.6,-0.19999999999999996,-1.0,-0.2,-0.8,1,0,home_win
2023-24,2024-04-06,Fulham,Newcastle United,1492.94579374687,1559.5603558934224,-1.6145621465523163,0.4,0.4,0.0,0.2,0.2,0.0,1.4,1.4,0.0,2.2,2.2,0.0,1.6,2.2,0.6000000000000001,0.6,0.0,0.6,0,1,away_win
2023-24,2024-04-06,Luton Town FC,Bournemouth,1412.6992412396155,1495.2448377665298,-17.545596526914323,0.0,0.8,-0.8,0.4,0.2,0.2,0.4,2.6,-2.2,1.2,2.2,-1.0000000000000002,2.0,1.2,-0.8,-0.8,1.0,-1.8,2,1,home_win
2023-24,2024-04-06,Wolverhampton Wanderers FC,West Ham United FC,1494.194158289454,1509.398894035138,49.79526425431595,0.4,0.2,0.2,0.2,0.6,-0.39999999999999997,1.4,1.2,0.19999999999999996,0.8,2.0,-1.2,1.4,1.8,0.40000000000000013,-0.6,0.2,-0.8,1,2,away_win
2023-24,2024-04-07,Manchester United,Liverpool,1566.6994275747081,1727.7788923563069,-96.07946478159874,0.2,0.8,-0.6000000000000001,0.2,0.2,0.0,0.8,2.6,-1.8,1.6,2.2,-0.6000000000000001,2.0,0.8,-1.2,-0.4,1.4,-1.7999999999999998,2,2,draw
2023-24,2024-04-07,Sheffield United FC,Chelsea,1338.7682289477873,1536.4038472038,-132.63561825601278,0.0,0.4,-0.4,0.4,0.6,-0.19999999999999996,0.4,1.8,-1.4,1.2,2.4,-1.2,3.0,2.0,-1.0,-1.8,0.4,-2.2,2,2,draw
2023-24,2024-04-07,Tottenham Hotspur,Nottingham Forest,1603.2371103102305,1444.9962514543781,223.24085885585237,0.6,0.2,0.39999999999999997,0.2,0.4,-0.2,2.0,1.0,1.0,2.0,1.0,1.0,1.2,1.0,-0.19999999999999996,0.8,0.0,0.8,3,1,home_win
2023-24,2024-04-13,Bournemouth,Manchester United,1484.7402637658,1569.3964152232168,-19.656151457416854,0.6,0.2,0.39999999999999997,0.2,0.4,-0.2,2.0,1.0,1.0,2.0,1.8,0.19999999999999996,1.6,2.0,0.3999999999999999,0.4,-0.2,0.6000000000000001,2,2,draw
2023-24,2024-04-13,Brentford,Sheffield United FC,1462.3814690782535,1342.4105437372352,184.9709253410183,0.0,0.0,0.0,0.6,0.6,0.0,0.6,0.6,0.0,1.2,1.6,-0.40000000000000013,1.6,3.2,1.6,-0.4,-1.6,1.2000000000000002,2,0,home_win
2023-24,2024-04-13,Burnley FC,Brighton & Hove Albion,1361.56203292963,1527.3037876012052,-100.74175467157511,0.2,0.2,0.0,0.6,0.2,0.39999999999999997,1.2,0.8,0.3999999999999999,1.4,0.4,0.9999999999999999,1.4,1.6,0.20000000000000018,0.0,-1.2,1.2,1,1,draw
2023-24,2024-04-13,Manchester City,Luton Town FC,1763.0347998225864,1423.2038152403454,404.83098458224094,0.6,0.2,0.39999999999999997,0.4,0.2,0.2,2.2,0.8,1.4000000000000001,2.4,1.4,1.0,1.0,2.0,1.0,1.4,-0.6,2.0,5,1,home_win
2023-24,2024-04-13,Newcastle United,Tottenham Hotspur,1569.5138853938086,1609.737724181905,24.776161211903627,0.6,0.6,0.0,0.2,0.2,0.0,2.0,2.0,0.0,2.2,2.0,0.20000000000000018,1.4,1.2,-0.19999999999999996,0.8,0.8,0.0,4,0,home_win
2023-24,2024-04-13,Nottingham Forest,Wolverhampton Wanderers FC,1438.4956375827037,1482.7706688183428,20.724968764360938,0.2,0.2,0.0,0.4,0.2,0.2,1.0,0.8,0.19999999999999996,1.2,0.8,0.3999999999999999,1.4,1.8,0.40000000000000013,-0.2,-1.0,0.8,2,2,draw
2023-24,2024-04-14,Arsenal,Aston Villa,1732.7547857280092,1589.3508929198172,208.40389280819204,0.8,0.2,0.6000000000000001,0.2,0.4,-0.2,2.6,1.0,1.6,2.6,1.4,1.2000000000000002,0.2,2.4,2.1999999999999997,2.4,-1.0,3.4,0,2,away_win
2023-24,2024-04-14,Liverpool,Crystal Palace,1725.0819047077982,1432.5427292753554,357.5391754324428,0.6,0.0,0.6,0.4,0.4,0.0,2.2,0.4,1.8000000000000003,1.8,1.0,0.8,1.0,2.0,1.0,0.8,-1.0,1.8,0,1,away_win
2023-24,2024-04-14,West Ham United FC,Fulham,1520.8223835062493,1482.992264246484,102.8301192597653,0.2,0.2,0.0,0.6,0.2,0.39999999999999997,1.2,0.8,0.3999999999999999,1.8,1.6,0.19999999999999996,1.8,1.8,0.0,0.0,-0.2,0.2,0,2,away_win
2023-24,2024-04-15,Chelsea,Everton,1532.7615324143521,1457.539261404307,140.22227101004523,0.4,0.2,0.2,0.6,0.2,0.39999999999999997,1.8,0.8,1.0,2.6,0.8,1.8,2.2,1.6,-0.6000000000000001,0.4,-0.8,1.2000000000000002,6,0,home_win
2023-24,2024-04-20,Luton Town FC,Brentford,1419.8799355323479,1470.0733906746482,14.806544857699691,0.2,0.2,0.0,0.2,0.6,-0.39999999999999997,0.8,1.2,-0.3999999999999999,1.0,1.4,-0.3999999999999999,2.2,1.2,-1.0000000000000002,-1.2,0.2,-1.4,1,5,away_win
2023-24,2024-04-20,Sheffield United FC,Burnley FC,1334.7186221408406,1364.3829952034093,35.33562693743124,0.0,0.2,-0.2,0.6,0.6,0.0,0.6,1.2,-0.6,1.6,1.2,0.40000000000000013,2.4,1.2,-1.2,-0.8,0.0,-0.8,1,4,away_win
2023-24,2024-04-20,Wolverhampton Wanderers FC,Arsenal,1483.3664748575127,1709.7008075787357,-161.33433272122306,0.2,0.6,-0.39999999999999997,0.4,0.2,0.2,1.0,2.0,-1.0,1.2,1.4,-0.19999999999999996,1.6,0.6,-1.0,-0.4,0.8,-1.2000000000000002,0,2,away_win
2023-24,2024-04-21,Aston Villa,Bournemouth,1612.4048710690906,1485.3054104513271,192.0994606177635,0.4,0.6,-0.19999999999999996,0.4,0.2,0.2,1.6,2.0,-0.3999999999999999,1.8,2.0,-0.19999999999999996,1.6,1.6,0.0,0.2,0.4,-0.2,3,1,home_win
2023-24,2024-04-21,Crystal Palace,West Ham United FC,1450.278122125094,1501.508094553977,13.770027571116998,0.2,0.2,0.0,0.4,0.4,0.0,1.0,1.0,0.0,1.0,1.4,-0.3999999999999999,1.4,1.8,0.40000000000000013,-0.4,-0.4,0.0,5,2,home_win
2023-24,2024-04-21,Everton,Nottingham Forest,1444.4284009817125,1437.8998315435338,71.52856943817869,0.2,0.2,0.0,0.2,0.6,-0.39999999999999997,0.8,1.2,-0.3999999999999999,0.6,1.6,-1.0,2.2,1.6,-0.6000000000000001,-1.6,0.0,-1.6,2,0,home_win
2023-24,2024-04-21,Fulham,Liverpool,1502.3065531987563,1707.3465118580598,-140.03995865930347,0.4,0.4,0.0,0.2,0.4,-0.2,1.4,1.6,-0.20000000000000018,1.8,1.6,0.19999999999999996,1.4,1.2,-0.19999999999999996,0.4,0.4,0.0,1,3,away_win
2023-24,2024-04-23,Arsenal,Chelsea,1718.1963717050212,1545.8723928369466,237.32397886807462,0.6,0.6,0.0,0.2,0.4,-0.2,2.0,2.2,-0.20000000000000018,1.4,3.4,-2.0,0.4,1.8,1.4,1.0,1.6,-0.6000000000000001,5,0,home_win
2023-24,2024-04-24,Crystal Palace,Newcastle United,1467.0849018651152,1586.9290562296183,-54.84415436450308,0.4,0.6,-0.19999999999999996,0.2,0.2,0.0,1.4,2.0,-0.6000000000000001,1.8,2.4,-0.5999999999999999,1.6,1.4,-0.20000000000000018,0.2,1.0,-0.8,2,0,home_win
2023-24,2024-04-24,Everton,Liverpool,1456.3831672261622,1716.6079545606706,-195.2247873345084,0.4,0.6,-0.19999999999999996,0.2,0.2,0.0,1.4,2.0,-0.6000000000000001,1.0,2.0,-1.0,1.8,1.2,-0.6000000000000001,-0.8,0.8,-1.6,2,0,home_win
2023-24,2024-04-24,Manchester United,Sheffield United FC,1568.8312685376895,1315.444911598262,318.3863569394275,0.2,0.0,0.2,0.6,0.4,0.19999999999999996,1.2,0.4,0.7999999999999999,2.0,1.4,0.6000000000000001,1.8,2.8,0.9999999999999998,0.2,-1.4,1.5999999999999999,4,2,home_win
2023-24,2024-04-24,Wolverhampton Wanderers FC,Bournemouth,1474.8709107312272,1477.845843658099,62.025067073128184,0.0,0.4,-0.4,0.4,0.2,0.2,0.4,1.4,-0.9999999999999999,0.8,1.4,-0.5999999999999999,1.8,1.6,-0.19999999999999996,-1.0,-0.2,-0.8,0,1,away_win
2023-24,2024-04-25,Brighton & Hove Albion,Manchester City,1524.4828253274259,1766.358679530584,-176.87585420315804,0.2,0.6,-0.39999999999999997,0.4,0.4,0.0,1.0,2.2,-1.2000000000000002,0.6,2.8,-2.1999999999999997,1.2,1.0,-0.19999999999999996,-0.6,1.8,-2.4,0,4,away_win
2023-24,2024-04-27,Aston Villa,Chelsea,1619.8644378623187,1537.7426677095489,147.12177015276984,0.6,0.4,0.19999999999999996,0.2,0.4,-0.2,2.0,1.6,0.3999999999999999,2.2,2.8,-0.5999999999999996,1.6,2.4,0.7999999999999998,0.6,0.4,0.19999999999999996,2,2,draw
2023-24,2024-04-27,Everton,Brentford,1479.0239775316554,1489.6219696882072,54.402007843448246,0.6,0.4,0.19999999999999996,0.2,0.6,-0.39999999999999997,2.0,1.8,0.19999999999999996,1.2,2.2,-1.0000000000000002,1.4,1.0,-0.3999999999999999,-0.2,1.2,-1.4,1,0,home_win
2023-24,2024-04-27,Fulham,Crystal Palace,1493.0451104961455,1484.4332414113112,73.61186908483432,0.2,0.6,-0.39999999999999997,0.2,0.0,0.2,0.8,1.8,-1.0,1.4,2.0,-0.6000000000000001,2.0,1.4,-0.6000000000000001,-0.6,0.6,-1.2,1,1,draw
2023-24,2024-04-27,Manchester United,Burnley FC,1572.9684942677166,1383.656705745988,254.31178852172866,0.2,0.2,0.0,0.6,0.6,0.0,1.2,1.2,0.0,2.4,1.6,0.7999999999999998,2.2,1.2,-1.0000000000000002,0.2,0.4,-0.2,1,1,draw
2023-24,2024-04-27,Newcastle United,Sheffield United FC,1569.5807166834222,1311.307685868235,323.2730308151872,0.6,0.0,0.6,0.2,0.2,0.0,2.0,0.2,1.8,2.0,1.2,0.8,1.2,3.0,1.8,0.8,-1.8,2.6,5,1,home_win
2023-24,2024-04-27,West Ham United FC,Liverpool,1484.7013148139556,1693.9671442551773,-144.26582944122174,0.2,0.4,-0.2,0.2,0.2,0.0,0.8,1.4,-0.5999999999999999,1.6,1.6,0.0,2.6,1.4,-1.2000000000000002,-1.0,0.2,-1.2,2,2,draw
2023-24,2024-04-27,Wolverhampton Wanderers FC,Luton Town FC,1463.1044123108597,1400.3313565187889,127.77305579207086,0.0,0.2,-0.2,0.4,0.0,0.4,0.4,0.6,-0.19999999999999996,0.8,1.0,-0.19999999999999996,1.6,3.0,1.4,-0.8,-2.0,1.2,2,1,home_win
2023-24,2024-04-28,Bournemouth,Brighton & Hove Albion,1489.6123420784666,1514.5309924626479,40.08134961581868,0.4,0.0,0.4,0.2,0.4,-0.2,1.4,0.4,0.9999999999999999,1.2,0.4,0.7999999999999999,1.4,2.0,0.6000000000000001,-0.2,-1.6,1.4000000000000001,3,0,home_win
2023-24,2024-04-28,Nottingham Forest,Manchester City,1425.945065299084,1776.310512395362,-285.3654470962779,0.2,0.8,-0.6000000000000001,0.4,0.2,0.2,1.0,2.6,-1.6,1.4,3.4,-2.0,1.8,0.8,-1.0,-0.4,2.6,-3.0,0,2,away_win
2023-24,2024-04-28,Tottenham Hotspur,Arsenal,1592.3225533460952,1726.326096832419,-69.00354348632368,0.4,0.8,-0.4,0.2,0.0,0.2,1.4,2.4,-1.0,1.2,2.4,-1.2,2.0,0.4,-1.6,-0.8,2.0,-2.8,2,3,away_win
2023-24,2024-05-02,Chelsea,Tottenham Hotspur,1541.7410007091178,1584.2829267318823,22.458073977235472,0.4,0.4,0.0,0.4,0.2,0.2,1.6,1.4,0.20000000000000018,2.8,1.6,1.1999999999999997,2.4,2.0,-0.3999999999999999,0.4,-0.4,0.8,2,0,home_win
2023-24,2024-05-03,Luton Town FC,Everton,1393.8516687275926,1487.4708343897807,-28.619165662188152,0.2,0.8,-0.6000000000000001,0.0,0.0,0.0,0.6,2.4,-1.7999999999999998,1.0,1.2,-0.19999999999999996,3.0,1.2,-1.8,-2.0,0.0,-2.0,1,1,draw
2023-24,2024-05-04,Arsenal,Bournemouth,1734.3657234466318,1505.1023913376177,294.2633321090141,0.8,0.4,0.4,0.0,0.2,-0.2,2.4,1.4,1.0,2.6,1.6,1.0,0.8,1.4,0.5999999999999999,1.8,0.2,1.6,3,0,home_win
2023-24,2024-05-04,Brentford,Fulham,1481.1751128300818,1490.9575344235648,55.21757840651708,0.4,0.2,0.2,0.4,0.2,0.2,1.6,0.8,0.8,2.0,1.0,1.0,1.0,1.6,0.6000000000000001,1.0,-0.6,1.6,0,0,draw
2023-24,2024-05-04,Burnley FC,Newcastle United,1389.899385515951,1574.6281086011736,-119.72872308522255,0.2,0.6,-0.39999999999999997,0.6,0.2,0.39999999999999997,1.2,2.0,-0.8,1.4,2.2,-0.8000000000000003,1.0,0.8,-0.19999999999999996,0.4,1.4,-0.9999999999999999,1,4,away_win
2023-24,2024-05-04,Manchester City,Wolverhampton Wanderers FC,1781.1734707174762,1469.584100102056,376.5893706154202,1.0,0.2,0.8,0.0,0.2,-0.2,3.0,0.8,2.2,3.8,1.0,2.8,0.8,1.6,0.8,3.0,-0.6,3.6,5,1,home_win
2023-24,2024-05-04,Sheffield United FC,Nottingham Forest,1306.2602939504836,1421.0821069769697,-49.8218130264861,0.0,0.2,-0.2,0.2,0.2,0.0,0.2,0.8,-0.6000000000000001,1.2,1.2,0.0,3.4,2.0,-1.4,-2.2,-0.8,-1.4000000000000001,1,3,away_win
2023-24,2024-05-05,Brighton & Hove Albion,Aston Villa,1499.0409432034967,1615.8661048627498,-51.825161659253126,0.0,0.4,-0.4,0.4,0.4,0.0,0.4,1.6,-1.2000000000000002,0.2,2.2,-2.0,2.2,2.0,-0.20000000000000018,-2.0,0.2,-2.2,1,0,home_win
2023-24,2024-05-05,Chelsea,West Ham United FC,1555.7727558686372,1488.6303622079727,132.14239366066454,0.4,0.2,0.2,0.4,0.4,0.0,1.6,1.0,0.6000000000000001,2.4,1.4,1.0,1.8,2.2,0.40000000000000013,0.6,-0.8,1.4,5,0,home_win
2023-24,2024-05-05,Liverpool,Tottenham Hotspur,1690.0380968611603,1570.2511715723629,184.78692528879742,0.2,0.2,0.0,0.4,0.2,0.2,1.0,0.8,0.19999999999999996,1.4,1.2,0.19999999999999996,1.6,2.2,0.6000000000000001,-0.2,-1.0,0.8,4,2,home_win
2023-24,2024-05-06,Crystal Palace,Manchester United,1486.520817483892,1566.7258144977534,-15.20499701386143,0.6,0.2,0.39999999999999997,0.2,0.6,-0.39999999999999997,2.0,1.2,0.8,2.2,2.4,-0.19999999999999973,1.4,2.2,0.8000000000000003,0.8,0.2,0.6000000000000001,4,0,home_win
2023-24,2024-05-11,Bournemouth,Brentford,1499.6682369324028,1479.599070323873,85.06916660852971,0.4,0.4,0.0,0.2,0.4,-0.2,1.4,1.6,-0.20000000000000018,1.4,2.0,-0.6000000000000001,1.6,1.0,-0.6000000000000001,-0.2,1.0,-1.2,1,2,away_win
2023-24,2024-05-11,Everton,Sheffield United FC,1486.648966603893,1293.3966511218061,258.25231548208694,0.6,0.0,0.6,0.2,0.0,0.2,2.0,0.0,2.0,1.2,1.0,0.19999999999999996,1.4,3.6,2.2,-0.2,-2.6,2.4,1,0,home_win
2023-24,2024-05-11,Fulham,Manchester City,1492.5335769297735,1785.023875736089,-227.49029880631542,0.2,1.0,-0.8,0.4,0.0,0.4,1.0,3.0,-2.0,0.8,4.0,-3.2,1.0,0.8,-0.19999999999999996,-0.2,3.2,-3.4000000000000004,0,4,away_win
2023-24,2024-05-11,Newcastle United,Brighton & Hove Albion,1586.3253872255382,1510.521625719887,140.8037615056512,0.8,0.2,0.6000000000000001,0.0,0.2,-0.2,2.4,0.8,1.5999999999999999,2.8,0.4,2.4,0.8,2.2,1.4000000000000001,2.0,-1.8,3.8,1,1,draw
2023-24,2024-05-11,Nottingham Forest,Chelsea,1433.9457498056472,1568.5127646519707,-69.56701484632345,0.2,0.6,-0.39999999999999997,0.2,0.2,0.0,0.8,2.0,-1.2,1.2,3.0,-1.8,2.0,1.4,-0.6000000000000001,-0.8,1.6,-2.4000000000000004,2,3,away_win
2023-24,2024-05-11,Tottenham Hotspur,Burnley FC,1562.5531901321517,1378.2021068915865,249.35108324056523,0.2,0.2,0.0,0.0,0.4,-0.4,0.6,1.0,-0.4,1.4,1.4,0.0,2.8,1.6,-1.1999999999999997,-1.4,-0.2,-1.2,2,1,home_win
2023-24,2024-05-11,West Ham United FC,Luton Town FC,1475.8903534246392,1394.6735365134803,146.21681691115896,0.2,0.2,0.0,0.2,0.2,0.0,0.8,0.8,0.0,1.2,1.2,0.0,3.0,2.8,-0.20000000000000018,-1.8,-1.6,-0.19999999999999996,3,1,home_win
2023-24,2024-05-11,Wolverhampton Wanderers FC,Crystal Palace,1465.7336950834433,1506.0908596362397,24.64283544720365,0.2,0.8,-0.6000000000000001,0.2,0.2,0.0,0.8,2.6,-1.8,1.0,2.6,-1.6,2.2,0.6,-1.6,-1.2,2.0,-3.2,1,3,away_win
2023-24,2024-05-12,Manchester United,Arsenal,1547.1557723454057,1739.7998778518468,-127.64410550644106,0.2,0.8,-0.6000000000000001,0.6,0.0,0.6,1.2,2.4,-1.2,1.8,2.6,-0.8,2.2,0.8,-1.4000000000000001,-0.4,1.8,-2.2,0,1,away_win
2023-24,2024-05-13,Aston Villa,Liverpool,1604.3854223463595,1697.7360783013714,-28.350655955011916,0.4,0.4,0.0,0.4,0.2,0.2,1.6,1.4,0.20000000000000018,2.0,1.8,0.19999999999999996,1.4,1.6,0.20000000000000018,0.6,0.2,0.39999999999999997,3,3,draw
2023-24,2024-05-14,Tottenham Hotspur,Manchester City,1566.3984254899133,1792.995022917725,-161.59659742781173,0.2,1.0,-0.8,0.0,0.0,0.0,0.6,3.0,-2.4,1.2,4.0,-2.8,2.8,0.4,-2.4,-1.6,3.6,-5.2,0,2,away_win
2023-24,2024-05-15,Brighton & Hove Albion,Chelsea,1514.3660812135608,1576.5368014953906,2.8292797181702554,0.2,0.6,-0.39999999999999997,0.4,0.2,0.2,1.0,2.0,-1.0,0.6,2.4,-1.7999999999999998,1.8,1.8,0.0,-1.2,0.6,-1.7999999999999998,1,2,away_win
2023-24,2024-05-15,Manchester United,Newcastle United,1540.6728325916386,1582.4809317318643,23.19190085977425,0.2,0.6,-0.39999999999999997,0.4,0.2,0.2,1.0,2.0,-1.0,1.4,2.8,-1.4,2.0,1.0,-1.0,-0.6,1.8,-2.4,3,2,home_win
2023-24,2024-05-19,Arsenal,Everton,1746.282817605614,1490.3375588964302,320.9452587091837,1.0,0.8,0.19999999999999996,0.0,0.2,-0.2,3.0,2.6,0.3999999999999999,2.8,1.4,1.4,0.4,0.2,-0.2,2.4,1.2,1.2,2,1,home_win
2023-24,2024-05-19,Brentford,Newcastle United,1491.999773633568,1573.1474586242432,-16.14768499067509,0.6,0.4,0.19999999999999996,0.2,0.2,0.0,2.0,1.4,0.6000000000000001,1.8,2.4,-0.5999999999999999,0.6,1.6,1.0,1.2,0.8,0.3999999999999999,2,4,away_win
2023-24,2024-05-19,Brighton & Hove Albion,Manchester United,1504.2846497972716,1550.0063056992597,19.278344098011985,0.2,0.4,-0.2,0.2,0.2,0.0,0.8,1.4,-0.5999999999999999,0.6,1.6,-1.0,2.0,2.0,0.0,-1.4,-0.4,-0.9999999999999999,0,2,away_win
2023-24,2024-05-19,Burnley FC,Nottingham Forest,1374.356871533825,1425.9217129622273,13.43515857159764,0.2,0.2,0.0,0.4,0.2,0.2,1.0,0.8,0.19999999999999996,1.6,1.4,0.20000000000000018,1.8,2.0,0.19999999999999996,-0.2,-0.6,0.39999999999999997,1,2,away_win
2023-24,2024-05-19,Chelsea,Bournemouth,1586.6182329116798,1487.2675336227078,164.350699288972,0.8,0.4,0.4,0.2,0.0,0.2,2.6,1.2,1.4000000000000001,2.8,1.2,1.5999999999999999,1.0,1.6,0.6000000000000001,1.8,-0.4,2.2,2,1,home_win
2023-24,2024-05-19,Crystal Palace,Aston Villa,1522.1529958483638,1605.1996135178658,-18.046617669501984,0.8,0.4,0.4,0.2,0.4,-0.2,2.6,1.6,1.0,3.0,2.0,1.0,0.8,1.4,0.5999999999999999,2.2,0.6,1.6,5,0,home_win
2023-24,2024-05-19,Liverpool,Wolverhampton Wanderers FC,1696.9218871298651,1449.6715588713191,312.250328258546,0.4,0.2,0.2,0.4,0.0,0.4,1.6,0.6,1.0,2.4,0.8,1.5999999999999999,2.0,2.4,0.3999999999999999,0.4,-1.6,2.0,2,0,home_win
2023-24,2024-05-19,Luton Town FC,Fulham,1385.63817788181,1484.5624297481374,-33.924251866327495,0.0,0.2,-0.2,0.2,0.4,-0.2,0.2,1.0,-0.8,1.0,0.8,0.19999999999999996,3.2,1.6,-1.6,-2.2,-0.8,-1.4000000000000001,2,4,away_win
2023-24,2024-05-19,Manchester City,West Ham United FC,1801.4813962643643,1484.9257120563095,381.5556842080548,1.0,0.2,0.8,0.0,0.2,-0.2,3.0,0.8,2.2,3.4,1.4,2.0,0.2,3.0,2.8,3.2,-1.6,4.800000000000001,3,1,home_win
2023-24,2024-05-19,Sheffield United FC,Tottenham Hotspur,1289.708058829269,1557.912052143274,-203.20399331400495,0.0,0.2,-0.2,0.0,0.0,0.0,0.0,0.6,-0.6,1.0,1.2,-0.19999999999999996,3.4,2.4,-1.0,-2.4,-1.2,-1.2,0,3,away_win
2024-25,2024-08-16,Manchester United,Fulham,1549.378324182339,1498.5768291986778,115.80149498366109,0.4,0.2,0.2,0.2,0.4,-0.2,1.4,1.0,0.3999999999999999,1.2,1.2,0.0,1.6,2.0,0.3999999999999999,-0.4,-0.8,0.4,1,0,home_win
2024-25,2024-08-17,Arsenal,Wolverhampton Wanderers FC,1686.7545969762116,1459.0550498358205,292.69954714039113,1.0,0.2,0.8,0.0,0.0,0.0,3.0,0.6,2.4,2.8,0.8,1.9999999999999998,0.6,2.4,1.7999999999999998,2.2,-1.6,3.8000000000000003,2,0,home_win
2024-25,2024-08-17,Everton,Brighton & Hove Albion,1490.7106854003216,1491.3398924400597,64.37079296026195,0.6,0.2,0.39999999999999997,0.2,0.2,0.0,2.0,0.8,1.2,1.2,0.6,0.6,0.6,1.6,1.0,0.6,-1.0,1.6,0,3,away_win
2024-25,2024-08-17,Ipswich Town,Liverpool,1500.0,1650.8900346650678,-85.89003466506779,0.3333333333333333,0.4,-0.06666666666666671,0.3333333333333333,0.4,-0.06666666666666671,1.0,1.6,-0.6000000000000001,1.2,2.2,-1.0000000000000002,1.2,1.8,0.6000000000000001,0.0,0.4,-0.4,0,2,away_win
2024-25,2024-08-17,Newcastle United,Southampton FC,1565.5881064196947,1409.3315776849395,221.2565287347552,0.6,0.0,0.6,0.2,0.2,0.0,2.0,0.2,1.8,3.2,1.8,1.4000000000000001,1.6,3.2,1.6,1.6,-1.4,3.0,1,0,home_win
2024-25,2024-08-17,Nottingham Forest,Bournemouth,1452.231161460045,1486.2555384865632,30.975622973481904,0.4,0.4,0.0,0.0,0.0,0.0,1.2,1.2,0.0,1.4,1.2,0.19999999999999996,1.8,1.4,-0.40000000000000013,-0.4,-0.2,-0.2,1,1,draw
2024-25,2024-08-17,West Ham United FC,Aston Villa,1486.4426361669339,1563.121274971503,-11.678638804569118,0.2,0.2,0.0,0.2,0.4,-0.2,0.8,1.0,-0.19999999999999996,1.6,1.6,0.0,3.2,2.4,-0.8000000000000003,-1.6,-0.8,-0.8,1,2,away_win
2024-25,2024-08-18,Brentford,Crystal Palace,1483.2723177736639,1532.3931820531693,15.87913572049456,0.4,0.8,-0.4,0.2,0.2,0.0,1.4,2.6,-1.2000000000000002,1.8,3.0,-1.2,1.4,0.4,-0.9999999999999999,0.4,2.6,-2.2,2,1,home_win
2024-25,2024-08-18,Chelsea,Manchester City,1569.1587864142275,1728.3626950735716,-94.20390865934405,1.0,1.0,0.0,0.0,0.0,0.0,3.0,3.0,0.0,2.8,3.2,-0.40000000000000036,0.8,0.4,-0.4,2.0,2.8,-0.7999999999999998,0,2,away_win
2024-25,2024-08-19,Leicester City FC,Tottenham Hotspur,1468.0297026907615,1549.6527341433227,-16.623031452561236,0.2,0.4,-0.2,0.4,0.0,0.4,1.0,1.2,-0.19999999999999996,1.4,1.4,0.0,2.2,1.8,-0.40000000000000013,-0.8,-0.4,-0.4,1,1,draw
2024-25,2024-08-24,Aston Villa,Arsenal,1572.785263268746,1691.447972943701,-53.66270967495507,0.2,1.0,-0.8,0.4,0.0,0.4,1.0,3.0,-2.0,1.4,2.2,-0.8000000000000003,2.4,0.6,-1.7999999999999998,-1.0,1.6,-2.6,0,2,away_win
2024-25,2024-08-24,Brighton & Hove Albion,Manchester United,1512.0455916151896,1556.1634643478321,20.88212726735742,0.4,0.6,-0.19999999999999996,0.2,0.0,0.2,1.4,1.8,-0.40000000000000013,1.2,1.2,0.0,1.0,1.4,0.3999999999999999,0.2,-0.2,0.4,2,1,home_win
2024-25,2024-08-24,Crystal Palace,West Ham United FC,1522.8499023572638,1476.778647869691,111.07125448757279,0.6,0.2,0.39999999999999997,0.2,0.2,0.0,2.0,0.8,1.2,2.8,1.4,1.4,0.8,2.6,1.8,2.0,-1.2,3.2,0,2,away_win
2024-25,2024-08-24,Fulham,Leicester City FC,1491.7916890331846,1468.5077872512968,88.28390178188783,0.2,0.2,0.0,0.4,0.4,0.0,1.0,1.0,0.0,1.0,1.2,-0.19999999999999996,1.6,2.0,0.3999999999999999,-0.6,-0.8,0.20000000000000007,2,1,home_win
2024-25,2024-08-24,Manchester City,Ipswich Town,1739.3924067522448,1488.6344331684643,315.75797358378054,1.0,0.0,1.0,0.0,0.0,0.0,3.0,0.0,3.0,3.2,0.0,3.2,0.4,2.0,1.6,2.8,-2.0,4.8,4,1,home_win
2024-25,2024-08-24,Southampton FC,Nottingham Forest,1404.9589331867858,1451.3419660737195,18.616967113066266,0.0,0.4,-0.4,0.2,0.2,0.0,0.2,1.4,-1.2,1.6,1.6,0.0,2.8,1.6,-1.1999999999999997,-1.2,0.0,-1.2,0,1,away_win
2024-25,2024-08-24,Tottenham Hotspur,Everton,1549.1746495827874,1470.0049862251917,144.1696633575957,0.4,0.4,0.0,0.2,0.2,0.0,1.4,1.4,0.0,1.6,0.8,0.8,1.6,1.2,-0.40000000000000013,0.0,-0.4,0.4,4,0,home_win
2024-25,2024-08-25,Bournemouth,Newcastle United,1487.1447338728888,1569.9607509178484,-17.816017044959608,0.2,0.6,-0.39999999999999997,0.2,0.2,0.0,0.8,2.0,-1.2,1.2,2.4,-1.2,1.6,1.4,-0.20000000000000018,-0.4,1.0,-1.4,1,1,draw
2024-25,2024-08-25,Liverpool,Brentford,1662.2556014966035,1492.8155974695694,234.4400040270341,0.6,0.4,0.19999999999999996,0.4,0.2,0.2,2.2,1.4,0.8000000000000003,2.6,1.2,1.4000000000000001,1.4,1.4,0.0,1.2,-0.2,1.4,2,0,home_win
2024-25,2024-08-25,Wolverhampton Wanderers FC,Chelsea,1454.361673868331,1558.1290747355542,-38.76740086722316,0.2,0.8,-0.6000000000000001,0.0,0.0,0.0,0.6,2.4,-1.7999999999999998,0.8,2.4,-1.5999999999999999,2.6,1.2,-1.4000000000000001,-1.8,1.2,-3.0,2,6,away_win
2024-25,2024-08-31,Arsenal,Brighton & Hove Albion,1704.1494166042785,1521.445278369803,247.70413823447552,1.0,0.4,0.6,0.0,0.2,-0.2,3.0,1.4,1.6,2.0,1.4,0.6000000000000001,0.2,1.2,1.0,1.8,0.2,1.6,1,1,draw
2024-25,2024-08-31,Brentford,Southampton FC,1486.637255126114,1394.4236060524727,157.21364907364136,0.4,0.0,0.4,0.2,0.2,0.0,1.4,0.2,1.2,1.2,1.0,0.19999999999999996,1.6,2.2,0.6000000000000001,-0.4,-1.2,0.7999999999999999,3,1,home_win
2024-25,2024-08-31,Everton,Bournemouth,1458.6175610000112,1487.6570710793821,35.960489920629016,0.2,0.0,0.2,0.2,0.4,-0.2,0.8,0.4,0.4,0.6,0.8,-0.20000000000000007,2.0,1.8,-0.19999999999999996,-1.4,-1.0,-0.3999999999999999,2,3,away_win
2024-25,2024-08-31,Ipswich Town,Fulham,1483.7443657264412,1499.3039866511544,49.44037907528673,0.0,0.4,-0.4,0.0,0.2,-0.2,0.0,1.4,-1.4,0.5,1.2,-0.7,3.0,1.6,-1.4,-2.5,-0.4,-2.1,1,1,draw
2024-25,2024-08-31,Leicester City FC,Aston Villa,1460.995489633327,1560.0838196081684,-34.08832997484137,0.2,0.2,0.0,0.4,0.2,0.2,1.0,0.8,0.19999999999999996,0.8,1.0,-0.19999999999999996,1.4,2.4,1.0,-0.6,-1.4,0.7999999999999999,1,2,away_win
2024-25,2024-08-31,Nottingham Forest,Wolverhampton Wanderers FC,1461.8772932080326,1437.6951881923314,89.18210501570115,0.6,0.0,0.6,0.2,0.0,0.2,2.0,0.0,2.0,1.8,0.8,1.0,1.2,3.6,2.4000000000000004,0.6,-2.8,3.4,1,1,draw
2024-25,2024-08-31,West Ham United FC,Manchester City,1496.417030023733,1744.282474194268,-182.86544417053483,0.4,1.0,-0.6,0.0,0.0,0.0,1.2,3.0,-1.8,1.4,3.0,-1.6,2.2,0.4,-1.8000000000000003,-0.8,2.6,-3.4000000000000004,1,3,away_win
2024-25,2024-09-01,Chelsea,Crystal Palace,1574.7955604115539,1503.2115202032217,136.58404020833223,0.8,0.6,0.20000000000000007,0.0,0.0,0.0,2.4,1.8,0.5999999999999999,2.6,2.6,0.0,1.6,1.0,-0.6000000000000001,1.0,1.6,-0.6000000000000001,1,1,draw
2024-25,2024-09-01,Manchester United,Liverpool,1546.7637775932187,1668.4339438400589,-56.670166246840154,0.6,0.8,-0.20000000000000007,0.0,0.2,-0.2,1.8,2.6,-0.8,1.4,2.6,-1.2000000000000002,1.0,1.0,0.0,0.4,1.6,-1.2000000000000002,0,3,away_win
2024-25,2024-09-01,Newcastle United,Tottenham Hotspur,1569.448413711355,1560.562074807968,73.88633890338701,0.4,0.6,-0.19999999999999996,0.4,0.2,0.2,1.6,2.0,-0.3999999999999999,1.8,2.0,-0.19999999999999996,1.4,0.8,-0.5999999999999999,0.4,1.2,-0.7999999999999999,2,1,home_win
2024-25,2024-09-14,Aston Villa,Everton,1569.1058148047,1447.5862151360755,186.51959966862455,0.4,0.2,0.2,0.2,0.0,0.2,1.4,0.6,0.7999999999999999,1.4,0.8,0.5999999999999999,2.4,2.4,0.0,-1.0,-1.6,0.6000000000000001,3,2,home_win
2024-25,2024-09-14,Bournemouth,Chelsea,1498.6884169433179,1571.055088059952,-7.366671116634052,0.2,0.6,-0.39999999999999997,0.4,0.2,0.2,1.0,2.0,-1.0,1.4,2.2,-0.8000000000000003,1.6,1.4,-0.20000000000000018,-0.2,0.8,-1.0,0,1,away_win
2024-25,2024-09-14,Brighton & Hove Albion,Ipswich Town,1527.570510933071,1482.3308851466927,110.23962578637838,0.4,0.0,0.4,0.2,0.3333333333333333,-0.1333333333333333,1.4,0.3333333333333333,1.0666666666666667,1.4,0.6666666666666666,0.7333333333333333,1.2,2.3333333333333335,1.1333333333333335,0.2,-1.6666666666666667,1.8666666666666667,0,0,draw
2024-25,2024-09-14,Crystal Palace,Leicester City FC,1506.9519925548236,1451.9734944367954,119.97849811802826,0.4,0.2,0.2,0.2,0.4,-0.2,1.4,1.0,0.3999999999999999,2.0,1.0,1.0,1.2,1.2,0.0,0.8,-0.2,1.0,2,2,draw
2024-25,2024-09-14,Fulham,West Ham United FC,1500.717467230903,1488.655580123968,77.06188710693482,0.4,0.4,0.0,0.2,0.0,0.2,1.4,1.2,0.19999999999999996,1.4,1.6,-0.20000000000000018,1.8,1.8,0.0,-0.4,-0.2,-0.2,1,1,draw
2024-25,2024-09-14,Liverpool,Nottingham Forest,1683.104568747844,1459.3653540161283,288.7392147317157,0.8,0.4,0.4,0.2,0.4,-0.2,2.6,1.6,1.0,2.4,1.4,1.0,0.6,1.2,0.6,1.8,0.2,1.6,0,1,away_win
2024-25,2024-09-14,Manchester City,Brentford,1752.043924094033,1495.2780113062984,321.7659127877346,1.0,0.6,0.4,0.0,0.0,0.0,3.0,1.8,1.2,2.8,1.8,0.9999999999999998,0.6,1.8,1.2000000000000002,2.2,0.0,2.2,2,1,home_win
2024-25,2024-09-14,Southampton FC,Manchester United,1385.7828498722884,1532.0931526854336,-81.3103028131452,0.0,0.6,-0.6,0.2,0.0,0.2,0.2,1.8,-1.6,1.2,1.4,-0.19999999999999996,2.4,1.4,-1.0,-1.2,0.0,-1.2,0,3,away_win
2024-25,2024-09-15,Tottenham Hotspur,Arsenal,1552.6572052350034,1698.0241840410104,-80.36697880600695,0.4,0.8,-0.4,0.2,0.2,0.0,1.4,2.6,-1.2000000000000002,1.8,1.6,0.19999999999999996,1.0,0.4,-0.6,0.8,1.2,-0.3999999999999999,0,1,away_win
2024-25,2024-09-15,Wolverhampton Wanderers FC,Newcastle United,1440.2071273842357,1577.3532832843196,-72.14615590008384,0.0,0.6,-0.6,0.2,0.2,0.0,0.2,2.0,-1.8,0.8,2.0,-1.2,2.8,1.4,-1.4,-2.0,0.6,-2.6,1,2,away_win
2024-25,2024-09-21,Aston Villa,Wolverhampton Wanderers FC,1574.1998425785919,1432.254319996674,206.94552258191788,0.6,0.0,0.6,0.0,0.2,-0.2,1.8,0.2,1.6,1.4,0.8,0.5999999999999999,2.2,2.6,0.3999999999999999,-0.8,-1.8,1.0,3,1,home_win
2024-25,2024-09-21,Crystal Palace,Manchester United,1503.629754618999,1545.5707980792922,23.05895653970674,0.2,0.6,-0.39999999999999997,0.4,0.0,0.4,1.0,1.8,-0.8,1.8,1.4,0.40000000000000013,1.4,1.0,-0.3999999999999999,0.4,0.4,0.0,0,0,draw
2024-25,2024-09-21,Fulham,Newcastle United,1498.535118677579,1585.3060906718813,-21.770971994302272,0.4,0.8,-0.4,0.4,0.2,0.2,1.6,2.6,-1.0,1.6,2.0,-0.3999999999999999,1.2,1.0,-0.19999999999999996,0.4,1.0,-0.6,3,1,home_win
2024-25,2024-09-21,Leicester City FC,Everton,1455.29573237262,1442.4921873621836,77.80354501043644,0.2,0.0,0.2,0.4,0.0,0.4,1.0,0.0,1.0,1.4,1.0,0.3999999999999999,1.6,3.0,1.4,-0.2,-2.0,1.8,1,1,draw
2024-25,2024-09-21,Liverpool,Bournemouth,1666.2941304011922,1488.9004150139183,242.39371538727391,0.8,0.2,0.6000000000000001,0.0,0.4,-0.4,2.4,1.0,1.4,1.8,1.2,0.6000000000000001,0.2,1.4,1.2,1.6,-0.2,1.8,3,0,home_win
2024-25,2024-09-21,Southampton FC,Ipswich Town,1372.3052044784297,1485.40147651347,-48.09627203504033,0.0,0.0,0.0,0.2,0.5,-0.3,0.2,0.5,-0.3,1.0,0.5,0.5,2.4,1.75,-0.6499999999999999,-1.4,-1.25,-0.1499999999999999,1,1,draw
2024-25,2024-09-21,Tottenham Hotspur,Brentford,1544.9299609413913,1492.5657938376658,117.36416710372555,0.4,0.4,0.0,0.2,0.0,0.2,1.4,1.2,0.19999999999999996,1.8,1.6,0.19999999999999996,0.8,2.0,1.2,1.0,-0.4,1.4,3,1,home_win
2024-25,2024-09-21,West Ham United FC,Chelsea,1490.837928677292,1580.8430899893515,-25.0051613120595,0.2,0.6,-0.39999999999999997,0.2,0.2,0.0,0.8,2.0,-1.2,1.2,2.0,-0.8,1.8,1.2,-0.6000000000000001,-0.6,0.8,-1.4,0,3,away_win
2024-25,2024-09-22,Brighton & Hove Albion,Nottingham Forest,1524.4999195662938,1476.1757923627802,113.32412720351363,0.4,0.6,-0.19999999999999996,0.4,0.4,0.0,1.6,2.2,-0.6000000000000001,1.2,1.2,0.0,0.8,0.6,-0.20000000000000007,0.4,0.6,-0.19999999999999996,2,2,draw
2024-25,2024-09-22,Manchester City,Arsenal,1754.7561415626656,1705.7514283346225,114.0047132280431,1.0,0.8,0.19999999999999996,0.0,0.2,-0.2,3.0,2.6,0.3999999999999999,2.8,1.6,1.1999999999999997,0.8,0.4,-0.4,2.0,1.2,0.8,2,2,draw
2024-25,2024-09-28,Arsenal,Leicester City FC,1708.9198407926463,1453.0930633504734,320.8267774421729,0.6,0.0,0.6,0.4,0.6,-0.19999999999999996,2.2,0.6,1.6,1.6,1.2,0.40000000000000013,0.6,1.6,1.0,1.0,-0.4,1.4,4,2,home_win
2024-25,2024-09-28,Brentford,West Ham United FC,1482.44848898979,1474.595244749075,72.85324424071496,0.4,0.2,0.2,0.0,0.2,-0.2,1.2,0.8,0.3999999999999999,1.4,1.0,0.3999999999999999,1.8,1.8,0.0,-0.4,-0.8,0.4,1,1,draw
2024-25,2024-09-28,Chelsea,Brighton & Hove Albion,1597.0857739175685,1521.3491403784699,140.73663353909865,0.6,0.4,0.19999999999999996,0.2,0.6,-0.39999999999999997,2.0,1.8,0.19999999999999996,2.2,1.6,0.6000000000000001,1.0,0.8,-0.19999999999999996,1.2,0.8,0.3999999999999999,4,2,home_win
2024-25,2024-09-28,Everton,Crystal Palace,1444.6948563843303,1502.9670372694213,6.727819114908925,0.0,0.0,0.0,0.2,0.6,-0.39999999999999997,0.2,0.6,-0.39999999999999997,1.0,0.8,0.19999999999999996,2.8,1.4,-1.4,-1.8,-0.6,-1.2000000000000002,2,1,home_win
2024-25,2024-09-28,Newcastle United,Manchester City,1569.3673905394753,1751.5877291046418,-117.22033856516646,0.6,0.8,-0.20000000000000007,0.2,0.2,0.0,2.0,2.6,-0.6000000000000001,1.4,2.6,-1.2000000000000002,1.2,1.0,-0.19999999999999996,0.2,1.6,-1.4000000000000001,1,1,draw
2024-25,2024-09-28,Nottingham Forest,Fulham,1479.326571550604,1514.473818809985,29.852752740619053,0.4,0.4,0.0,0.6,0.4,0.19999999999999996,1.8,1.6,0.19999999999999996,1.2,1.4,-0.19999999999999996,0.8,1.0,0.19999999999999996,0.4,0.4,0.0,0,1,away_win
2024-25,2024-09-28,Wolverhampton Wanderers FC,Liverpool,1425.2633862272176,1673.2436657871267,-182.98027955990915,0.0,0.8,-0.8,0.2,0.0,0.2,0.2,2.4,-2.1999999999999997,1.0,2.0,-1.0,2.8,0.2,-2.5999999999999996,-1.8,1.8,-3.6,1,2,away_win
2024-25,2024-09-29,Ipswich Town,Aston Villa,1484.025930069915,1581.1907763480483,-32.16484627813338,0.0,0.8,-0.8,0.6,0.0,0.6,0.6,2.4,-1.7999999999999998,0.6,2.0,-1.4,1.6,1.4,-0.20000000000000018,-1.0,0.6,-1.6,2,2,draw
2024-25,2024-09-29,Manchester United,Tottenham Hotspur,1546.2335154288699,1555.0472657892672,56.18624963960269,0.4,0.4,0.0,0.2,0.2,0.0,1.4,1.4,0.0,1.0,1.8,-0.8,1.0,1.0,0.0,0.0,0.8,-0.8,0,3,away_win
2024-25,2024-09-30,Bournemouth,Southampton FC,1481.9508796279838,1373.6807509219848,173.270128705999,0.2,0.0,0.2,0.4,0.2,0.2,1.0,0.2,0.8,1.0,0.4,0.6,1.6,1.8,0.19999999999999996,-0.6,-1.4,0.7999999999999999,3,1,home_win
2024-25,2024-10-05,Arsenal,Southampton FC,1713.0072156480085,1365.5972993923042,412.4099162557043,0.6,0.0,0.6,0.4,0.2,0.2,2.2,0.2,2.0,2.0,0.6,1.4,1.0,2.2,1.2000000000000002,1.0,-1.6,2.6,3,1,home_win
2024-25,2024-10-05,Brentford,Wolverhampton Wanderers FC,1480.3818058230202,1420.0916214167044,125.2901844063158,0.2,0.0,0.2,0.2,0.2,0.0,0.8,0.2,0.6000000000000001,1.2,1.2,0.0,1.8,2.8,0.9999999999999998,-0.6,-1.6,1.0,5,3,home_win
2024-25,2024-10-05,Crystal Palace,Liverpool,1493.160655269547,1678.41543059764,-120.25477532809282,0.0,0.8,-0.8,0.6,0.0,0.6,0.6,2.4,-1.7999999999999998,0.8,2.0,-1.2,1.4,0.4,-0.9999999999999999,-0.6,1.6,-2.2,0,1,away_win
2024-25,2024-10-05,Everton,Newcastle United,1454.5012383842045,1572.618819063424,-53.1175806792196,0.2,0.4,-0.2,0.2,0.4,-0.2,0.8,1.6,-0.8,1.4,1.4,0.0,2.4,1.4,-1.0,-1.0,0.0,-1.0,0,0,draw
2024-25,2024-10-05,Leicester City FC,Bournemouth,1449.0056884951111,1490.0343311576644,23.97135733744676,0.0,0.4,-0.4,0.4,0.2,0.2,0.4,1.4,-0.9999999999999999,1.4,1.4,0.0,2.2,1.6,-0.6000000000000001,-0.8,-0.2,-0.6000000000000001,1,0,home_win
2024-25,2024-10-05,Manchester City,Fulham,1748.336300580693,1525.3309418224353,288.00535875825767,0.6,0.6,0.0,0.4,0.4,0.0,2.2,2.2,0.0,2.4,1.6,0.7999999999999998,1.2,0.8,-0.3999999999999999,1.2,0.8,0.3999999999999999,3,2,home_win
2024-25,2024-10-05,West Ham United FC,Ipswich Town,1476.6619279158447,1484.9490729548816,56.712854960963114,0.2,0.0,0.2,0.4,0.8,-0.4,1.0,0.8,0.19999999999999996,1.0,1.0,0.0,1.6,1.6,0.0,-0.6,-0.6,0.0,4,1,home_win
2024-25,2024-10-06,Aston Villa,Manchester United,1580.2676334630817,1525.927882940755,119.33975052232677,0.6,0.2,0.39999999999999997,0.2,0.2,0.0,2.0,0.8,1.2,2.0,0.8,1.2,1.6,1.6,0.0,0.4,-0.8,1.2000000000000002,0,0,draw
2024-25,2024-10-06,Brighton & Hove Albion,Tottenham Hotspur,1512.1133536297355,1575.352898277382,1.7604553523533468,0.2,0.6,-0.39999999999999997,0.6,0.0,0.6,1.2,1.8,-0.6000000000000001,1.4,2.2,-0.8000000000000003,1.6,0.8,-0.8,-0.2,1.4,-1.5999999999999999,3,2,home_win
2024-25,2024-10-06,Chelsea,Nottingham Forest,1606.321560666303,1468.4694485381538,202.8521121281492,0.8,0.4,0.4,0.2,0.4,-0.2,2.6,1.6,1.0,3.0,1.0,2.0,1.0,0.8,-0.19999999999999996,2.0,0.2,1.8,1,1,draw
2024-25,2024-10-19,Bournemouth,Arsenal,1480.7231895667662,1715.5624715228237,-169.83928195605745,0.4,0.6,-0.19999999999999996,0.0,0.4,-0.4,1.2,2.2,-1.0000000000000002,1.2,2.2,-1.0000000000000002,1.6,1.2,-0.40000000000000013,-0.4,1.0,-1.4,2,0,home_win
2024-25,2024-10-19,Fulham,Aston Villa,1522.130038653003,1576.9617609774627,10.168277675540367,0.4,0.6,-0.19999999999999996,0.4,0.4,0.0,1.6,2.2,-0.6000000000000001,1.6,2.0,-0.3999999999999999,1.2,1.2,0.0,0.4,0.8,-0.4,1,3,away_win
2024-25,2024-10-19,Ipswich Town,Everton,1470.2805419895355,1456.0182839594413,79.26225803009424,0.0,0.2,-0.2,0.8,0.4,0.4,0.8,1.0,-0.19999999999999996,1.0,1.4,-0.3999999999999999,1.6,1.6,0.0,-0.6,-0.2,-0.39999999999999997,0,2,away_win
2024-25,2024-10-19,Manchester United,Brentford,1529.2337554263738,1490.1954827810005,104.03827264537335,0.2,0.4,-0.2,0.4,0.2,0.2,1.0,1.4,-0.3999999999999999,0.6,2.2,-1.6,1.2,2.0,0.8,-0.6,0.2,-0.8,2,1,home_win
2024-25,2024-10-19,Newcastle United,Brighton & Hove Albion,1571.1017734881873,1522.0626840852324,114.03908940295491,0.4,0.2,0.2,0.4,0.6,-0.19999999999999996,1.6,1.2,0.40000000000000013,1.2,1.6,-0.40000000000000013,1.2,1.8,0.6000000000000001,0.0,-0.2,0.2,0,1,away_win
2024-25,2024-10-19,Southampton FC,Leicester City FC,1363.042043517489,1458.3168300860093,-30.274786568520312,0.0,0.2,-0.2,0.2,0.4,-0.2,0.2,1.0,-0.8,0.8,1.4,-0.5999999999999999,2.6,1.8,-0.8,-1.8,-0.4,-1.4,2,3,away_win
2024-25,2024-10-19,Tottenham Hotspur,West Ham United FC,1565.4035678218852,1491.3304588811907,139.0731089406945,0.4,0.2,0.2,0.0,0.4,-0.4,1.2,1.0,0.19999999999999996,1.8,1.4,0.40000000000000013,1.4,1.8,0.40000000000000013,0.4,-0.4,0.8,4,1,home_win
2024-25,2024-10-20,Liverpool,Chelsea,1685.0861203063414,1601.0669416477765,149.0191786585649,0.8,0.6,0.20000000000000007,0.0,0.4,-0.4,2.4,2.2,0.19999999999999973,1.8,2.0,-0.19999999999999996,0.4,0.8,0.4,1.4,1.2,0.19999999999999996,2,1,home_win
2024-25,2024-10-20,Wolverhampton Wanderers FC,Manchester City,1410.277944458724,1751.5372037501252,-276.2592592914011,0.0,0.6,-0.6,0.2,0.4,-0.2,0.2,2.2,-2.0,1.4,2.2,-0.8000000000000003,2.6,1.4,-1.2000000000000002,-1.2,0.8,-2.0,1,2,away_win
2024-25,2024-10-21,Nottingham Forest,Crystal Palace,1473.7240675566802,1486.4899655608456,52.234101995834635,0.2,0.0,0.2,0.6,0.6,0.0,1.2,0.6,0.6,1.0,0.8,0.19999999999999996,1.0,1.2,0.19999999999999996,0.0,-0.4,0.4,1,0,home_win
2024-25,2024-10-25,Leicester City FC,Nottingham Forest,1467.4476504647014,1482.231874855942,50.215775608759486,0.4,0.4,0.0,0.4,0.4,0.0,1.6,1.6,0.0,1.8,1.0,0.8,1.8,0.8,-1.0,0.0,0.2,-0.2,1,3,away_win
2024-25,2024-10-26,Aston Villa,Bournemouth,1592.4006355166994,1502.522579871192,154.8780556455074,0.6,0.4,0.19999999999999996,0.4,0.0,0.4,2.2,1.2,1.0000000000000002,2.2,1.0,1.2000000000000002,1.2,1.2,0.0,1.0,-0.2,1.2,1,1,draw
2024-25,2024-10-26,Brentford,Ipswich Town,1483.1035402393745,1451.916671989939,96.18686824943552,0.2,0.0,0.2,0.2,0.6,-0.39999999999999997,0.8,0.6,0.20000000000000007,1.8,0.8,1.0,2.2,1.8,-0.40000000000000013,-0.4,-1.0,0.6,4,3,home_win
2024-25,2024-10-26,Brighton & Hove Albion,Wolverhampton Wanderers FC,1535.2319866143462,1406.891043441961,193.3409431723851,0.4,0.0,0.4,0.4,0.0,0.4,1.6,0.0,1.6,1.6,1.4,0.20000000000000018,1.6,2.8,1.1999999999999997,0.0,-1.4,1.4,2,2,draw
2024-25,2024-10-26,Everton,Fulham,1474.3821539590379,1506.6911641137665,32.69098984527136,0.4,0.4,0.0,0.4,0.2,0.2,1.6,1.4,0.20000000000000018,1.4,1.6,-0.20000000000000018,1.0,1.6,0.6000000000000001,0.4,0.0,0.4,1,1,draw
2024-25,2024-10-26,Manchester City,Southampton FC,1754.9241047668881,1353.911223138797,466.01288162809124,0.6,0.0,0.6,0.4,0.2,0.2,2.2,0.2,2.0,2.0,1.0,1.0,1.4,2.6,1.2000000000000002,0.6,-1.6,2.2,1,0,home_win
2024-25,2024-10-27,Arsenal,Liverpool,1693.763081218398,1691.0420065278724,67.72107469052548,0.6,0.8,-0.20000000000000007,0.2,0.0,0.2,2.0,2.4,-0.3999999999999999,2.0,1.6,0.3999999999999999,1.4,0.6,-0.7999999999999999,0.6,1.0,-0.4,2,2,draw
2024-25,2024-10-27,Chelsea,Newcastle United,1595.1110554262455,1557.9324709590735,102.17858446717196,0.6,0.2,0.39999999999999997,0.2,0.4,-0.2,2.0,1.0,1.0,2.0,0.8,1.2,1.0,1.2,0.19999999999999996,1.0,-0.4,1.4,2,1,home_win
2024-25,2024-10-27,Crystal Palace,Tottenham Hotspur,1477.982158261584,1576.2502001685496,-33.268041906965664,0.0,0.6,-0.6,0.4,0.0,0.4,0.4,1.8,-1.4,0.6,2.4,-1.7999999999999998,1.2,1.2,0.0,-0.6,1.2,-1.7999999999999998,1,0,home_win
2024-25,2024-10-27,West Ham United FC,Manchester United,1480.4838265345263,1536.3256979679998,9.158128566526557,0.2,0.4,-0.2,0.4,0.4,0.0,1.0,1.6,-0.6000000000000001,1.4,1.0,0.3999999999999999,2.0,0.8,-1.2,-0.6,0.2,-0.8,2,1,home_win
2024-25,2024-11-02,Bournemouth,Manchester City,1506.7067775534845,1756.2042804252317,-184.4975028717472,0.4,0.6,-0.19999999999999996,0.2,0.4,-0.2,1.4,2.2,-0.8000000000000003,1.2,1.8,-0.6000000000000001,1.2,1.2,0.0,0.0,0.6,-0.6,2,1,home_win
2024-25,2024-11-02,Ipswich Town,Leicester City FC,1444.616525865017,1450.2946322736339,59.32189359138306,0.0,0.4,-0.4,0.4,0.2,0.2,0.4,1.4,-0.9999999999999999,1.4,1.6,-0.20000000000000018,2.6,2.0,-0.6000000000000001,-1.2,-0.4,-0.7999999999999999,1,1,draw
2024-25,2024-11-02,Liverpool,Brighton & Hove Albion,1692.966860521072,1530.1783761598278,227.78848436124417,0.8,0.4,0.4,0.2,0.4,-0.2,2.6,1.6,1.0,2.0,2.0,0.0,0.8,2.0,1.2,1.2,0.0,1.2,2,1,home_win
2024-25,2024-11-02,Newcastle United,Arsenal,1550.7914529649183,1691.8382272251984,-76.04677426028002,0.0,0.4,-0.4,0.4,0.4,0.0,0.4,1.6,-1.2000000000000002,0.6,2.2,-1.6,1.4,1.8,0.40000000000000013,-0.8,0.4,-1.2000000000000002,1,0,home_win
2024-25,2024-11-02,Nottingham Forest,West Ham United FC,1499.3848930470094,1490.2202954372508,74.16459760975863,0.4,0.4,0.0,0.4,0.2,0.2,1.6,1.4,0.20000000000000018,1.4,1.6,-0.20000000000000018,1.0,2.0,1.0,0.4,-0.4,0.8,3,0,home_win
2024-25,2024-11-02,Southampton FC,Everton,1352.6310474804534,1473.4439986079844,-55.81295112753105,0.0,0.4,-0.4,0.2,0.6,-0.39999999999999997,0.2,1.8,-1.6,1.0,1.2,-0.19999999999999996,2.2,0.6,-1.6,-1.2,0.6,-1.7999999999999998,1,0,home_win
2024-25,2024-11-02,Wolverhampton Wanderers FC,Crystal Palace,1411.9446538964794,1488.936773745408,-11.992119848928496,0.0,0.2,-0.2,0.2,0.2,0.0,0.2,0.8,-0.6000000000000001,1.6,0.4,1.2000000000000002,2.8,0.8,-1.9999999999999998,-1.2,-0.4,-0.7999999999999999,2,2,draw
2024-25,2024-11-03,Manchester United,Chelsea,1526.5892290652753,1602.2520734204006,-10.662844355125344,0.2,0.6,-0.39999999999999997,0.4,0.2,0.2,1.0,2.0,-1.0,0.6,2.2,-1.6,1.2,1.2,0.0,-0.6,1.0,-1.6,1,1,draw
2024-25,2024-11-03,Tottenham Hotspur,Aston Villa,1565.2955846847256,1588.2164378344069,42.07914685031869,0.6,0.4,0.19999999999999996,0.0,0.6,-0.6,1.8,1.8,0.0,2.4,1.8,0.5999999999999999,1.2,1.0,-0.19999999999999996,1.2,0.8,0.3999999999999999,4,1,home_win
2024-25,2024-11-04,Fulham,Brentford,1507.62931946482,1490.4036863642966,82.22563310052328,0.4,0.4,0.0,0.2,0.2,0.0,1.4,1.4,0.0,1.6,2.4,-0.7999999999999998,1.6,2.4,0.7999999999999998,0.0,0.0,0.0,2,1,home_win
2024-25,2024-11-09,Brentford,Bournemouth,1482.7271130388808,1521.568431166708,26.158681872172792,0.4,0.6,-0.19999999999999996,0.2,0.2,0.0,1.4,2.0,-0.6000000000000001,2.4,1.6,0.7999999999999998,2.2,0.8,-1.4000000000000001,0.2,0.8,-0.6000000000000001,3,2,home_win
2024-25,2024-11-09,Brighton & Hove Albion,Manchester City,1525.9328409805807,1741.3426268120081,-150.40978583142737,0.4,0.6,-0.19999999999999996,0.2,0.2,0.0,1.4,2.0,-0.6000000000000001,1.8,1.6,0.19999999999999996,2.0,1.2,-0.8,-0.2,0.4,-0.6000000000000001,2,1,home_win
2024-25,2024-11-09,Crystal Palace,Fulham,1488.591749795566,1515.3058927902357,38.2858570053304,0.2,0.4,-0.2,0.2,0.2,0.0,0.8,1.4,-0.5999999999999999,0.8,1.4,-0.5999999999999999,1.2,1.6,0.40000000000000013,-0.4,-0.2,-0.2,0,2,away_win
2024-25,2024-11-09,Liverpool,Aston Villa,1697.2123957003191,1572.825621667352,189.3867740329672,0.8,0.2,0.6000000000000001,0.2,0.6,-0.39999999999999997,2.6,1.2,1.4000000000000001,1.8,1.4,0.40000000000000013,1.0,1.6,0.6000000000000001,0.8,-0.2,1.0,2,0,home_win
2024-25,2024-11-09,West Ham United FC,Everton,1476.4001718339703,1461.851250073479,79.54892176049134,0.4,0.4,0.0,0.2,0.4,-0.2,1.4,1.6,-0.20000000000000018,1.6,1.0,0.6000000000000001,2.0,0.6,-1.4,-0.4,0.4,-0.8,0,0,draw
2024-25,2024-11-09,Wolverhampton Wanderers FC,Southampton FC,1412.2896778463212,1364.223796014959,113.06588183136228,0.0,0.2,-0.2,0.4,0.0,0.4,0.4,0.6,-0.19999999999999996,1.8,1.0,0.8,2.6,2.0,-0.6000000000000001,-0.8,-1.0,0.19999999999999996,2,0,home_win
2024-25,2024-11-10,Chelsea,Arsenal,1601.945268408528,1679.68372212647,-12.738453717942093,0.4,0.4,0.0,0.4,0.2,0.2,1.6,1.4,0.20000000000000018,1.8,1.8,0.0,1.4,1.6,0.20000000000000018,0.4,0.2,0.2,1,1,draw
2024-25,2024-11-10,Manchester United,Leicester City FC,1526.896034077148,1451.985652767058,139.9103813100901,0.2,0.4,-0.2,0.4,0.2,0.2,1.0,1.4,-0.3999999999999999,0.8,1.6,-0.8,1.4,2.0,0.6000000000000001,-0.6,-0.4,-0.19999999999999996,3,0,home_win
2024-25,2024-11-10,Nottingham Forest,Newcastle United,1513.20501665029,1562.9459580636467,15.259058586643278,0.6,0.2,0.39999999999999997,0.2,0.4,-0.2,2.0,1.0,1.0,1.6,0.6,1.0,0.6,0.8,0.20000000000000007,1.0,-0.2,1.2,1,3,away_win
2024-25,2024-11-10,Tottenham Hotspur,Ipswich Town,1580.6864008517805,1442.9255053715929,202.76089548018763,0.6,0.0,0.6,0.0,0.4,-0.4,1.8,0.4,1.4,2.6,1.4,1.2000000000000002,1.2,2.6,1.4000000000000001,1.4,-1.2,2.5999999999999996,1,2,away_win
2024-25,2024-11-23,Arsenal,Nottingham Forest,1679.3172441557513,1497.5466533830936,246.77059077265767,0.2,0.6,-0.39999999999999997,0.4,0.2,0.2,1.0,2.0,-1.0,1.2,1.8,-0.6000000000000001,1.4,1.0,-0.3999999999999999,-0.2,0.8,-1.0,3,0,home_win
2024-25,2024-11-23,Aston Villa,Crystal Palace,1565.2781912745284,1471.945474695517,158.33271657901128,0.2,0.2,0.0,0.4,0.2,0.2,1.0,0.8,0.19999999999999996,1.0,0.6,0.4,1.6,1.2,-0.40000000000000013,-0.6,-0.6,0.0,2,2,draw
2024-25,2024-11-23,Bournemouth,Brighton & Hove Albion,1512.319919104303,1540.0103793560734,37.309539748229554,0.4,0.6,-0.19999999999999996,0.2,0.2,0.0,1.4,2.0,-0.6000000000000001,1.4,1.8,-0.40000000000000013,1.2,1.4,0.19999999999999996,0.2,0.4,-0.2,1,2,away_win
2024-25,2024-11-23,Everton,Brentford,1464.1016645185807,1491.975625101286,37.126039417294805,0.2,0.6,-0.39999999999999997,0.6,0.0,0.6,1.2,1.8,-0.6000000000000001,0.6,2.8,-2.1999999999999997,0.4,2.4,2.0,0.2,0.4,-0.2,0,0,draw
2024-25,2024-11-23,Fulham,Wolverhampton Wanderers FC,1531.9521678902847,1422.5735539226118,174.3786139676729,0.4,0.2,0.2,0.2,0.4,-0.2,1.4,1.0,0.3999999999999999,1.6,2.0,-0.3999999999999999,1.6,2.2,0.6000000000000001,0.0,-0.2,0.2,1,4,away_win
2024-25,2024-11-23,Leicester City FC,Chelsea,1441.175064045233,1602.3117463792466,-96.13668233401359,0.4,0.2,0.2,0.2,0.6,-0.39999999999999997,1.4,1.2,0.19999999999999996,1.2,1.2,0.0,1.8,1.2,-0.6000000000000001,-0.6,0.0,-0.6,1,2,away_win
2024-25,2024-11-23,Manchester City,Tottenham Hotspur,1727.2650884365155,1565.433682614635,226.83140582188048,0.6,0.4,0.19999999999999996,0.0,0.0,0.0,1.8,1.2,0.6000000000000001,1.6,2.2,-0.6000000000000001,1.4,1.6,0.20000000000000018,0.2,0.6,-0.39999999999999997,0,4,away_win
2024-25,2024-11-24,Ipswich Town,Manchester United,1458.1782236087383,1537.7066227989728,-14.528399190234495,0.2,0.4,-0.2,0.2,0.4,-0.2,0.8,1.6,-0.8,1.4,1.4,0.0,2.4,0.8,-1.5999999999999999,-1.0,0.6,-1.6,1,1,draw
2024-25,2024-11-24,Southampton FC,Liverpool,1353.9399199386683,1704.7598260931427,-285.81990615447444,0.2,0.8,-0.6000000000000001,0.0,0.2,-0.2,0.6,2.6,-2.0,0.8,1.8,-1.0,1.8,0.8,-1.0,-1.0,1.0,-2.0,2,3,away_win
2024-25,2024-11-25,Newcastle United,West Ham United FC,1578.604321330843,1474.1497573888685,169.45456394197458,0.4,0.4,0.0,0.2,0.2,0.0,1.4,1.4,0.0,1.0,1.4,-0.3999999999999999,0.8,1.8,1.0,0.2,-0.4,0.6000000000000001,0,2,away_win
2024-25,2024-11-29,Brighton & Hove Albion,Southampton FC,1551.0801254129085,1350.7050478927722,265.3750775201363,0.6,0.2,0.39999999999999997,0.2,0.0,0.2,2.0,0.6,1.4,1.6,1.0,0.6000000000000001,1.2,1.8,0.6000000000000001,0.4,-0.8,1.2000000000000002,1,1,draw
2024-25,2024-11-30,Brentford,Leicester City FC,1493.0401497394464,1433.8735786915622,124.16657104788419,0.4,0.2,0.2,0.2,0.2,0.0,1.4,0.8,0.5999999999999999,1.8,1.2,0.6000000000000001,1.8,2.2,0.40000000000000013,0.0,-1.0,1.0,4,1,home_win
2024-25,2024-11-30,Crystal Palace,Newcastle United,1476.2113547165773,1556.8181344123832,-15.606779695805926,0.2,0.4,-0.2,0.4,0.0,0.4,1.0,1.2,-0.19999999999999996,1.0,1.0,0.0,1.4,1.2,-0.19999999999999996,-0.4,-0.2,-0.2,1,1,draw
2024-25,2024-11-30,Nottingham Forest,Ipswich Town,1490.736382006287,1458.5961409915103,97.14024101477662,0.6,0.2,0.39999999999999997,0.0,0.4,-0.4,1.8,1.0,0.8,1.6,1.4,0.20000000000000018,1.4,1.8,0.40000000000000013,0.2,-0.4,0.6000000000000001,1,0,home_win
2024-25,2024-11-30,West Ham United FC,Arsenal,1495.9359443073283,1686.127515532558,-125.19157122522961,0.4,0.2,0.2,0.2,0.4,-0.2,1.4,1.0,0.3999999999999999,1.0,1.2,-0.19999999999999996,1.6,1.2,-0.40000000000000013,-0.6,0.0,-0.6,2,5,away_win
2024-25,2024-11-30,Wolverhampton Wanderers FC,Bournemouth,1448.186758017526,1501.2501730474678,11.93658497005822,0.4,0.4,0.0,0.4,0.2,0.2,1.6,1.4,0.20000000000000018,2.2,1.6,0.6000000000000001,1.4,1.4,0.0,0.8,0.2,0.6000000000000001,2,4,away_win
2024-25,2024-12-01,Chelsea,Aston Villa,1609.6132317329175,1561.0123112534682,113.60092047944931,0.4,0.2,0.2,0.4,0.4,0.0,1.6,1.0,0.6000000000000001,1.4,1.4,0.0,1.2,2.0,0.8,0.2,-0.6,0.8,3,0,home_win
2024-25,2024-12-01,Liverpool,Manchester City,1707.9946981390387,1697.7600686847993,75.23462945423944,0.8,0.4,0.4,0.2,0.0,0.2,2.6,1.2,1.4000000000000001,2.2,1.0,1.2000000000000002,1.2,1.8,0.6000000000000001,1.0,-0.8,1.8,2,0,home_win
2024-25,2024-12-01,Manchester United,Everton,1537.2887054162009,1463.0371398804202,139.25156553578063,0.4,0.2,0.2,0.4,0.6,-0.19999999999999996,1.6,1.2,0.40000000000000013,1.6,0.6,1.0,1.0,0.4,-0.6,0.6,0.2,0.39999999999999997,4,0,home_win
2024-25,2024-12-01,Tottenham Hotspur,Fulham,1594.9387023663512,1506.3389637953705,153.59973857098066,0.6,0.4,0.19999999999999996,0.0,0.2,-0.2,1.8,1.4,0.40000000000000013,2.6,1.4,1.2000000000000002,1.0,1.8,0.8,1.6,-0.4,2.0,1,1,draw
2024-25,2024-12-03,Ipswich Town,Crystal Palace,1451.3214160640734,1476.660252057378,39.661164006695344,0.2,0.2,0.0,0.4,0.6,-0.19999999999999996,1.0,1.2,-0.19999999999999996,1.4,1.2,0.19999999999999996,1.6,1.4,-0.20000000000000018,-0.2,-0.2,0.0,0,1,away_win
2024-25,2024-12-03,Leicester City FC,West Ham United FC,1422.3744037348479,1484.4822808351273,2.8921228997205617,0.0,0.4,-0.4,0.2,0.2,0.0,0.2,1.4,-1.2,0.8,1.2,-0.3999999999999999,2.6,1.8,-0.8,-1.8,-0.6,-1.2000000000000002,3,1,home_win
2024-25,2024-12-04,Arsenal,Manchester United,1697.581179004759,1548.901860174757,213.67931883000188,0.4,0.4,0.0,0.4,0.4,0.0,1.6,1.6,0.0,2.2,2.0,0.20000000000000018,1.2,0.8,-0.3999999999999999,1.0,1.2,-0.19999999999999996,2,0,home_win
2024-25,2024-12-04,Aston Villa,Brentford,1549.0387294311965,1504.5393246961607,109.4994047350358,0.0,0.6,-0.6,0.4,0.2,0.2,0.4,2.0,-1.6,0.8,2.4,-1.5999999999999999,2.4,1.6,-0.7999999999999998,-1.6,0.8,-2.4000000000000004,3,1,home_win
2024-25,2024-12-04,Everton,Wolverhampton Wanderers FC,1451.423985121864,1432.6716168852247,83.75236823663931,0.0,0.4,-0.4,0.6,0.4,0.19999999999999996,0.6,1.6,-1.0,0.2,2.4,-2.1999999999999997,1.2,1.8,0.6000000000000001,-1.0,0.6,-1.6,4,0,home_win
2024-25,2024-12-04,Manchester City,Nottingham Forest,1685.958374028373,1498.0111069337238,252.9472670946493,0.2,0.6,-0.39999999999999997,0.0,0.0,0.0,0.6,1.8,-1.2000000000000002,0.6,1.6,-1.0,2.0,1.4,-0.6000000000000001,-1.4,0.2,-1.5999999999999999,3,0,home_win
2024-25,2024-12-04,Newcastle United,Liverpool,1556.3692370715823,1719.796392795465,-98.4271557238826,0.4,0.8,-0.4,0.2,0.2,0.0,1.4,2.6,-1.2000000000000002,1.2,2.2,-1.0000000000000002,1.2,1.0,-0.19999999999999996,0.0,1.2,-1.2,3,3,draw
2024-25,2024-12-04,Southampton FC,Chelsea,1357.1382095016425,1621.586813555189,-199.44860405354666,0.2,0.6,-0.39999999999999997,0.2,0.4,-0.2,0.8,2.2,-1.4000000000000001,0.8,1.8,-1.0,1.4,0.8,-0.5999999999999999,-0.6,1.0,-1.6,1,5,away_win
2024-25,2024-12-05,Bournemouth,Tottenham Hotspur,1516.7653141797691,1590.784902742592,-9.019588562822946,0.4,0.4,0.0,0.2,0.2,0.0,1.4,1.4,0.0,2.0,2.0,0.0,1.8,1.0,-0.8,0.2,1.0,-0.8,1,0,home_win
2024-25,2024-12-05,Fulham,Brighton & Hove Albion,1510.4927634191297,1544.6469638040383,30.845799615091437,0.4,0.4,0.0,0.4,0.4,0.0,1.6,1.6,0.0,1.4,1.6,-0.20000000000000018,1.4,1.4,0.0,0.0,0.2,-0.2,3,1,home_win
2024-25,2024-12-07,Aston Villa,Southampton FC,1559.4618060351656,1348.10697490848,276.35483112668567,0.2,0.2,0.0,0.2,0.2,0.0,0.8,0.8,0.0,1.2,1.0,0.19999999999999996,2.4,2.2,-0.19999999999999973,-1.2,-1.2,0.0,1,0,home_win
2024-25,2024-12-07,Brentford,Newcastle United,1494.1162480921917,1559.1287667566614,-0.01251866446978056,0.4,0.4,0.0,0.2,0.4,-0.2,1.4,1.6,-0.20000000000000018,1.8,1.6,0.19999999999999996,1.6,1.4,-0.20000000000000018,0.2,0.2,0.0,4,2,home_win
2024-25,2024-12-07,Crystal Palace,Manchester City,1487.7968593087921,1692.5757322869092,-139.77887297811708,0.2,0.2,0.0,0.6,0.0,0.6,1.2,0.6,0.6,1.2,1.0,0.19999999999999996,1.4,2.0,0.6000000000000001,-0.2,-1.0,0.8,2,2,draw
2024-25,2024-12-07,Manchester United,Nottingham Forest,1542.11661186348,1491.3937486751877,115.72286318829242,0.4,0.4,0.0,0.4,0.0,0.4,1.6,1.2,0.40000000000000013,1.8,1.0,0.8,0.8,1.8,1.0,1.0,-0.8,1.8,2,3,away_win
2024-25,2024-12-08,Fulham,Arsenal,1524.164531132705,1704.366427316036,-115.20189618333097,0.6,0.6,0.0,0.2,0.2,0.0,2.0,2.0,0.0,1.8,2.2,-0.40000000000000013,1.4,0.8,-0.5999999999999999,0.4,1.4,-0.9999999999999999,1,1,draw
2024-25,2024-12-08,Ipswich Town,Bournemouth,1440.1848088126594,1527.0248605028069,-21.840051690147448,0.2,0.6,-0.39999999999999997,0.4,0.0,0.4,1.0,1.8,-0.8,0.8,2.0,-1.2,1.0,1.6,0.6000000000000001,-0.2,0.4,-0.6000000000000001,1,2,away_win
2024-25,2024-12-08,Leicester City FC,Brighton & Hove Albion,1437.2495436361066,1530.975196090463,-28.72565245435635,0.2,0.4,-0.2,0.2,0.2,0.0,0.8,1.4,-0.5999999999999999,1.2,1.4,-0.19999999999999996,2.2,1.6,-0.6000000000000001,-1.0,-0.2,-0.8,2,2,draw
2024-25,2024-12-08,Tottenham Hotspur,Chelsea,1580.5253564195543,1630.6180481483516,14.907308271202737,0.4,0.6,-0.19999999999999996,0.2,0.4,-0.2,1.4,2.2,-0.8000000000000003,2.0,2.4,-0.3999999999999999,1.0,0.8,-0.19999999999999996,1.0,1.6,-0.6000000000000001,3,4,away_win
2024-25,2024-12-09,West Ham United FC,Wolverhampton Wanderers FC,1469.6071409338685,1418.3559071332945,116.25123380057403,0.2,0.4,-0.2,0.2,0.2,0.0,0.8,1.4,-0.5999999999999999,1.0,2.0,-1.0,2.2,2.2,0.0,-1.2,-0.2,-1.0,2,1,home_win
2024-25,2024-12-14,Arsenal,Everton,1701.1670502432614,1465.7396948737942,300.42735536946725,0.6,0.2,0.39999999999999997,0.4,0.4,0.0,2.2,1.0,1.2000000000000002,2.4,0.8,1.5999999999999999,0.8,1.0,0.19999999999999996,1.6,-0.2,1.8,0,0,draw
2024-25,2024-12-14,Liverpool,Fulham,1717.0368631103859,1527.3639082054794,254.67295490490642,0.8,0.4,0.4,0.2,0.4,-0.2,2.6,1.6,1.0,2.4,1.6,0.7999999999999998,1.2,1.4,0.19999999999999996,1.2,0.2,1.0,2,2,draw
2024-25,2024-12-14,Newcastle United,Leicester City FC,1544.1282262824705,1438.0744555788483,171.05377070362215,0.2,0.2,0.0,0.4,0.2,0.2,1.0,0.8,0.19999999999999996,1.8,1.4,0.40000000000000013,2.2,2.4,0.19999999999999973,-0.4,-1.0,0.6,4,0,home_win
2024-25,2024-12-14,Nottingham Forest,Aston Villa,1504.6065790666348,1562.847159555064,6.759419511570741,0.4,0.4,0.0,0.0,0.2,-0.2,1.2,1.4,-0.19999999999999996,1.0,1.2,-0.19999999999999996,2.2,1.6,-0.6000000000000001,-1.2,-0.4,-0.7999999999999999,2,1,home_win
2024-25,2024-12-14,Wolverhampton Wanderers FC,Ipswich Town,1411.5823687985014,1430.8125893631445,45.769779435356895,0.4,0.2,0.2,0.0,0.2,-0.2,1.2,0.8,0.3999999999999999,1.8,0.8,1.0,2.2,1.2,-1.0000000000000002,-0.4,-0.4,0.0,1,2,away_win
2024-25,2024-12-15,Brighton & Hove Albion,Crystal Palace,1530.1502841477213,1491.6161475257466,103.53413662197477,0.4,0.2,0.2,0.4,0.6,-0.19999999999999996,1.6,1.2,0.40000000000000013,1.6,1.2,0.40000000000000013,1.6,1.4,-0.20000000000000018,0.0,-0.2,0.2,1,3,away_win
2024-25,2024-12-15,Chelsea,Brentford,1641.046851862995,1509.1167885663826,196.9300632966124,0.8,0.6,0.20000000000000007,0.2,0.2,0.0,2.6,2.0,0.6000000000000001,3.0,2.4,0.6000000000000001,1.2,1.6,0.40000000000000013,1.8,0.8,1.0,2,1,home_win
2024-25,2024-12-15,Manchester City,Manchester United,1688.7564440699548,1528.903781472033,224.85266259792184,0.2,0.4,-0.2,0.2,0.2,0.0,0.8,1.4,-0.5999999999999999,1.2,2.0,-0.8,2.0,1.2,-0.8,-0.8,0.8,-1.6,1,2,away_win
2024-25,2024-12-15,Southampton FC,Tottenham Hotspur,1344.7216213885815,1570.096552704911,-160.37493131632937,0.0,0.2,-0.2,0.2,0.2,0.0,0.2,0.8,-0.6000000000000001,0.8,1.8,-1.0,2.4,1.6,-0.7999999999999998,-1.6,0.2,-1.8,0,5,away_win
2024-25,2024-12-16,Bournemouth,West Ham United FC,1536.3970799523217,1476.3806792686617,125.0164006836601,0.6,0.4,0.19999999999999996,0.0,0.2,-0.2,1.8,1.4,0.40000000000000013,2.0,1.4,0.6000000000000001,1.6,1.8,0.19999999999999996,0.4,-0.4,0.8,1,1,draw
2024-25,2024-12-21,Aston Villa,Manchester City,1553.04168674515,1673.0587726676974,-55.017085922547494,0.4,0.2,0.2,0.2,0.2,0.0,1.4,0.8,0.5999999999999999,1.4,1.2,0.19999999999999996,1.6,2.0,0.3999999999999999,-0.2,-0.8,0.6000000000000001,2,1,home_win
2024-25,2024-12-21,Brentford,Nottingham Forest,1504.2469174353735,1514.412051876549,54.834865558824504,0.4,0.6,-0.19999999999999996,0.2,0.0,0.2,1.4,1.8,-0.40000000000000013,2.0,1.2,0.8,1.6,1.8,0.19999999999999996,0.4,-0.6,1.0,0,2,away_win
2024-25,2024-12-21,Crystal Palace,Arsenal,1510.9583006621572,1694.180339970717,-118.22203930855972,0.4,0.6,-0.19999999999999996,0.6,0.4,0.19999999999999996,1.8,2.2,-0.40000000000000013,1.8,2.2,-0.40000000000000013,1.2,0.6,-0.6,0.6,1.6,-1.0,1,5,away_win
2024-25,2024-12-21,Ipswich Town,Newcastle United,1442.1223813876584,1554.3269960970745,-47.20461470941609,0.2,0.2,0.0,0.2,0.4,-0.2,0.8,1.0,-0.19999999999999996,0.8,2.0,-1.2,1.2,2.0,0.8,-0.4,0.0,-0.4,0,4,away_win
2024-25,2024-12-21,West Ham United FC,Brighton & Hove Albion,1479.8312879862212,1510.8081310113107,34.023156974910535,0.4,0.2,0.2,0.2,0.4,-0.2,1.4,1.0,0.3999999999999999,1.6,1.4,0.20000000000000018,2.0,2.0,0.0,-0.4,-0.6,0.19999999999999996,1,1,draw
2024-25,2024-12-22,Everton,Chelsea,1472.7264051463387,1645.9167229940042,-108.19031784766548,0.2,1.0,-0.8,0.6,0.0,0.6,1.2,3.0,-1.8,0.8,3.2,-2.4000000000000004,0.8,1.2,0.3999999999999999,0.0,2.0,-2.0,0,0,draw
2024-25,2024-12-22,Fulham,Southampton FC,1533.6129279427591,1333.3493059959796,265.2636219467795,0.2,0.0,0.2,0.6,0.2,0.39999999999999997,1.2,0.2,1.0,1.6,0.8,0.8,1.8,3.0,1.2,-0.2,-2.2,2.0,0,0,draw
2024-25,2024-12-22,Leicester City FC,Wolverhampton Wanderers FC,1427.8756857642443,1400.2725767739876,92.60310899025671,0.2,0.2,0.0,0.2,0.0,0.2,0.8,0.6,0.20000000000000007,1.4,1.6,-0.20000000000000018,2.6,2.6,0.0,-1.2,-1.0,-0.19999999999999996,0,3,away_win
2024-25,2024-12-22,Manchester United,Bournemouth,1544.6014528742903,1532.9464712347622,76.65498163952816,0.4,0.6,-0.19999999999999996,0.2,0.2,0.0,1.4,2.0,-0.6000000000000001,1.8,1.8,0.0,1.4,1.2,-0.19999999999999996,0.4,0.6,-0.19999999999999996,0,3,away_win
2024-25,2024-12-22,Tottenham Hotspur,Liverpool,1581.4688680975128,1710.7878433731062,-64.3189752755934,0.4,0.6,-0.19999999999999996,0.2,0.4,-0.2,1.4,2.2,-0.8000000000000003,2.6,2.4,0.20000000000000018,1.2,1.4,0.19999999999999996,1.4,1.0,0.3999999999999999,3,6,away_win
2024-25,2024-12-26,Bournemouth,Crystal Palace,1554.2460569055645,1498.3530273938673,120.89302951169725,0.8,0.4,0.4,0.2,0.4,-0.2,2.6,1.6,1.0,2.2,1.6,0.6000000000000001,0.8,1.8,1.0,1.4,-0.2,1.5999999999999999,0,0,draw
2024-25,2024-12-26,Chelsea,Fulham,1642.8996504528725,1527.1816470431866,180.71800340968593,0.8,0.2,0.6000000000000001,0.2,0.8,-0.6000000000000001,2.6,1.4,1.2000000000000002,2.8,1.4,1.4,1.0,1.0,0.0,1.8,0.4,1.4,1,2,away_win
2024-25,2024-12-26,Liverpool,Leicester City FC,1725.084666693107,1405.8187556226485,384.2659110704585,0.6,0.2,0.39999999999999997,0.4,0.2,0.2,2.2,0.8,1.4000000000000001,3.2,1.2,2.0,2.0,2.8,0.7999999999999998,1.2,-1.6,2.8,3,1,home_win
2024-25,2024-12-26,Manchester City,Everton,1661.4883579728187,1475.7434776874704,250.74488028534824,0.2,0.2,0.0,0.2,0.6,-0.39999999999999997,0.8,1.2,-0.3999999999999999,1.4,0.8,0.5999999999999999,1.6,0.8,-0.8,-0.2,0.0,-0.2,1,1,draw
2024-25,2024-12-26,Newcastle United,Aston Villa,1570.5450725193707,1564.6121014400287,70.932971079342,0.4,0.6,-0.19999999999999996,0.4,0.0,0.4,1.6,1.8,-0.19999999999999996,2.8,1.4,1.4,1.6,1.4,-0.20000000000000018,1.2,0.0,1.2,3,0,home_win
2024-25,2024-12-26,Nottingham Forest,Tottenham Hotspur,1531.760000220283,1567.172044777512,29.58795544277109,0.8,0.2,0.6000000000000001,0.0,0.2,-0.2,2.4,0.8,1.5999999999999999,1.6,2.4,-0.7999999999999998,1.2,2.4,1.2,0.4,0.0,0.4,1,0,home_win
2024-25,2024-12-26,Southampton FC,West Ham United FC,1339.7805868955522,1478.855141104355,-74.07455420880274,0.0,0.2,-0.2,0.4,0.4,0.0,0.4,1.0,-0.6,0.4,1.4,-0.9999999999999999,2.4,2.2,-0.19999999999999973,-2.0,-0.8,-1.2,0,1,away_win
2024-25,2024-12-26,Wolverhampton Wanderers FC,Manchester United,1422.3295069155834,1523.301867203488,-35.97236028790462,0.2,0.4,-0.2,0.0,0.0,0.0,0.6,1.2,-0.6,1.4,1.6,-0.20000000000000018,2.4,1.8,-0.5999999999999999,-1.0,-0.2,-0.8,2,0,home_win
2024-25,2024-12-27,Arsenal,Ipswich Town,1706.7856132390068,1425.9043049653621,345.88130827364466,0.6,0.2,0.39999999999999997,0.4,0.0,0.4,2.2,0.6,1.6,2.6,0.6,2.0,0.8,1.8,1.0,1.8,-1.2,3.0,1,0,home_win
2024-25,2024-12-27,Brighton & Hove Albion,Brentford,1511.784277893177,1486.8989690916394,89.88530880153758,0.0,0.4,-0.4,0.6,0.0,0.6,0.6,1.2,-0.6,1.2,2.0,-0.8,2.0,2.0,0.0,-0.8,0.0,-0.8,0,0,draw
2024-25,2024-12-29,Crystal Palace,Southampton FC,1501.698661879797,1331.8808962112132,234.8177656685839,0.4,0.0,0.4,0.4,0.2,0.2,1.6,0.2,1.4000000000000001,1.4,0.2,1.2,1.6,2.4,0.7999999999999998,-0.2,-2.2,2.0,2,1,home_win
2024-25,2024-12-29,Everton,Nottingham Forest,1481.9231008623506,1540.9104431875564,6.012657674794127,0.2,0.8,-0.6000000000000001,0.6,0.0,0.6,1.2,2.4,-1.2,1.0,1.6,-0.6000000000000001,1.0,1.2,0.19999999999999996,0.0,0.4,-0.4,0,2,away_win
2024-25,2024-12-29,Fulham,Bournemouth,1541.95979109504,1550.9004224196347,56.05936867540527,0.4,0.6,-0.19999999999999996,0.6,0.4,0.19999999999999996,1.8,2.2,-0.40000000000000013,1.6,1.4,0.20000000000000018,1.0,0.4,-0.6,0.6,1.0,-0.4,2,2,draw
2024-25,2024-12-29,Leicester City FC,Manchester City,1402.8584472299997,1655.3087347979385,-187.45028756793886,0.2,0.2,0.0,0.2,0.4,-0.2,0.8,1.0,-0.19999999999999996,1.2,1.6,-0.40000000000000013,2.6,1.4,-1.2000000000000002,-1.4,0.2,-1.5999999999999999,0,2,away_win
2024-25,2024-12-29,Tottenham Hotspur,Wolverhampton Wanderers FC,1558.0216018102385,1438.8770327434809,184.14456906675764,0.2,0.4,-0.2,0.0,0.0,0.0,0.6,1.2,-0.6,2.2,1.4,0.8000000000000003,2.4,1.6,-0.7999999999999998,-0.2,-0.2,0.0,2,2,draw
2024-25,2024-12-29,West Ham United FC,Liverpool,1486.754831788694,1728.0449750857558,-176.29014329706183,0.4,0.6,-0.19999999999999996,0.4,0.4,0.0,1.6,2.2,-0.6000000000000001,1.2,3.2,-2.0,1.2,1.8,0.6000000000000001,0.0,1.4,-1.4,0,5,away_win
2024-25,2024-12-30,Aston Villa,Brighton & Hove Albion,1550.6361008947804,1509.2533856319021,106.38271526287826,0.6,0.0,0.6,0.0,0.6,-0.6,1.8,0.6,1.2000000000000002,1.4,1.0,0.3999999999999999,1.4,1.8,0.40000000000000013,0.0,-0.8,0.8,2,2,draw
2024-25,2024-12-30,Ipswich Town,Chelsea,1423.501394577077,1628.1215064010191,-139.62011182394212,0.2,0.6,-0.39999999999999997,0.0,0.2,-0.2,0.6,2.0,-1.4,0.6,2.4,-1.7999999999999998,1.8,1.4,-0.40000000000000013,-1.2,1.0,-2.2,2,0,home_win
2024-25,2024-12-30,Manchester United,Newcastle United,1506.7543413755905,1584.521073064619,-12.766731689028575,0.2,0.6,-0.39999999999999997,0.0,0.2,-0.2,0.6,2.0,-1.4,0.8,3.2,-2.4000000000000004,2.2,1.4,-0.8000000000000003,-1.4,1.8,-3.2,0,2,away_win
2024-25,2025-01-01,Brentford,Arsenal,1489.4298613529143,1709.188523627292,-154.75866227437768,0.2,0.6,-0.39999999999999997,0.2,0.4,-0.2,0.8,2.2,-1.4000000000000001,1.2,1.8,-0.6000000000000001,1.8,0.4,-1.4,-0.6,1.4,-2.0,1,3,away_win
2024-25,2025-01-04,Aston Villa,Leicester City FC,1547.666393385141,1395.2478754840029,217.4185179011381,0.4,0.0,0.4,0.2,0.2,0.0,1.4,0.2,1.2,1.2,0.6,0.6,1.6,2.8,1.1999999999999997,-0.4,-2.2,1.8000000000000003,2,1,home_win
2024-25,2025-01-04,Bournemouth,Everton,1552.5000827142444,1466.6635394752568,150.8365432389876,0.4,0.2,0.2,0.6,0.6,0.0,1.8,1.2,0.6000000000000001,1.6,1.0,0.6000000000000001,0.8,0.6,-0.20000000000000007,0.8,0.4,0.4,1,0,home_win
2024-25,2025-01-04,Brighton & Hove Albion,Arsenal,1512.2230931415415,1717.9164798946579,-140.69338675311633,0.0,0.6,-0.6,0.8,0.4,0.4,0.8,2.2,-1.4000000000000001,1.2,2.0,-0.8,1.6,0.6,-1.0,-0.4,1.4,-1.7999999999999998,1,1,draw
2024-25,2025-01-04,Crystal Palace,Chelsea,1505.8104491063593,1607.3984295373032,-36.587980430943844,0.4,0.4,0.0,0.4,0.2,0.2,1.6,1.4,0.20000000000000018,1.6,1.4,0.20000000000000018,1.8,1.6,-0.19999999999999996,-0.2,-0.2,0.0,1,1,draw
2024-25,2025-01-04,Manchester City,West Ham United FC,1662.9193065439354,1476.113230087514,251.80607645642135,0.2,0.4,-0.2,0.4,0.4,0.0,1.0,1.6,-0.6000000000000001,1.4,1.0,0.3999999999999999,1.4,1.6,0.20000000000000018,0.0,-0.6,0.6,4,1,home_win
2024-25,2025-01-04,Southampton FC,Brentford,1327.769108984651,1480.7019050855483,-87.93279610089735,0.0,0.2,-0.2,0.2,0.2,0.0,0.2,0.8,-0.6000000000000001,0.2,1.2,-1.0,1.8,1.8,0.0,-1.6,-0.6,-1.0,0,5,away_win
2024-25,2025-01-04,Tottenham Hotspur,Newcastle United,1553.1677093073251,1598.9701368937172,19.197572413607986,0.2,0.8,-0.6000000000000001,0.2,0.0,0.2,0.8,2.4,-1.5999999999999999,2.6,3.0,-0.3999999999999999,2.6,0.8,-1.8,0.0,2.2,-2.2,1,2,away_win
2024-25,2025-01-05,Fulham,Ipswich Town,1540.3601308004302,1444.224471440793,161.1356593596372,0.2,0.4,-0.2,0.8,0.0,0.8,1.4,1.2,0.19999999999999996,1.4,1.0,0.3999999999999999,1.2,1.6,0.40000000000000013,0.2,-0.6,0.8,2,2,draw
2024-25,2025-01-05,Liverpool,Manchester United,1738.6865767869358,1492.3052775464923,311.38129924044347,0.6,0.2,0.39999999999999997,0.4,0.0,0.4,2.2,0.6,1.6,3.8,0.8,3.0,1.8,2.2,0.40000000000000013,2.0,-1.4,3.4,2,2,draw
2024-25,2025-01-06,Wolverhampton Wanderers FC,Nottingham Forest,1443.7309252463942,1556.1700045746502,-47.43907932825596,0.4,1.0,-0.6,0.2,0.0,0.2,1.4,3.0,-1.6,1.8,2.0,-0.19999999999999996,1.2,0.6,-0.6,0.6,1.4,-0.7999999999999999,0,3,away_win
2024-25,2025-01-14,Brentford,Manchester City,1495.745465543257,1669.5719887915634,-108.82652324830633,0.2,0.4,-0.2,0.2,0.2,0.0,0.8,1.4,-0.5999999999999999,1.4,1.8,-0.40000000000000013,1.4,1.2,-0.19999999999999996,0.0,0.6,-0.6,2,2,draw
2024-25,2025-01-14,Chelsea,Bournemouth,1606.3492184980705,1558.4123086265486,112.93690987152195,0.2,0.4,-0.2,0.4,0.6,-0.19999999999999996,1.0,1.8,-0.8,0.8,1.4,-0.5999999999999999,1.2,0.6,-0.6,-0.4,0.8,-1.2000000000000002,2,2,draw
2024-25,2025-01-14,Nottingham Forest,Liverpool,1571.2952825479508,1731.5420171067026,-95.24673455875177,1.0,0.6,0.4,0.0,0.4,-0.4,3.0,2.2,0.7999999999999998,2.0,3.6,-1.6,0.2,1.6,1.4000000000000001,1.8,2.0,-0.19999999999999996,1,1,draw
2024-25,2025-01-14,West Ham United FC,Fulham,1469.460547839886,1536.028484416247,-1.567936576361035,0.2,0.2,0.0,0.4,0.8,-0.4,1.0,1.4,-0.3999999999999999,0.8,1.6,-0.8,2.2,1.4,-0.8000000000000003,-1.4,0.2,-1.5999999999999999,3,2,home_win
2024-25,2025-01-15,Arsenal,Tottenham Hotspur,1714.0747320404134,1542.6157204052408,236.4590116351726,0.6,0.2,0.39999999999999997,0.4,0.2,0.2,2.2,0.8,1.4000000000000001,2.0,2.2,-0.20000000000000018,0.6,2.2,1.6,1.4,0.0,1.4,2,1,home_win
2024-25,2025-01-15,Everton,Aston Villa,1460.7513135629526,1552.1149921092162,-26.3636785462636,0.0,0.4,-0.4,0.6,0.2,0.39999999999999997,0.6,1.4,-0.7999999999999999,0.2,1.4,-1.2,0.8,1.8,1.0,-0.6,-0.4,-0.19999999999999996,0,1,away_win
2024-25,2025-01-15,Leicester City FC,Crystal Palace,1390.7992767599276,1506.859660145592,-51.06038338566441,0.0,0.4,-0.4,0.0,0.4,-0.4,0.0,1.6,-1.6,0.4,1.4,-0.9999999999999999,2.8,1.6,-1.1999999999999997,-2.4,-0.2,-2.1999999999999997,0,2,away_win
2024-25,2025-01-15,Newcastle United,Wolverhampton Wanderers FC,1609.5221257958015,1428.6056472730936,245.91647852270785,1.0,0.4,0.6,0.0,0.2,-0.2,3.0,1.4,1.6,3.0,1.6,1.4,0.2,1.4,1.2,2.8,0.2,2.5999999999999996,3,0,home_win
2024-25,2025-01-16,Ipswich Town,Brighton & Hove Albion,1448.5561178249761,1516.064840995786,-2.5087231708098443,0.4,0.0,0.4,0.2,0.8,-0.6000000000000001,1.4,0.8,0.5999999999999999,1.2,1.0,0.19999999999999996,1.6,1.4,-0.20000000000000018,-0.4,-0.4,0.0,0,2,away_win
2024-25,2025-01-16,Manchester United,Southampton FC,1499.4498372267255,1312.7255485269422,251.7242886997833,0.2,0.0,0.2,0.2,0.2,0.0,0.8,0.2,0.6000000000000001,0.8,0.2,0.6000000000000001,2.0,2.6,0.6000000000000001,-1.2,-2.4,1.2,3,1,home_win
2024-25,2025-01-18,Arsenal,Aston Villa,1718.155744447888,1561.3576374747438,221.7981069731443,0.8,0.6,0.20000000000000007,0.2,0.2,0.0,2.6,2.0,0.6000000000000001,2.4,1.4,1.0,0.8,1.4,0.5999999999999999,1.6,0.0,1.6,2,2,draw
2024-25,2025-01-18,Brentford,Liverpool,1498.779173496151,1728.8672683300606,-165.0880948339095,0.2,0.6,-0.39999999999999997,0.4,0.4,0.0,1.0,2.2,-1.2000000000000002,1.6,3.4,-1.7999999999999998,1.4,1.4,0.0,0.2,2.0,-1.8,0,2,away_win
2024-25,2025-01-18,Leicester City FC,Fulham,1377.9879958217828,1525.9833558802675,-82.99536005848472,0.0,0.2,-0.2,0.0,0.6,-0.6,0.0,1.2,-1.2,0.4,1.6,-1.2000000000000002,2.4,1.6,-0.7999999999999998,-2.0,0.0,-2.0,0,2,away_win
2024-25,2025-01-18,Newcastle United,Bournemouth,1616.35940624631,1561.5530456923377,119.80636055397235,1.0,0.4,0.6,0.0,0.6,-0.6,3.0,1.8,1.2,2.8,1.6,1.1999999999999997,0.2,0.8,0.6000000000000001,2.6,0.8,1.8,1,4,away_win
2024-25,2025-01-18,West Ham United FC,Crystal Palace,1479.5056763758655,1519.6709410837368,24.8347352921287,0.4,0.4,0.0,0.2,0.4,-0.2,1.4,1.6,-0.20000000000000018,1.2,1.2,0.0,2.4,1.4,-1.0,-1.2,-0.2,-1.0,0,2,away_win
2024-25,2025-01-19,Everton,Tottenham Hotspur,1451.508668197425,1538.5347079977662,-22.026039800341096,0.0,0.0,0.0,0.4,0.2,0.2,0.4,0.2,0.2,0.2,1.4,-1.2,1.0,2.6,1.6,-0.8,-1.2,0.3999999999999999,3,2,home_win
2024-25,2025-01-19,Ipswich Town,Manchester City,1433.6644262284356,1666.5382808386694,-167.87385461023382,0.2,0.4,-0.2,0.2,0.4,-0.2,0.8,1.6,-0.8,0.8,2.0,-1.2,1.8,1.2,-0.6000000000000001,-1.0,0.8,-1.8,0,6,away_win
2024-25,2025-01-19,Manchester United,Brighton & Hove Albion,1505.1543110057553,1530.9565325923265,39.19777841342875,0.2,0.2,0.0,0.2,0.8,-0.6000000000000001,0.8,1.4,-0.5999999999999999,1.0,1.2,-0.19999999999999996,2.0,0.8,-1.2,-1.0,0.4,-1.4,1,3,away_win
2024-25,2025-01-19,Nottingham Forest,Southampton FC,1573.9700313245928,1307.0210747479125,331.9489565766803,0.8,0.0,0.8,0.2,0.2,0.0,2.6,0.2,2.4,1.8,0.4,1.4,0.2,2.2,2.0,1.6,-1.8,3.4000000000000004,3,2,home_win
2024-25,2025-01-20,Chelsea,Wolverhampton Wanderers FC,1603.2084814322814,1421.768366822585,246.44011460969637,0.0,0.4,-0.4,0.6,0.2,0.39999999999999997,0.6,1.4,-0.7999999999999999,0.8,1.4,-0.5999999999999999,1.4,1.6,0.20000000000000018,-0.6,-0.2,-0.39999999999999997,3,1,home_win
2024-25,2025-01-25,Bournemouth,Nottingham Forest,1584.8592473810431,1576.5477350717683,73.3115123092748,0.4,0.8,-0.4,0.6,0.2,0.39999999999999997,1.8,2.6,-0.8,1.8,2.0,-0.19999999999999996,1.0,0.6,-0.4,0.8,1.4,-0.5999999999999999,5,0,home_win
2024-25,2025-01-25,Brighton & Hove Albion,Everton,1547.6416929751465,1462.1417806390552,150.49991233609126,0.4,0.2,0.2,0.6,0.2,0.39999999999999997,1.8,0.8,1.0,1.6,0.8,0.8,0.8,1.4,0.5999999999999999,0.8,-0.6,1.4,0,1,away_win
2024-25,2025-01-25,Liverpool,Ipswich Town,1737.231861583282,1421.9511411418237,380.28072044145824,0.6,0.2,0.39999999999999997,0.4,0.2,0.2,2.2,0.8,1.4000000000000001,2.6,0.8,1.8,0.8,2.2,1.4000000000000001,1.8,-1.4,3.2,4,1,home_win
2024-25,2025-01-25,Manchester City,Chelsea,1678.2515659252813,1609.0548061883746,134.19675973690664,0.6,0.2,0.39999999999999997,0.4,0.4,0.0,2.2,1.0,1.2000000000000002,3.0,1.4,1.6,0.8,1.6,0.8,2.2,-0.2,2.4000000000000004,3,1,home_win
2024-25,2025-01-25,Southampton FC,Newcastle United,1304.443371000737,1593.0532045576047,-223.60983355686767,0.0,0.8,-0.8,0.0,0.0,0.0,0.0,2.4,-2.4,0.8,2.2,-1.4000000000000001,2.8,1.0,-1.7999999999999998,-2.0,1.2,-3.2,1,3,away_win
2024-25,2025-01-25,Wolverhampton Wanderers FC,Arsenal,1415.9220420664917,1712.5177466477435,-231.59570458125177,0.2,0.6,-0.39999999999999997,0.2,0.4,-0.2,0.8,2.2,-1.4000000000000001,1.0,1.8,-0.8,2.2,1.0,-1.2000000000000002,-1.2,0.8,-2.0,0,1,away_win
2024-25,2025-01-26,Aston Villa,West Ham United FC,1566.9956352748884,1463.4352970449638,168.56033822992458,0.4,0.4,0.0,0.4,0.0,0.4,1.6,1.2,0.40000000000000013,1.4,1.0,0.3999999999999999,1.6,2.6,1.0,-0.2,-1.6,1.4000000000000001,1,1,draw
2024-25,2025-01-26,Crystal Palace,Brentford,1535.7413204146385,1490.4145802429298,110.3267401717087,0.6,0.2,0.39999999999999997,0.4,0.4,0.0,2.2,1.0,1.2000000000000002,1.4,1.6,-0.20000000000000018,0.4,1.4,0.9999999999999999,1.0,0.2,0.8,1,2,away_win
2024-25,2025-01-26,Fulham,Manchester United,1537.4667942650035,1488.4691506229353,113.99764364206817,0.4,0.2,0.2,0.4,0.2,0.2,1.6,0.8,0.8,2.0,1.2,0.8,1.6,2.0,0.3999999999999999,0.4,-0.8,1.2000000000000002,0,1,away_win
2024-25,2025-01-26,Tottenham Hotspur,Leicester City FC,1527.901595556136,1366.5045574370467,226.3970381190893,0.0,0.0,0.0,0.2,0.0,0.2,0.2,0.0,0.2,1.2,0.4,0.7999999999999999,2.0,2.2,0.20000000000000018,-0.8,-1.8,1.0,1,2,away_win
2024-25,2025-02-01,Bournemouth,Liverpool,1600.7006346520336,1740.7576267276456,-75.05699207561202,0.6,0.6,0.0,0.4,0.4,0.0,2.2,2.2,0.0,2.8,2.8,0.0,1.0,0.8,-0.19999999999999996,1.8,2.0,-0.19999999999999996,0,2,away_win
2024-25,2025-02-01,Everton,Leicester City FC,1476.221481540167,1382.2321732686758,158.98930827149115,0.4,0.2,0.2,0.0,0.0,0.0,1.2,0.6,0.6,0.8,0.6,0.20000000000000007,1.2,1.8,0.6000000000000001,-0.4,-1.2,0.7999999999999999,4,0,home_win
2024-25,2025-02-01,Ipswich Town,Southampton FC,1418.42537599746,1297.953566004127,185.47180999333295,0.2,0.0,0.2,0.2,0.0,0.2,0.8,0.0,0.8,1.0,1.0,0.0,2.8,3.2,0.40000000000000036,-1.8,-2.2,0.40000000000000013,1,2,away_win
2024-25,2025-02-01,Newcastle United,Fulham,1599.5430095542147,1524.2985648602705,140.24444469394416,0.8,0.2,0.6000000000000001,0.0,0.4,-0.4,2.4,1.0,1.4,2.2,1.6,0.6000000000000001,1.2,1.6,0.40000000000000013,1.0,0.0,1.0,1,2,away_win
2024-25,2025-02-01,Nottingham Forest,Brighton & Hove Albion,1560.7063478007778,1533.5619920740348,92.14435572674302,0.6,0.4,0.19999999999999996,0.2,0.4,-0.2,2.0,1.6,0.3999999999999999,1.8,1.6,0.19999999999999996,1.6,1.0,-0.6000000000000001,0.2,0.6,-0.39999999999999997,7,0,home_win
2024-25,2025-02-01,Wolverhampton Wanderers FC,Aston Villa,1411.7493389413653,1562.4920044114897,-85.7426654701244,0.0,0.4,-0.4,0.2,0.6,-0.39999999999999997,0.2,1.8,-1.6,0.6,1.6,-1.0,2.4,1.2,-1.2,-1.8,0.4,-2.2,2,0,home_win
2024-25,2025-02-02,Arsenal,Manchester City,1716.69044977287,1687.729731332973,93.96071843989694,0.6,0.8,-0.20000000000000007,0.4,0.2,0.2,2.2,2.6,-0.3999999999999999,1.8,3.4,-1.5999999999999999,1.0,0.8,-0.19999999999999996,0.8,2.6,-1.8,5,1,home_win
2024-25,2025-02-02,Brentford,Tottenham Hotspur,1503.487442381778,1512.173979724507,56.313462657270975,0.4,0.0,0.4,0.2,0.2,0.0,1.4,0.2,1.2,2.0,1.4,0.6000000000000001,1.6,2.2,0.6000000000000001,0.4,-0.8,1.2000000000000002,0,2,away_win
2024-25,2025-02-02,Manchester United,Crystal Palace,1501.6373800276683,1522.6684582757903,43.96892175187804,0.4,0.6,-0.19999999999999996,0.2,0.2,0.0,1.4,2.0,-0.6000000000000001,1.4,1.6,-0.20000000000000018,1.6,0.8,-0.8,-0.2,0.8,-1.0,0,2,away_win
2024-25,2025-02-03,Chelsea,West Ham United FC,1599.576640780683,1467.9389279083625,196.63771287232044,0.2,0.2,0.0,0.4,0.2,0.2,1.0,0.8,0.19999999999999996,1.4,1.0,0.3999999999999999,1.8,2.8,0.9999999999999998,-0.4,-1.8,1.4,2,1,home_win
2024-25,2025-02-12,Everton,Liverpool,1486.9439939233057,1752.5666427384663,-200.62264881516057,0.6,0.6,0.0,0.0,0.4,-0.4,1.8,2.2,-0.40000000000000013,1.6,2.2,-0.6000000000000001,0.8,0.8,0.0,0.8,1.4,-0.5999999999999999,2,2,draw
2024-25,2025-02-14,Brighton & Hove Albion,Chelsea,1516.893198238945,1604.4527145568757,-22.55951631793073,0.4,0.4,0.0,0.2,0.4,-0.2,1.4,1.6,-0.20000000000000018,1.2,1.8,-0.6000000000000001,2.0,1.6,-0.3999999999999999,-0.8,0.2,-1.0,3,0,home_win
2024-25,2025-02-15,Aston Villa,Ipswich Town,1543.8635607772426,1403.5423368913337,205.32122388590892,0.4,0.0,0.4,0.4,0.2,0.2,1.6,0.2,1.4000000000000001,1.2,0.8,0.3999999999999999,1.2,3.2,2.0,0.0,-2.4,2.4,1,1,draw
2024-25,2025-02-15,Crystal Palace,Everton,1539.5566796395835,1492.1520050618644,112.4046745777191,0.6,0.6,0.0,0.2,0.2,0.0,2.0,2.0,0.0,1.6,2.0,-0.3999999999999999,0.6,1.0,0.4,1.0,1.0,0.0,1,2,away_win
2024-25,2025-02-15,Fulham,Nottingham Forest,1538.1292927600884,1577.3751416358677,25.754151124220698,0.4,0.6,-0.19999999999999996,0.2,0.2,0.0,1.4,2.0,-0.6000000000000001,1.6,2.8,-1.1999999999999997,1.4,1.6,0.20000000000000018,0.2,1.2,-1.0,2,1,home_win
2024-25,2025-02-15,Leicester City FC,Arsenal,1371.509660885537,1730.489796374164,-293.98013548862696,0.2,0.6,-0.39999999999999997,0.0,0.4,-0.4,0.6,2.2,-1.6,0.6,2.2,-1.6,2.2,1.0,-1.2000000000000002,-1.6,1.2,-2.8,0,2,away_win
2024-25,2025-02-15,Manchester City,Newcastle United,1673.930384731679,1585.7122816543967,153.2181030772822,0.6,0.6,0.0,0.2,0.0,0.2,2.0,1.8,0.19999999999999996,3.2,2.0,1.2000000000000002,1.8,1.6,-0.19999999999999996,1.4,0.4,0.9999999999999999,4,0,home_win
2024-25,2025-02-15,Southampton FC,Bournemouth,1312.8366051102532,1588.891618641213,-211.05501353095974,0.2,0.6,-0.39999999999999997,0.0,0.2,-0.2,0.6,2.0,-1.4,1.2,2.4,-1.2,3.0,1.0,-2.0,-1.8,1.4,-3.2,1,3,away_win
2024-25,2025-02-15,West Ham United FC,Brentford,1463.0628541321698,1486.077263788953,41.98559034321693,0.2,0.4,-0.2,0.2,0.2,0.0,0.8,1.4,-0.5999999999999999,1.2,1.8,-0.6000000000000001,2.2,1.4,-0.8000000000000003,-1.0,0.4,-1.4,0,1,away_win
2024-25,2025-02-16,Liverpool,Wolverhampton Wanderers FC,1747.3586315999075,1430.3777825756124,381.98084902429514,0.6,0.2,0.39999999999999997,0.4,0.0,0.4,2.2,0.6,1.6,2.2,0.6,1.6,0.8,2.0,1.2,1.4,-1.4,2.8,2,1,home_win
2024-25,2025-02-16,Tottenham Hotspur,Manchester United,1529.5841583173321,1484.749158663875,109.83499965345709,0.2,0.4,-0.2,0.0,0.2,-0.2,0.6,1.4,-0.7999999999999999,1.4,1.4,0.0,1.8,1.6,-0.19999999999999996,-0.4,-0.2,-0.2,1,0,home_win
2024-25,2025-02-19,Aston Villa,Liverpool,1538.5576895180675,1749.3556924212721,-145.79800290320463,0.2,0.8,-0.6000000000000001,0.6,0.2,0.39999999999999997,1.2,2.6,-1.4000000000000001,1.0,2.4,-1.4,1.2,0.8,-0.3999999999999999,-0.2,1.6,-1.8,2,2,draw
2024-25,2025-02-21,Leicester City FC,Brentford,1366.8453963184063,1497.2798579505213,-65.43446163211502,0.2,0.4,-0.2,0.0,0.2,-0.2,0.6,1.4,-0.7999999999999999,0.4,1.0,-0.6,2.2,1.4,-0.8000000000000003,-1.8,-0.4,-1.4,0,4,away_win
2024-25,2025-02-22,Arsenal,West Ham United FC,1735.1540609412946,1451.8602599706014,348.29380097069316,0.8,0.2,0.6000000000000001,0.2,0.2,0.0,2.6,0.8,1.8,2.4,1.0,1.4,0.8,1.6,0.8,1.6,-0.6,2.2,0,1,away_win
2024-25,2025-02-22,Aston Villa,Chelsea,1542.5239638434944,1585.818007407901,21.705956435593407,0.0,0.4,-0.4,0.8,0.2,0.6000000000000001,0.8,1.4,-0.5999999999999999,1.2,1.6,-0.40000000000000013,1.6,2.0,0.3999999999999999,-0.4,-0.4,0.0,2,1,home_win
2024-25,2025-02-22,Bournemouth,Wolverhampton Wanderers FC,1595.7565141542177,1428.3807217542478,232.3757923999699,0.6,0.2,0.39999999999999997,0.2,0.0,0.2,2.0,0.6,1.4,2.8,0.8,1.9999999999999998,1.2,1.8,0.6000000000000001,1.6,-1.0,2.6,0,1,away_win
2024-25,2025-02-22,Everton,Manchester United,1505.2789276263989,1477.8091982397443,92.46972938665454,0.8,0.4,0.4,0.2,0.0,0.2,2.6,1.2,1.4000000000000001,2.4,1.0,1.4,1.0,1.4,0.3999999999999999,1.4,-0.4,1.7999999999999998,2,2,draw
2024-25,2025-02-22,Fulham,Crystal Palace,1547.3893834073785,1526.429757075049,85.95962633232944,0.6,0.6,0.0,0.0,0.0,0.0,1.8,1.8,0.0,1.6,1.6,0.0,1.2,0.8,-0.3999999999999999,0.4,0.8,-0.4,0,2,away_win
2024-25,2025-02-22,Ipswich Town,Tottenham Hotspur,1408.8482081505088,1536.5241187414629,-62.67591059095412,0.0,0.4,-0.4,0.2,0.0,0.2,0.2,1.2,-1.0,0.6,1.4,-0.7999999999999999,3.0,1.4,-1.6,-2.4,0.0,-2.4,1,4,away_win
2024-25,2025-02-22,Southampton FC,Brighton & Hove Albion,1305.9717095972485,1535.5279053879196,-164.55619579067115,0.2,0.6,-0.39999999999999997,0.0,0.0,0.0,0.6,1.8,-1.2000000000000002,1.4,1.6,-0.20000000000000018,2.6,1.8,-0.8,-1.2,-0.2,-1.0,0,4,away_win
2024-25,2025-02-23,Manchester City,Liverpool,1684.9090602845795,1745.3894180958453,4.519642188734224,0.6,0.6,0.0,0.2,0.4,-0.2,2.0,2.2,-0.20000000000000018,3.2,2.4,0.8000000000000003,1.6,1.2,-0.40000000000000013,1.6,1.2,0.40000000000000013,0,2,away_win
2024-25,2025-02-23,Newcastle United,Nottingham Forest,1574.7336061014962,1568.1150509885777,71.61855511291856,0.4,0.4,0.0,0.0,0.2,-0.2,1.2,1.4,-0.19999999999999996,1.6,2.4,-0.7999999999999998,2.2,2.0,-0.20000000000000018,-0.6,0.4,-1.0,4,3,home_win
2024-25,2025-02-25,Brighton & Hove Albion,Bournemouth,1546.0067504360043,1579.9144083094286,31.09234212657566,0.6,0.6,0.0,0.0,0.0,0.0,1.8,1.8,0.0,2.0,2.4,-0.3999999999999999,1.8,1.0,-0.8,0.2,1.4,-1.2,2,1,home_win
2024-25,2025-02-25,Chelsea,Southampton FC,1576.441943504647,1295.4928645491639,345.9490789554832,0.4,0.2,0.2,0.0,0.0,0.0,1.2,0.6,0.6,1.4,1.2,0.19999999999999996,2.0,2.8,0.7999999999999998,-0.6,-1.6,1.0,4,0,home_win
2024-25,2025-02-25,Crystal Palace,Aston Villa,1545.067018233636,1551.9000277467483,58.1669904868877,0.6,0.2,0.39999999999999997,0.0,0.6,-0.6,1.8,1.2,0.6000000000000001,1.6,1.2,0.40000000000000013,0.8,1.4,0.5999999999999999,0.8,-0.2,1.0,4,1,home_win
2024-25,2025-02-25,Wolverhampton Wanderers FC,Fulham,1444.222827599037,1528.7521222487917,-19.529294649754775,0.4,0.6,-0.19999999999999996,0.0,0.0,0.0,1.2,1.8,-0.6000000000000001,1.0,1.2,-0.19999999999999996,1.2,1.0,-0.19999999999999996,-0.2,0.2,-0.4,1,2,away_win
2024-25,2025-02-26,Brentford,Everton,1512.5397349016653,1502.6785465709227,74.8611883307426,0.6,0.6,0.0,0.0,0.4,-0.4,1.8,2.2,-0.40000000000000013,1.4,2.2,-0.8000000000000003,1.0,1.0,0.0,0.4,1.2,-0.7999999999999999,1,1,draw
2024-25,2025-02-26,Liverpool,Newcastle United,1760.5845357285132,1582.7009671466967,242.88356858181646,0.6,0.4,0.19999999999999996,0.4,0.0,0.4,2.2,1.2,1.0000000000000002,2.0,1.8,0.19999999999999996,1.0,2.8,1.7999999999999998,1.0,-1.0,2.0,2,0,home_win
2024-25,2025-02-26,Manchester United,Ipswich Town,1480.4095792952205,1394.47132923256,150.93825006266047,0.2,0.0,0.2,0.2,0.2,0.0,0.8,0.2,0.6000000000000001,0.8,0.8,0.0,1.6,3.4,1.7999999999999998,-0.8,-2.6,1.8,3,2,home_win
2024-25,2025-02-26,Nottingham Forest,Arsenal,1560.1476899433771,1717.5277649168816,-92.3800749735044,0.4,0.6,-0.19999999999999996,0.0,0.2,-0.2,1.2,2.0,-0.8,2.8,2.0,0.7999999999999998,2.6,0.8,-1.8,0.2,1.2,-1.0,0,0,draw
2024-25,2025-02-26,Tottenham Hotspur,Manchester City,1550.9009976594116,1669.7139426519116,-53.81294499249998,0.6,0.6,0.0,0.0,0.0,0.0,1.8,1.8,0.0,2.0,2.8,-0.7999999999999998,1.2,1.6,0.40000000000000013,0.8,1.2,-0.3999999999999999,0,1,away_win
2024-25,2025-02-27,West Ham United FC,Leicester City FC,1469.4865559950144,1351.5855193672623,182.9010366277521,0.2,0.2,0.0,0.2,0.0,0.2,0.8,0.6,0.20000000000000007,0.6,0.4,0.19999999999999996,1.2,2.6,1.4000000000000001,-0.6,-2.2,1.6,2,0,home_win
2024-25,2025-03-08,Brentford,Aston Villa,1510.4177935285907,1537.302774105813,38.11501942277778,0.6,0.2,0.39999999999999997,0.2,0.4,-0.2,2.0,1.0,1.0,1.6,1.2,0.40000000000000013,0.8,2.0,1.2,0.8,-0.8,1.6,0,1,away_win
2024-25,2025-03-08,Brighton & Hove Albion,Fulham,1555.1142222641756,1538.190615208935,81.92360705524061,0.6,0.6,0.0,0.0,0.0,0.0,1.8,1.8,0.0,1.8,1.2,0.6000000000000001,1.8,1.2,-0.6000000000000001,0.0,0.0,0.0,2,1,home_win
2024-25,2025-03-08,Crystal Palace,Ipswich Town,1559.6642718745713,1388.5615412277014,236.10273064687,0.6,0.0,0.6,0.0,0.2,-0.2,1.8,0.2,1.6,2.0,1.2,0.8,1.0,2.8,1.7999999999999998,1.0,-1.6,2.6,1,0,home_win
2024-25,2025-03-08,Liverpool,Southampton FC,1766.5278300022806,1290.9889538324462,540.5388761698343,0.6,0.2,0.39999999999999997,0.4,0.0,0.4,2.2,0.6,1.6,2.0,0.8,1.2,1.0,3.0,2.0,1.0,-2.2,3.2,3,1,home_win
2024-25,2025-03-08,Nottingham Forest,Manchester City,1562.745664866339,1678.177349456251,-50.43168458991204,0.2,0.6,-0.39999999999999997,0.2,0.0,0.2,0.8,1.8,-1.0,2.2,1.8,0.40000000000000013,2.2,1.6,-0.6000000000000001,0.0,0.2,-0.2,1,0,home_win
2024-25,2025-03-08,Wolverhampton Wanderers FC,Everton,1434.7843346388936,1504.8004879439973,-5.016153305103671,0.4,0.4,0.0,0.0,0.6,-0.6,1.2,1.8,-0.6000000000000001,1.0,2.2,-1.2000000000000002,1.0,1.2,0.19999999999999996,0.0,1.0,-1.0,1,1,draw
2024-25,2025-03-09,Chelsea,Leicester City FC,1580.9458542213647,1343.825248213603,302.1206060077618,0.4,0.2,0.2,0.0,0.0,0.0,1.2,0.6,0.6,1.6,0.4,1.2000000000000002,1.8,2.6,0.8,-0.2,-2.2,2.0,1,0,home_win
2024-25,2025-03-09,Manchester United,Arsenal,1486.3193673000792,1714.9297899939197,-163.61042269384052,0.4,0.6,-0.19999999999999996,0.2,0.2,0.0,1.4,2.0,-0.6000000000000001,1.2,1.6,-0.40000000000000013,1.4,0.4,-0.9999999999999999,-0.2,1.2,-1.4,1,1,draw
2024-25,2025-03-09,Tottenham Hotspur,Bournemouth,1542.4375908550721,1570.8069364812573,36.63065437381488,0.6,0.4,0.19999999999999996,0.0,0.0,0.0,1.8,1.2,0.6000000000000001,1.6,1.8,-0.19999999999999996,0.8,1.2,0.3999999999999999,0.8,0.6,0.20000000000000007,2,2,draw
2024-25,2025-03-10,West Ham United FC,Newcastle United,1477.246827148674,1576.7576728729293,-34.51084572425543,0.4,0.4,0.0,0.2,0.0,0.2,1.4,1.2,0.19999999999999996,1.0,1.6,-0.6000000000000001,0.8,2.4,1.5999999999999999,0.2,-0.8,1.0,0,1,away_win
2024-25,2025-03-15,Bournemouth,Brentford,1571.8573622384718,1499.3251349293,137.53222730917173,0.2,0.4,-0.2,0.2,0.2,0.0,0.8,1.4,-0.5999999999999999,1.2,1.2,0.0,1.6,0.8,-0.8,-0.4,0.4,-0.8,1,2,away_win
2024-25,2025-03-15,Everton,West Ham United FC,1504.6561214769094,1468.2368751756933,101.41924630121616,0.2,0.4,-0.2,0.8,0.0,0.8,1.4,1.2,0.19999999999999996,1.6,0.8,0.8,1.4,0.8,-0.5999999999999999,0.2,0.0,0.2,1,1,draw
2024-25,2025-03-15,Ipswich Town,Nottingham Forest,1384.4738628212904,1574.187096114172,-124.71323329288157,0.0,0.4,-0.4,0.2,0.2,0.0,0.2,1.4,-1.2,1.0,2.4,-1.4,2.2,1.2,-1.0000000000000002,-1.2,1.2,-2.4,2,4,away_win
2024-25,2025-03-15,Manchester City,Brighton & Hove Albion,1666.735918208418,1562.7990209815466,168.93689722687145,0.4,0.8,-0.4,0.0,0.0,0.0,1.2,2.4,-1.2,1.2,2.2,-1.0000000000000002,1.6,1.8,0.19999999999999996,-0.4,0.4,-0.8,2,2,draw
2024-25,2025-03-15,Southampton FC,Wolverhampton Wanderers FC,1289.7100050832237,1434.9287011059814,-80.21869602275774,0.2,0.4,-0.2,0.0,0.2,-0.2,0.6,1.4,-0.7999999999999999,0.8,1.2,-0.3999999999999999,3.0,1.0,-2.0,-2.2,0.2,-2.4000000000000004,1,2,away_win
2024-25,2025-03-16,Arsenal,Chelsea,1710.5404580435024,1583.9342830157723,191.60617502773016,0.4,0.6,-0.19999999999999996,0.4,0.0,0.4,1.6,1.8,-0.19999999999999996,1.6,1.6,0.0,0.6,1.2,0.6,1.0,0.4,0.6,1,0,home_win
2024-25,2025-03-16,Fulham,Tottenham Hotspur,1530.505816491564,1541.3871650978576,54.118651393706386,0.6,0.6,0.0,0.0,0.2,-0.2,1.8,2.0,-0.19999999999999996,1.4,1.8,-0.40000000000000013,1.4,0.8,-0.5999999999999999,0.0,1.0,-1.0,2,0,home_win
2024-25,2025-03-16,Leicester City FC,Manchester United,1340.8368194191953,1490.7086992504965,-84.87187983130116,0.0,0.2,-0.2,0.0,0.4,-0.4,0.0,1.0,-1.0,0.0,1.2,-1.2,2.6,1.6,-1.0,-2.6,-0.4,-2.2,0,3,away_win
2024-25,2025-04-01,Arsenal,Fulham,1715.5241201943804,1543.1880416672445,237.3360785271359,0.4,0.6,-0.19999999999999996,0.4,0.0,0.4,1.6,1.8,-0.19999999999999996,0.8,1.4,-0.5999999999999999,0.4,1.2,0.7999999999999999,0.4,0.2,0.2,2,1,home_win
2024-25,2025-04-01,Nottingham Forest,Manchester United,1584.0227168532458,1504.0168341663937,145.00588268685215,0.4,0.4,0.0,0.2,0.4,-0.2,1.4,1.6,-0.20000000000000018,1.8,1.8,0.0,1.6,1.2,-0.40000000000000013,0.2,0.6,-0.39999999999999997,1,0,home_win
2024-25,2025-04-01,Wolverhampton Wanderers FC,West Ham United FC,1442.659993257555,1471.0757755771845,36.58421768037056,0.4,0.4,0.0,0.2,0.2,0.0,1.4,1.4,0.0,1.2,0.8,0.3999999999999999,1.2,0.6,-0.6,0.0,0.2,-0.2,1,0,home_win
2024-25,2025-04-02,Bournemouth,Ipswich Town,1558.0934411860915,1374.6382420822165,248.45519910387497,0.2,0.0,0.2,0.2,0.2,0.0,0.8,0.2,0.6000000000000001,1.4,1.2,0.19999999999999996,1.6,2.6,1.0,-0.2,-1.4,1.2,1,2,away_win
2024-25,2025-04-02,Brighton & Hove Albion,Aston Villa,1567.3112875789473,1548.3954327051035,83.91585487384373,0.8,0.4,0.4,0.2,0.4,-0.2,2.6,1.6,1.0,2.6,1.4,1.2000000000000002,0.8,1.6,0.8,1.8,-0.2,2.0,0,3,away_win
2024-25,2025-04-02,Liverpool,Everton,1767.806778751503,1501.8172210754183,330.9895576760848,0.8,0.2,0.6000000000000001,0.2,0.8,-0.6000000000000001,2.6,1.4,1.2000000000000002,2.2,1.4,0.8000000000000003,0.8,1.2,0.3999999999999999,1.4,0.2,1.2,1,0,home_win
2024-25,2025-04-02,Manchester City,Leicester City FC,1662.2236516110174,1327.528684503298,399.6949671077193,0.4,0.0,0.4,0.2,0.0,0.2,1.4,0.0,1.4,1.4,0.0,1.4,1.0,2.4,1.4,0.4,-2.4,2.8,2,0,home_win
2024-25,2025-04-02,Newcastle United,Brentford,1585.76762484591,1513.0890559816803,137.67856886422965,0.4,0.6,-0.19999999999999996,0.0,0.2,-0.2,1.2,2.0,-0.8,1.2,1.6,-0.40000000000000013,2.2,0.6,-1.6,-1.0,1.0,-2.0,2,1,home_win
2024-25,2025-04-02,Southampton FC,Crystal Palace,1281.97871293165,1563.7519502809823,-216.77323734933225,0.0,0.8,-0.8,0.0,0.0,0.0,0.0,2.4,-2.4,0.6,2.0,-1.4,3.2,0.6,-2.6,-2.6,1.4,-4.0,1,1,draw
2024-25,2025-04-03,Chelsea,Tottenham Hotspur,1578.9506208648943,1528.7049399221771,115.24568094271717,0.4,0.4,0.0,0.0,0.2,-0.2,1.2,1.4,-0.19999999999999996,1.2,1.4,-0.19999999999999996,1.2,1.2,0.0,0.0,0.2,-0.2,1,0,home_win
2024-25,2025-04-05,Aston Villa,Nottingham Forest,1570.0418768383051,1590.075672341375,44.96620449693023,0.6,0.6,0.0,0.2,0.2,0.0,2.0,2.0,0.0,1.8,1.8,0.0,1.4,1.2,-0.19999999999999996,0.4,0.6,-0.19999999999999996,2,1,home_win
2024-25,2025-04-05,Crystal Palace,Brighton & Hove Albion,1558.2134111839591,1545.6648434457456,77.54856773821348,0.6,0.6,0.0,0.2,0.2,0.0,2.0,2.0,0.0,1.8,2.0,-0.19999999999999996,0.8,1.4,0.5999999999999999,1.0,0.6,0.4,2,1,home_win
2024-25,2025-04-05,Everton,Arsenal,1499.2270907018765,1719.5887571827823,-155.3616664809058,0.0,0.4,-0.4,0.8,0.4,0.4,0.8,1.6,-0.8,1.0,0.8,0.19999999999999996,1.2,0.6,-0.6,-0.2,0.2,-0.4,1,1,draw
2024-25,2025-04-05,Ipswich Town,Wolverhampton Wanderers FC,1390.7769635635755,1451.61088932689,4.1660742366855175,0.2,0.6,-0.39999999999999997,0.0,0.2,-0.2,0.6,2.0,-1.4,1.4,1.2,0.19999999999999996,2.6,0.8,-1.8,-1.2,0.4,-1.6,1,2,away_win
2024-25,2025-04-05,West Ham United FC,Bournemouth,1462.1248795078495,1541.9547197047325,-14.82984019688297,0.4,0.0,0.4,0.2,0.2,0.0,1.4,0.2,1.2,0.8,1.0,-0.19999999999999996,0.6,1.8,1.2000000000000002,0.2,-0.8,1.0,2,2,draw
2024-25,2025-04-06,Brentford,Chelsea,1506.8565917841106,1585.750112608031,-13.893520823920426,0.4,0.6,-0.19999999999999996,0.2,0.0,0.2,1.4,1.8,-0.40000000000000013,1.6,1.4,0.20000000000000018,1.0,0.6,-0.4,0.6,0.8,-0.20000000000000007,0,0,draw
2024-25,2025-04-06,Fulham,Liverpool,1539.1234046788427,1770.3969091250449,-166.2735044462022,0.4,0.8,-0.4,0.0,0.2,-0.2,1.2,2.6,-1.4000000000000001,1.2,2.0,-0.8,1.4,0.6,-0.7999999999999999,-0.2,1.4,-1.5999999999999999,3,2,home_win
2024-25,2025-04-06,Manchester United,Manchester City,1497.9638786782646,1664.9552809637019,-101.99140228543729,0.4,0.4,0.0,0.4,0.2,0.2,1.6,1.4,0.20000000000000018,1.8,1.0,0.8,1.2,1.0,-0.19999999999999996,0.6,0.0,0.6,0,0,draw
2024-25,2025-04-06,Tottenham Hotspur,Southampton FC,1521.9054481790404,1287.5172520286733,299.3881961503671,0.2,0.0,0.2,0.2,0.2,0.0,0.8,0.2,0.6000000000000001,1.2,0.6,0.6,1.4,2.8,1.4,-0.2,-2.2,2.0,3,1,home_win
2024-25,2025-04-07,Leicester City FC,Newcastle United,1324.7970551506137,1592.0000890434796,-202.20303389286596,0.0,0.6,-0.6,0.0,0.0,0.0,0.0,1.8,-1.8,0.0,1.4,-1.4,2.4,2.0,-0.3999999999999999,-2.4,-0.6,-1.7999999999999998,0,3,away_win
2024-25,2025-04-12,Arsenal,Brentford,1715.3930837000116,1507.256266440931,273.13681725908054,0.4,0.2,0.2,0.6,0.4,0.19999999999999996,1.8,1.0,0.8,1.0,0.8,0.19999999999999996,0.6,1.0,0.4,0.4,-0.2,0.6000000000000001,1,1,draw
2024-25,2025-04-12,Brighton & Hove Albion,Leicester City FC,1537.860528566398,1316.4689487481335,286.3915798182645,0.4,0.0,0.4,0.2,0.0,0.2,1.4,0.0,1.4,1.4,0.0,1.4,1.8,2.2,0.40000000000000013,-0.4,-2.2,1.8000000000000003,2,2,draw
2024-25,2025-04-12,Manchester City,Crystal Palace,1662.1012468905087,1566.0177260633068,161.08352082720194,0.4,0.8,-0.4,0.4,0.2,0.2,1.6,2.6,-1.0,1.0,2.0,-1.0,0.6,0.6,0.0,0.4,1.4,-0.9999999999999999,5,2,home_win
2024-25,2025-04-12,Nottingham Forest,Everton,1581.3627255584377,1503.4227641846471,142.93996137379054,0.6,0.0,0.6,0.2,0.8,-0.6000000000000001,2.0,0.8,1.2,1.4,0.8,0.5999999999999999,0.8,1.0,0.19999999999999996,0.6,-0.2,0.8,0,1,away_win
2024-25,2025-04-12,Southampton FC,Aston Villa,1282.97430532883,1578.7548236212424,-230.78051829241235,0.0,0.8,-0.8,0.2,0.0,0.2,0.2,2.4,-2.1999999999999997,0.8,1.8,-1.0,2.6,1.2,-1.4000000000000001,-1.8,0.6,-2.4,0,3,away_win
2024-25,2025-04-13,Chelsea,Ipswich Town,1585.3504379512106,1380.6570600547664,269.6933778964442,0.6,0.2,0.39999999999999997,0.2,0.0,0.2,2.0,0.6,1.4,1.2,1.4,-0.19999999999999996,0.2,2.2,2.0,1.0,-0.8,1.8,2,2,draw
2024-25,2025-04-13,Liverpool,West Ham United FC,1755.945903725259,1462.5514575906636,358.39444613459546,0.8,0.2,0.6000000000000001,0.0,0.4,-0.4,2.4,1.0,1.4,2.0,1.0,1.0,0.8,1.0,0.19999999999999996,1.2,0.0,1.2,2,1,home_win
2024-25,2025-04-13,Newcastle United,Manchester United,1600.3281954459599,1500.8179127514577,164.51028269450217,0.8,0.4,0.4,0.0,0.4,-0.4,2.4,1.6,0.7999999999999998,2.0,1.4,0.6000000000000001,1.2,0.8,-0.3999999999999999,0.8,0.6,0.20000000000000007,4,1,home_win
2024-25,2025-04-13,Wolverhampton Wanderers FC,Tottenham Hotspur,1461.730792835699,1526.4483948788836,0.28239795681543,0.6,0.2,0.39999999999999997,0.2,0.2,0.0,2.0,0.8,1.2,1.4,1.0,0.3999999999999999,1.0,1.4,0.3999999999999999,0.4,-0.4,0.8,4,2,home_win
2024-25,2025-04-14,Bournemouth,Fulham,1541.5281416219184,1553.5744100786285,52.953731543289905,0.0,0.6,-0.6,0.4,0.0,0.4,0.4,1.8,-1.4,1.4,1.8,-0.40000000000000013,2.0,1.4,-0.6000000000000001,-0.6,0.4,-1.0,1,0,home_win
2024-25,2025-04-16,Newcastle United,Crystal Palace,1610.110313513509,1556.095973680833,119.01433983267611,0.8,0.6,0.20000000000000007,0.0,0.2,-0.2,2.4,2.0,0.3999999999999999,2.0,2.0,0.0,0.8,1.6,0.8,1.2,0.4,0.7999999999999999,5,0,home_win
2024-25,2025-04-19,Aston Villa,Newcastle United,1586.0842083677358,1623.5152586528943,27.568949714841438,0.8,1.0,-0.19999999999999996,0.0,0.0,0.0,2.4,3.0,-0.6000000000000001,2.0,3.0,-1.0,1.0,0.4,-0.6,1.0,2.6,-1.6,4,1,home_win
2024-25,2025-04-19,Brentford,Brighton & Hove Albion,1513.8184967627894,1531.0864869882398,47.732009774549624,0.2,0.2,0.0,0.4,0.4,0.0,1.0,1.0,0.0,0.8,1.4,-0.5999999999999999,1.0,2.0,1.0,-0.2,-0.6,0.39999999999999997,4,2,home_win
2024-25,2025-04-19,Crystal Palace,Bournemouth,1542.6910285414476,1550.015703798891,57.67532474255654,0.4,0.2,0.2,0.2,0.4,-0.2,1.4,1.0,0.3999999999999999,1.2,1.4,-0.19999999999999996,2.4,1.6,-0.7999999999999998,-1.2,-0.2,-1.0,0,0,draw
2024-25,2025-04-19,Everton,Manchester City,1517.319492883112,1672.0229992729826,-89.70350638987065,0.2,0.4,-0.2,0.6,0.4,0.19999999999999996,1.2,1.6,-0.40000000000000013,0.8,1.8,-1.0,0.8,1.0,0.19999999999999996,0.0,0.8,-0.8,0,2,away_win
2024-25,2025-04-19,West Ham United FC,Southampton FC,1460.296718594278,1275.6449205823367,249.6517980119413,0.0,0.0,0.0,0.4,0.2,0.2,0.4,0.2,0.2,0.8,0.8,0.0,1.4,2.4,1.0,-0.6,-1.6,1.0,1,1,draw
2024-25,2025-04-20,Fulham,Chelsea,1545.0868479016558,1578.845005653858,31.241842247797877,0.4,0.4,0.0,0.0,0.4,-0.4,1.2,1.6,-0.40000000000000013,1.4,0.8,0.5999999999999999,1.4,0.6,-0.7999999999999999,0.0,0.2,-0.2,1,2,away_win
2024-25,2025-04-20,Ipswich Town,Arsenal,1387.162492352119,1708.8308533781533,-256.6683610260343,0.2,0.4,-0.2,0.2,0.6,-0.39999999999999997,0.8,1.8,-1.0,1.4,1.2,0.19999999999999996,2.0,0.8,-1.2,-0.6,0.4,-1.0,0,4,away_win
2024-25,2025-04-20,Leicester City FC,Liverpool,1323.2429903262916,1758.2006427216447,-369.9576523953531,0.0,0.8,-0.8,0.2,0.0,0.2,0.2,2.4,-2.1999999999999997,0.4,2.0,-1.6,2.2,1.0,-1.2000000000000002,-1.8,1.0,-2.8,0,1,away_win
2024-25,2025-04-20,Manchester United,Wolverhampton Wanderers FC,1491.0357946839085,1476.718600738528,79.3171939453805,0.2,0.8,-0.6000000000000001,0.4,0.2,0.2,1.0,2.6,-1.6,1.0,2.0,-1.0,1.2,1.0,-0.19999999999999996,-0.2,1.0,-1.2,0,1,away_win
2024-25,2025-04-21,Tottenham Hotspur,Nottingham Forest,1511.4605869760546,1567.4659968599728,8.994590116081781,0.2,0.6,-0.39999999999999997,0.2,0.0,0.2,0.8,1.8,-1.0,1.4,1.4,0.0,2.0,1.0,-1.0,-0.6,0.4,-1.0,1,2,away_win
2024-25,2025-04-22,Manchester City,Aston Villa,1683.2340081307768,1602.1984937059253,146.0355144248515,0.6,1.0,-0.4,0.4,0.0,0.4,2.2,3.0,-0.7999999999999998,2.2,2.6,-0.3999999999999999,0.8,0.4,-0.4,1.4,2.2,-0.8000000000000003,2,1,home_win
2024-25,2025-04-23,Arsenal,Crystal Palace,1715.7985426000625,1541.046081488022,239.75246111204046,0.6,0.2,0.39999999999999997,0.4,0.4,0.0,2.2,1.0,1.2000000000000002,1.8,1.0,0.8,0.6,2.4,1.7999999999999998,1.2,-1.4,2.5999999999999996,2,2,draw
2024-25,2025-04-26,Brighton & Hove Albion,West Ham United FC,1518.1343755327166,1454.1365802618398,128.99779527087685,0.0,0.0,0.0,0.4,0.6,-0.19999999999999996,0.4,0.6,-0.19999999999999996,1.4,1.0,0.3999999999999999,2.6,1.4,-1.2000000000000002,-1.2,-0.4,-0.7999999999999999,3,2,home_win
2024-25,2025-04-26,Chelsea,Everton,1589.741802343216,1506.1084840253177,148.63331831789833,0.4,0.2,0.2,0.4,0.4,0.0,1.6,1.0,0.6000000000000001,1.0,0.6,0.4,0.8,1.0,0.19999999999999996,0.2,-0.4,0.6000000000000001,1,0,home_win
2024-25,2025-04-26,Newcastle United,Ipswich Town,1607.4009733147047,1380.1948031302097,292.206170184495,0.8,0.2,0.6000000000000001,0.0,0.2,-0.2,2.4,0.8,1.5999999999999999,3.0,1.4,1.6,1.2,2.6,1.4000000000000001,1.8,-1.2,3.0,3,0,home_win
2024-25,2025-04-26,Southampton FC,Fulham,1281.805058914775,1534.1900512122977,-187.38499229752279,0.0,0.4,-0.4,0.4,0.0,0.4,0.4,1.2,-0.7999999999999999,0.8,1.4,-0.5999999999999999,2.0,1.4,-0.6000000000000001,-1.2,0.0,-1.2,1,2,away_win
2024-25,2025-04-26,Wolverhampton Wanderers FC,Leicester City FC,1488.9626823474555,1321.1180210030523,232.84466134440322,1.0,0.0,1.0,0.0,0.2,-0.2,3.0,0.2,2.8,2.0,0.4,1.6,0.8,2.2,1.4000000000000001,1.2,-1.8,3.0,3,0,home_win
2024-25,2025-04-27,Bournemouth,Manchester United,1551.6606508523166,1478.791713074981,137.86893777733553,0.2,0.2,0.0,0.4,0.2,0.2,1.0,0.8,0.19999999999999996,1.0,0.8,0.19999999999999996,1.2,1.2,0.0,-0.2,-0.4,0.2,1,1,draw
2024-25,2025-04-27,Liverpool,Tottenham Hotspur,1760.325612044884,1501.2017596827986,324.1238523620855,0.8,0.2,0.6000000000000001,0.0,0.0,0.0,2.4,0.6,1.7999999999999998,1.8,1.2,0.6000000000000001,1.0,2.0,1.0,0.8,-0.8,1.6,5,1,home_win
2024-25,2025-05-01,Nottingham Forest,Brentford,1577.7248241532288,1526.7706082183126,115.95421593491619,0.6,0.4,0.19999999999999996,0.0,0.4,-0.4,1.8,1.6,0.19999999999999996,1.6,1.6,0.0,1.2,1.2,0.0,0.4,0.4,0.0,0,2,away_win
2024-25,2025-05-02,Manchester City,Wolverhampton Wanderers FC,1689.2619746511511,1496.2234532534758,258.03852139767537,0.8,1.0,-0.19999999999999996,0.2,0.0,0.2,2.6,3.0,-0.3999999999999999,2.2,2.2,0.0,0.6,0.6,0.0,1.6,1.6,0.0,1,0,home_win
2024-25,2025-05-03,Arsenal,Bournemouth,1709.818317542284,1547.8884145066465,226.92990303563738,0.4,0.2,0.2,0.6,0.6,0.0,1.8,1.2,0.6000000000000001,2.0,1.0,1.0,1.0,1.0,0.0,1.0,0.0,1.0,1,2,away_win
2024-25,2025-05-03,Aston Villa,Fulham,1596.170527185551,1539.265189104514,121.90533808103692,0.8,0.4,0.4,0.0,0.0,0.0,2.4,1.2,1.2,2.6,1.4,1.2000000000000002,0.8,1.6,0.8,1.8,-0.2,2.0,1,0,home_win
2024-25,2025-05-03,Everton,Ipswich Town,1500.143304042784,1374.7060666679313,190.43723737485266,0.2,0.2,0.0,0.2,0.2,0.0,0.8,0.8,0.0,0.4,1.0,-0.6,1.0,2.4,1.4,-0.6,-1.4,0.7999999999999999,2,2,draw
2024-25,2025-05-03,Leicester City FC,Southampton FC,1313.857250097032,1276.7299210225585,102.12732907447344,0.0,0.0,0.0,0.2,0.4,-0.2,0.2,0.4,-0.2,0.4,0.8,-0.4,2.2,2.0,-0.20000000000000018,-1.8,-1.2,-0.6000000000000001,2,0,home_win
2024-25,2025-05-04,Brentford,Manchester United,1546.5988091689392,1482.5639494206512,129.034859748288,0.4,0.0,0.4,0.4,0.4,0.0,1.6,0.4,1.2000000000000002,1.6,0.4,1.2000000000000002,1.0,1.4,0.3999999999999999,0.6,-1.0,1.6,4,3,home_win
2024-25,2025-05-04,Brighton & Hove Albion,Newcastle United,1524.5832193856907,1612.8897097769832,-23.306490391292527,0.2,0.8,-0.6000000000000001,0.2,0.0,0.2,0.8,2.4,-1.5999999999999999,1.6,3.2,-1.6,2.6,1.0,-1.6,-1.0,2.2,-3.2,1,1,draw
2024-25,2025-05-04,Chelsea,Liverpool,1595.7069823257498,1765.351648836604,-104.64466651085422,0.6,0.8,-0.20000000000000007,0.4,0.0,0.4,2.2,2.4,-0.19999999999999973,1.2,2.2,-1.0000000000000002,0.6,1.0,0.4,0.6,1.2,-0.6,3,1,home_win
2024-25,2025-05-04,West Ham United FC,Tottenham Hotspur,1447.6877364088657,1496.1757228910787,16.512013517786954,0.0,0.2,-0.2,0.4,0.0,0.4,0.4,0.6,-0.19999999999999996,1.2,1.4,-0.19999999999999996,1.8,2.6,0.8,-0.6,-1.2,0.6,1,1,draw
2024-25,2025-05-05,Crystal Palace,Nottingham Forest,1547.0263065458007,1557.8966232026023,54.129683343198394,0.2,0.4,-0.2,0.4,0.0,0.4,1.0,1.2,-0.19999999999999996,1.2,0.8,0.3999999999999999,2.6,1.2,-1.4000000000000001,-1.4,-0.4,-0.9999999999999999,1,1,draw
2024-25,2025-05-10,Bournemouth,Aston Villa,1563.6263269500962,1602.7990427250636,25.8272842250326,0.4,0.8,-0.4,0.6,0.0,0.6,1.8,2.4,-0.5999999999999999,1.2,2.2,-1.0000000000000002,0.8,0.8,0.0,0.4,1.4,-0.9999999999999999,0,1,away_win
2024-25,2025-05-10,Fulham,Everton,1532.6366735650015,1495.1521871543275,102.48448641067398,0.4,0.2,0.2,0.0,0.4,-0.4,1.2,1.0,0.19999999999999996,1.2,0.8,0.3999999999999999,1.4,1.2,-0.19999999999999996,-0.2,-0.4,0.2,1,3,away_win
2024-25,2025-05-10,Ipswich Town,Brentford,1379.6971835563877,1553.0467207870513,-108.3495372306636,0.0,0.6,-0.6,0.4,0.4,0.0,0.4,2.2,-1.8000000000000003,1.0,2.2,-1.2000000000000002,2.6,1.2,-1.4000000000000001,-1.6,1.0,-2.6,0,1,away_win
2024-25,2025-05-10,Southampton FC,Manchester City,1266.0163619477926,1692.9542706976517,-361.93790874985916,0.0,0.8,-0.8,0.2,0.2,0.0,0.2,2.6,-2.4,0.6,2.0,-1.4,2.2,0.6,-1.6,-1.6,1.4,-3.0,0,0,draw
2024-25,2025-05-10,Wolverhampton Wanderers FC,Brighton & Hove Albion,1492.5311572069752,1525.2530297053027,32.27812750167254,0.8,0.2,0.6000000000000001,0.0,0.4,-0.4,2.4,1.0,1.4,2.0,1.8,0.19999999999999996,0.8,2.2,1.4000000000000001,1.2,-0.4,1.6,0,2,away_win
2024-25,2025-05-11,Liverpool,Arsenal,1745.9656087042217,1694.0804050988343,116.88520360538746,0.6,0.2,0.39999999999999997,0.0,0.6,-0.6,1.8,1.2,0.6000000000000001,2.2,1.8,0.40000000000000013,1.6,1.2,-0.40000000000000013,0.6,0.6,0.0,2,2,draw
2024-25,2025-05-11,Manchester United,West Ham United FC,1476.116037802539,1447.2128399464918,93.9031978560472,0.0,0.0,0.0,0.4,0.6,-0.19999999999999996,0.4,0.6,-0.19999999999999996,1.0,1.4,-0.3999999999999999,2.0,1.8,-0.19999999999999996,-1.0,-0.4,-0.6,0,2,away_win
2024-25,2025-05-11,Newcastle United,Chelsea,1612.2198994573712,1615.093022458132,62.12687699923913,0.6,0.6,0.0,0.2,0.4,-0.2,2.0,2.2,-0.20000000000000018,2.8,1.6,1.1999999999999997,1.2,0.8,-0.3999999999999999,1.6,0.8,0.8,2,0,home_win
2024-25,2025-05-11,Nottingham Forest,Leicester City FC,1559.4421163611255,1324.570809171798,299.8713071893276,0.2,0.2,0.0,0.2,0.2,0.0,0.8,0.8,0.0,0.8,0.8,0.0,1.4,1.8,0.40000000000000013,-0.6,-1.0,0.4,2,2,draw
2024-25,2025-05-11,Tottenham Hotspur,Crystal Palace,1496.6506193534526,1545.4808133872775,16.16980596617509,0.2,0.0,0.2,0.2,0.6,-0.39999999999999997,0.8,0.6,0.20000000000000007,1.6,1.0,0.6000000000000001,2.6,2.6,0.0,-1.0,-1.6,0.6000000000000001,0,2,away_win
2024-25,2025-05-16,Aston Villa,Tottenham Hotspur,1613.5410454611588,1480.9530163123425,197.5880291488163,0.8,0.0,0.8,0.0,0.2,-0.2,2.4,0.2,2.1999999999999997,2.0,1.0,1.0,0.6,2.8,2.1999999999999997,1.4,-1.8,3.2,2,0,home_win
2024-25,2025-05-16,Chelsea,Manchester United,1602.7470281940543,1457.1578254215947,210.58920277245966,0.6,0.0,0.6,0.2,0.2,0.0,2.0,0.2,1.8,1.6,1.0,0.6000000000000001,1.2,2.4,1.2,0.4,-1.4,1.7999999999999998,1,0,home_win
2024-25,2025-05-18,Arsenal,Newcastle United,1697.323204709968,1624.565893721449,137.75731098851907,0.2,0.6,-0.39999999999999997,0.6,0.2,0.39999999999999997,1.2,2.0,-0.8,2.0,2.4,-0.3999999999999999,1.4,1.0,-0.3999999999999999,0.6,1.4,-0.7999999999999999,1,0,home_win
2024-25,2025-05-18,Brentford,Fulham,1560.0254832707121,1513.3360762612688,111.68940700944336,0.8,0.2,0.6000000000000001,0.2,0.0,0.2,2.6,0.6,2.0,2.4,0.8,1.5999999999999999,1.2,1.6,0.40000000000000013,1.2,-0.8,2.0,2,3,away_win
2024-25,2025-05-18,Everton,Southampton FC,1514.4527844580603,1273.8021085097728,305.65067594828747,0.4,0.0,0.4,0.2,0.4,-0.2,1.4,0.4,0.9999999999999999,1.2,0.4,0.7999999999999999,1.2,1.6,0.40000000000000013,0.0,-1.2,1.2,2,0,home_win
2024-25,2025-05-18,Leicester City FC,Ipswich Town,1331.5493183121007,1372.7184210727269,23.830897239373826,0.2,0.0,0.2,0.4,0.4,0.0,1.0,0.4,0.6,1.2,0.8,0.3999999999999999,1.6,2.4,0.7999999999999998,-0.4,-1.6,1.2000000000000002,2,0,home_win
2024-25,2025-05-18,West Ham United FC,Nottingham Forest,1466.1710523274362,1552.4636072208227,-21.292554893386523,0.2,0.2,0.0,0.4,0.4,0.0,1.0,1.0,0.0,1.4,1.0,0.3999999999999999,1.4,1.4,0.0,0.0,-0.4,0.4,1,2,away_win
2024-25,2025-05-19,Brighton & Hove Albion,Liverpool,1541.6425929516313,1742.722809093088,-136.08021614145673,0.4,0.6,-0.19999999999999996,0.4,0.2,0.2,1.6,2.0,-0.3999999999999999,2.0,2.2,-0.20000000000000018,1.8,1.4,-0.40000000000000013,0.2,0.8,-0.6000000000000001,3,2,home_win
2024-25,2025-05-20,Crystal Palace,Wolverhampton Wanderers FC,1561.1784164283877,1476.1415939606466,150.0368224677411,0.2,0.6,-0.39999999999999997,0.6,0.0,0.6,1.2,1.8,-0.6000000000000001,1.0,1.6,-0.6000000000000001,1.6,1.0,-0.6000000000000001,-0.6,0.6,-1.2,4,2,home_win
2024-25,2025-05-20,Manchester City,Bournemouth,1685.1685241356715,1552.884324214001,197.2841999216705,0.8,0.4,0.4,0.2,0.4,-0.2,2.6,1.6,1.0,2.0,0.8,1.2,0.6,0.6,0.0,1.4,0.2,1.2,3,1,home_win
2024-25,2025-05-25,Bournemouth,Leicester City FC,1545.5907770591966,1345.52206624014,265.0687108190566,0.2,0.4,-0.2,0.4,0.2,0.2,1.0,1.4,-0.3999999999999999,0.8,1.2,-0.3999999999999999,1.2,1.2,0.0,-0.4,0.0,-0.4,2,0,home_win
2024-25,2025-05-25,Fulham,Manchester City,1526.4444127610873,1692.462071290476,-101.01765852938865,0.4,0.8,-0.4,0.0,0.2,-0.2,1.2,2.6,-1.4000000000000001,1.4,1.6,-0.20000000000000018,1.8,0.4,-1.4,-0.4,1.2,-1.6,0,2,away_win
2024-25,2025-05-25,Ipswich Town,West Ham United FC,1358.7456731446875,1456.7831352179476,-33.03746207326003,0.0,0.2,-0.2,0.2,0.4,-0.2,0.2,1.0,-0.8,0.4,1.4,-0.9999999999999999,2.4,1.4,-1.0,-2.0,0.0,-2.0,1,3,away_win
2024-25,2025-05-25,Liverpool,Crystal Palace,1728.99481583854,1570.0755396712807,223.91927616725934,0.4,0.4,0.0,0.2,0.6,-0.39999999999999997,1.4,1.8,-0.40000000000000013,2.2,1.8,0.40000000000000013,1.8,1.0,-0.8,0.4,0.8,-0.4,1,1,draw
2024-25,2025-05-25,Manchester United,Aston Villa,1452.571757894908,1620.824941958653,-103.25318406374504,0.0,0.8,-0.8,0.2,0.0,0.2,0.2,2.4,-2.1999999999999997,0.8,1.8,-1.0,1.8,0.6,-1.2000000000000002,-1.0,1.2,-2.2,2,0,home_win
2024-25,2025-05-25,Newcastle United,Everton,1618.33537404089,1518.8584986963726,164.47687534451734,0.4,0.4,0.0,0.2,0.2,0.0,1.4,1.4,0.0,1.4,1.4,0.0,1.2,1.2,0.0,0.2,0.2,0.0,0,1,away_win
2024-25,2025-05-25,Nottingham Forest,Chelsea,1561.8515243303113,1607.333095720741,19.518428609570265,0.4,0.8,-0.4,0.4,0.0,0.4,1.6,2.4,-0.7999999999999998,1.4,1.4,0.0,1.4,0.8,-0.5999999999999999,0.0,0.6,-0.6,0,1,away_win
2024-25,2025-05-25,Southampton FC,Arsenal,1269.3963942714604,1703.553724390527,-369.1573301190665,0.0,0.4,-0.4,0.4,0.4,0.0,0.4,1.6,-1.2000000000000002,0.4,2.0,-1.6,1.4,1.2,-0.19999999999999996,-1.0,0.8,-1.8,1,2,away_win
2024-25,2025-05-25,Tottenham Hotspur,Brighton & Hove Albion,1473.6691198148483,1555.3705862061793,-16.701466391330996,0.0,0.6,-0.6,0.2,0.2,0.0,0.2,2.0,-1.8,0.6,2.2,-1.6,2.4,1.8,-0.5999999999999999,-1.8,0.4,-2.2,1,4,away_win
2024-25,2025-05-25,Wolverhampton Wanderers FC,Brentford,1467.2444707177535,1546.9171467708936,-14.672676053140094,0.4,0.8,-0.4,0.0,0.0,0.0,1.2,2.4,-1.2,1.2,2.6,-1.4000000000000001,1.4,1.6,0.20000000000000018,-0.2,1.0,-1.2,1,1,draw
2025-26,2025-08-15,Liverpool,Bournemouth,1667.4864869348378,1538.2115939435153,194.27489299132253,0.2,0.4,-0.2,0.4,0.2,0.2,1.0,1.4,-0.3999999999999999,2.2,1.2,1.0000000000000002,2.0,1.2,-0.8,0.2,0.0,0.2,4,2,home_win
2025-26,2025-08-16,Aston Villa,Newcastle United,1576.1204285162357,1577.944447760635,63.175980755600676,0.6,0.4,0.19999999999999996,0.0,0.2,-0.2,1.8,1.4,0.40000000000000013,1.0,1.2,-0.19999999999999996,0.8,0.6,-0.20000000000000007,0.2,0.6,-0.39999999999999997,0,0,draw
2025-26,2025-08-16,Brighton & Hove Albion,Fulham,1554.0224974533598,1511.7651131446637,107.25738430869615,0.8,0.4,0.4,0.2,0.0,0.2,2.6,1.2,1.4000000000000001,2.6,1.2,1.4000000000000001,1.2,1.8,0.6000000000000001,1.4,-0.6,2.0,1,1,draw
2025-26,2025-08-16,Sunderland,West Ham United FC,1500.0,1477.7708076217655,87.22919237823453,0.3333333333333333,0.4,-0.06666666666666671,0.3333333333333333,0.2,0.1333333333333333,1.0,1.4,-0.3999999999999999,1.2,1.8,-0.6000000000000001,1.2,1.4,0.19999999999999996,0.0,0.4,-0.4,3,0,home_win
2025-26,2025-08-16,Tottenham Hotspur,Burnley FC,1467.7572820624107,1423.4833326839957,109.27394937841495,0.0,0.2,-0.2,0.2,0.2,0.0,0.2,0.8,-0.6000000000000001,0.6,1.6,-1.0,2.8,2.0,-0.7999999999999998,-2.2,-0.4,-1.8000000000000003,3,0,home_win
2025-26,2025-08-16,Wolverhampton Wanderers FC,Manchester City,1475.749900048133,1652.4147498940085,-111.66484984587555,0.2,0.8,-0.6000000000000001,0.2,0.2,0.0,0.8,2.6,-1.8,1.2,1.6,-0.40000000000000013,1.6,0.4,-1.2000000000000002,-0.4,1.2,-1.6,0,4,away_win
2025-26,2025-08-17,Chelsea,Crystal Palace,1588.4207182472571,1556.8162796975278,96.60443854972937,0.8,0.4,0.4,0.0,0.6,-0.6,2.4,1.8,0.5999999999999999,1.2,2.0,-0.8,0.6,1.2,0.6,0.6,0.8,-0.20000000000000007,0,0,draw
2025-26,2025-08-17,Manchester United,Arsenal,1478.927096373935,1654.265594427577,-110.33849805364207,0.2,0.4,-0.2,0.2,0.4,-0.2,0.8,1.6,-0.8,1.2,1.6,-0.40000000000000013,1.6,1.4,-0.20000000000000018,-0.4,0.2,-0.6000000000000001,0,1,away_win
2025-26,2025-08-17,Nottingham Forest,Brentford,1538.4677467910324,1534.8713130683523,68.5964337226801,0.2,0.6,-0.39999999999999997,0.4,0.2,0.2,1.0,2.0,-1.0,1.0,2.0,-1.0,1.4,1.4,0.0,-0.4,0.6,-1.0,3,1,home_win
2025-26,2025-08-18,Leeds United,Everton,1445.9860145515136,1524.950956792312,-13.964942240798337,0.0,0.6,-0.6,0.2,0.2,0.0,0.2,2.0,-1.8,1.2,1.6,-0.40000000000000013,3.0,0.8,-2.2,-1.8,0.8,-2.6,1,0,home_win
2025-26,2025-08-22,West Ham United FC,Chelsea,1464.57441227851,1585.709725416591,-56.135313138081074,0.4,0.6,-0.19999999999999996,0.2,0.2,0.0,1.4,2.0,-0.6000000000000001,1.4,1.0,0.3999999999999999,1.4,0.6,-0.7999999999999999,0.0,0.4,-0.4,1,5,away_win
2025-26,2025-08-23,Arsenal,Leeds United,1661.1924258280267,1456.387741581336,269.8046842466906,0.6,0.2,0.39999999999999997,0.2,0.2,0.0,2.0,0.8,1.2,1.4,1.2,0.19999999999999996,1.0,2.2,1.2000000000000002,0.4,-1.0,1.4,5,0,home_win
2025-26,2025-08-23,Bournemouth,Wolverhampton Wanderers FC,1530.8219928866554,1462.8268337311097,132.9951591555457,0.4,0.0,0.4,0.0,0.2,-0.2,1.2,0.2,1.0,1.4,0.6,0.7999999999999999,1.8,2.4,0.5999999999999999,-0.4,-1.8,1.4,1,0,home_win
2025-26,2025-08-23,Brentford,Aston Villa,1522.7949684002615,1574.321856723998,13.473111676263443,0.4,0.6,-0.19999999999999996,0.2,0.2,0.0,1.4,2.0,-0.6000000000000001,1.8,0.8,1.0,2.0,0.4,-1.6,-0.2,0.4,-0.6000000000000001,1,0,home_win
2025-26,2025-08-23,Burnley FC,Sunderland,1411.3127759137458,1513.1963953432555,-36.883619429509736,0.0,1.0,-1.0,0.2,0.0,0.2,0.2,3.0,-2.8,0.8,3.0,-2.2,2.4,0.0,-2.4,-1.6,3.0,-4.6,2,0,home_win
2025-26,2025-08-23,Manchester City,Tottenham Hotspur,1665.3378162110318,1479.9278388326607,250.4099773783712,0.8,0.2,0.6000000000000001,0.2,0.2,0.0,2.6,0.8,1.8,2.0,1.0,1.0,0.2,1.8,1.6,1.8,-0.8,2.6,0,2,away_win
2025-26,2025-08-24,Crystal Palace,Nottingham Forest,1559.5272725281939,1550.5440914591231,73.98318106907072,0.4,0.4,0.0,0.6,0.4,0.19999999999999996,1.8,1.6,0.19999999999999996,1.6,1.6,0.0,0.8,1.2,0.3999999999999999,0.8,0.4,0.4,1,1,draw
2025-26,2025-08-24,Everton,Brighton & Hove Albion,1514.5492297624894,1551.029852366135,28.519377396354457,0.6,0.6,0.0,0.2,0.4,-0.2,2.0,2.2,-0.20000000000000018,1.6,2.2,-0.6000000000000001,0.8,1.0,0.19999999999999996,0.8,1.2,-0.3999999999999999,2,0,home_win
2025-26,2025-08-24,Fulham,Manchester United,1514.7577582318886,1472.0002649734854,107.7574932584032,0.2,0.2,0.0,0.2,0.0,0.2,0.8,0.6,0.20000000000000007,1.0,1.0,0.0,1.8,1.6,-0.19999999999999996,-0.8,-0.6,-0.20000000000000007,1,1,draw
2025-26,2025-08-25,Newcastle United,Liverpool,1579.7430195528727,1674.8760879916977,-30.13306843882492,0.2,0.2,0.0,0.4,0.4,0.0,1.0,1.0,0.0,0.6,2.0,-1.4,0.6,2.2,1.6,0.0,-0.2,0.2,2,3,away_win
2025-26,2025-08-30,Chelsea,Fulham,1601.4563688979797,1511.752013645927,154.70435525205266,0.6,0.2,0.39999999999999997,0.2,0.4,-0.2,2.0,1.0,1.0,1.4,1.2,0.19999999999999996,0.6,1.8,1.2000000000000002,0.8,-0.6,1.4,2,0,home_win
2025-26,2025-08-30,Leeds United,Newcastle United,1449.4023010998262,1570.6081508707862,-56.20584977095996,0.2,0.2,0.0,0.2,0.2,0.0,0.8,0.8,0.0,1.0,0.8,0.19999999999999996,2.8,1.0,-1.7999999999999998,-1.8,-0.2,-1.6,0,0,draw
2025-26,2025-08-30,Manchester United,Burnley FC,1475.006009559447,1427.8992145951581,112.10679496428884,0.2,0.2,0.0,0.2,0.0,0.2,0.8,0.6,0.20000000000000007,0.6,1.0,-0.4,1.0,2.2,1.2000000000000002,-0.4,-1.2,0.7999999999999999,3,2,home_win
2025-26,2025-08-30,Sunderland,Brentford,1496.6099566618432,1532.407375340714,29.202581321129173,0.5,0.4,0.09999999999999998,0.0,0.2,-0.2,1.5,1.4,0.10000000000000009,1.5,1.2,0.30000000000000004,1.0,1.4,0.3999999999999999,0.5,-0.2,0.7,2,1,home_win
2025-26,2025-08-30,Tottenham Hotspur,Bournemouth,1504.1883308855085,1537.170705931824,32.01762495368462,0.4,0.4,0.0,0.0,0.0,0.0,1.2,1.2,0.0,1.2,1.2,0.0,1.6,1.6,0.0,-0.4,-0.4,0.0,0,1,away_win
2025-26,2025-08-30,Wolverhampton Wanderers FC,Everton,1456.4781206859411,1528.3207072898088,-6.84258660386763,0.0,0.8,-0.8,0.2,0.0,0.2,0.2,2.4,-2.1999999999999997,0.6,1.6,-1.0,2.4,0.4,-2.0,-1.8,1.2,-3.0,2,3,away_win
2025-26,2025-08-31,Aston Villa,Crystal Palace,1564.7094497835456,1557.4294772676133,72.27997251593229,0.4,0.4,0.0,0.2,0.6,-0.39999999999999997,1.4,1.8,-0.40000000000000013,0.6,1.6,-1.0,0.6,0.8,0.20000000000000007,0.0,0.8,-0.8,0,3,away_win
2025-26,2025-08-31,Brighton & Hove Albion,Manchester City,1537.2583748388156,1641.077324158184,-38.81894931936836,0.6,0.6,0.0,0.2,0.2,0.0,2.0,2.0,0.0,2.0,1.8,0.19999999999999996,1.2,0.6,-0.6,0.8,1.2,-0.3999999999999999,2,1,home_win
2025-26,2025-08-31,Liverpool,Arsenal,1684.0109566737842,1668.1778663095365,80.83309036424771,0.4,0.8,-0.4,0.4,0.2,0.2,1.6,2.6,-1.0,2.4,2.2,0.19999999999999973,2.0,0.6,-1.4,0.4,1.6,-1.2000000000000002,1,0,home_win
2025-26,2025-08-31,Nottingham Forest,West Ham United FC,1552.6418867197037,1448.8277687971213,168.81411792258245,0.4,0.4,0.0,0.4,0.0,0.4,1.6,1.2,0.40000000000000013,1.6,1.4,0.20000000000000018,1.2,2.2,1.0000000000000002,0.4,-0.8,1.2000000000000002,0,3,away_win
2025-26,2025-09-13,Arsenal,Nottingham Forest,1660.4633409186563,1527.2503460835478,198.21299483510847,0.8,0.4,0.4,0.0,0.2,-0.2,2.4,1.4,1.0,1.8,1.2,0.6000000000000001,0.4,1.4,0.9999999999999999,1.4,-0.2,1.5999999999999999,3,0,home_win
2025-26,2025-09-13,Bournemouth,Brighton & Hove Albion,1548.0896473929213,1548.3710478175658,64.71859957535548,0.6,0.6,0.0,0.0,0.2,-0.2,1.8,2.0,-0.19999999999999996,1.4,2.0,-0.6000000000000001,1.4,1.4,0.0,0.0,0.6,-0.6,2,1,home_win
2025-26,2025-09-13,Brentford,Chelsea,1523.245919437231,1610.1862599854628,-21.940340548231916,0.2,0.8,-0.6000000000000001,0.2,0.2,0.0,0.8,2.6,-1.8,1.2,1.8,-0.6000000000000001,1.8,0.2,-1.6,-0.6,1.6,-2.2,2,2,draw
2025-26,2025-09-13,Crystal Palace,Sunderland,1578.5185215633096,1505.7714125653263,137.74710899798333,0.4,0.6666666666666666,-0.2666666666666666,0.6,0.0,0.6,1.8,2.0,-0.19999999999999996,1.8,1.6666666666666667,0.1333333333333333,0.8,1.0,0.19999999999999996,1.0,0.6666666666666666,0.33333333333333337,0,0,draw
2025-26,2025-09-13,Everton,Aston Villa,1538.1237872753854,1543.6204054878492,59.50338178753623,0.8,0.2,0.6000000000000001,0.0,0.2,-0.2,2.4,0.8,1.5999999999999999,1.6,0.4,1.2000000000000002,0.6,1.2,0.6,1.0,-0.8,1.8,0,0,draw
2025-26,2025-09-13,Fulham,Leeds United,1503.022122558444,1451.0060692965485,117.01605326189542,0.2,0.2,0.0,0.4,0.2,0.2,1.0,0.8,0.19999999999999996,1.0,0.6,0.4,1.6,2.4,0.7999999999999998,-0.6,-1.8,1.2000000000000002,1,0,home_win
2025-26,2025-09-13,Newcastle United,Wolverhampton Wanderers FC,1569.004382674064,1446.6750407003644,187.32934197369946,0.0,0.0,0.0,0.4,0.2,0.2,0.4,0.2,0.2,0.4,1.0,-0.6,1.0,2.6,1.6,-0.6,-1.6,1.0,1,0,home_win
2025-26,2025-09-13,West Ham United FC,Tottenham Hotspur,1474.2193094332772,1493.2693894244112,45.949920008866,0.4,0.4,0.0,0.0,0.0,0.0,1.2,1.2,0.0,1.6,1.2,0.40000000000000013,2.2,1.4,-0.8000000000000003,-0.6,-0.2,-0.39999999999999997,0,3,away_win
2025-26,2025-09-14,Burnley FC,Liverpool,1421.0183997252295,1691.7254820646644,-205.70708233943492,0.2,0.6,-0.39999999999999997,0.0,0.2,-0.2,0.6,2.0,-1.4,1.2,2.2,-1.0000000000000002,2.0,1.6,-0.3999999999999999,-0.8,0.6,-1.4,0,1,away_win
2025-26,2025-09-14,Manchester City,Manchester United,1629.9646511794338,1481.8868244293756,213.0778267500582,0.6,0.4,0.19999999999999996,0.0,0.2,-0.2,1.8,1.4,0.40000000000000013,2.0,1.2,0.8,1.0,1.0,0.0,1.0,0.2,0.8,3,0,home_win
2025-26,2025-09-20,Brighton & Hove Albion,Tottenham Hotspur,1540.2125489019159,1513.070442709234,92.14210619268192,0.4,0.6,-0.19999999999999996,0.2,0.0,0.2,1.4,1.8,-0.40000000000000013,1.6,1.8,-0.19999999999999996,1.4,1.0,-0.3999999999999999,0.2,0.8,-0.6000000000000001,2,2,draw
2025-26,2025-09-20,Burnley FC,Nottingham Forest,1416.3322456183312,1518.7755945590698,-37.44334894073859,0.2,0.2,0.0,0.0,0.2,-0.2,0.6,0.8,-0.20000000000000007,1.0,0.8,0.19999999999999996,1.8,1.8,0.0,-0.8,-1.0,0.19999999999999996,1,1,draw
2025-26,2025-09-20,Fulham,Brentford,1509.7759532426603,1523.8765751047877,50.899378137872645,0.2,0.2,0.0,0.4,0.4,0.0,1.0,1.0,0.0,0.6,1.2,-0.6,1.2,1.6,0.40000000000000013,-0.6,-0.4,-0.19999999999999996,3,1,home_win
2025-26,2025-09-20,Liverpool,Everton,1696.4116361715628,1536.4276929533269,224.98394321823594,0.8,0.6,0.20000000000000007,0.2,0.2,0.0,2.6,2.0,0.6000000000000001,2.0,1.2,0.8,1.0,0.6,-0.4,1.0,0.6,0.4,2,1,home_win
2025-26,2025-09-20,Manchester United,Chelsea,1473.949471279314,1609.555604317906,-70.60613303859213,0.4,0.6,-0.19999999999999996,0.2,0.4,-0.2,1.4,2.2,-0.8000000000000003,1.2,2.0,-0.8,1.4,0.6,-0.7999999999999999,-0.2,1.4,-1.5999999999999999,2,1,home_win
2025-26,2025-09-20,West Ham United FC,Crystal Palace,1454.4182561484545,1574.7492931607358,-55.331037012281286,0.4,0.2,0.2,0.0,0.8,-0.8,1.2,1.4,-0.19999999999999996,1.4,1.0,0.3999999999999999,2.4,0.4,-2.0,-1.0,0.6,-1.6,1,2,away_win
2025-26,2025-09-20,Wolverhampton Wanderers FC,Leeds United,1441.598689458893,1444.2522386123321,62.346450846560856,0.0,0.2,-0.2,0.2,0.2,0.0,0.2,0.8,-0.6000000000000001,0.6,0.4,0.19999999999999996,2.0,2.0,0.0,-1.4,-1.6,0.20000000000000018,1,3,away_win
2025-26,2025-09-21,Arsenal,Manchester City,1668.9380924431343,1637.9020043294954,96.03608811363893,0.8,0.6,0.20000000000000007,0.0,0.0,0.0,2.4,1.8,0.5999999999999999,2.2,2.0,0.20000000000000018,0.4,0.8,0.4,1.8,1.2,0.6000000000000001,1,1,draw
2025-26,2025-09-21,Bournemouth,Newcastle United,1556.2481463085712,1574.0807339155353,47.167412393035875,0.8,0.2,0.6000000000000001,0.0,0.4,-0.4,2.4,1.0,1.4,1.6,0.6,1.0,1.0,0.8,-0.19999999999999996,0.6,-0.2,0.8,0,0,draw
2025-26,2025-09-21,Sunderland,Aston Villa,1509.5406409679001,1545.3164998099078,29.224141157992335,0.5,0.0,0.5,0.25,0.4,-0.15000000000000002,1.75,0.4,1.35,1.25,0.0,1.25,0.75,1.2,0.44999999999999996,0.5,-1.2,1.7,1,1,draw
2025-26,2025-09-27,Brentford,Manchester United,1511.0584905493117,1485.9541578552978,90.10433269401392,0.2,0.4,-0.2,0.2,0.2,0.0,0.8,1.4,-0.5999999999999999,1.2,1.2,0.0,2.0,1.6,-0.3999999999999999,-0.8,-0.4,-0.4,3,1,home_win
2025-26,2025-09-27,Chelsea,Brighton & Hove Albion,1597.5509177419221,1537.6209621156017,124.9299556263204,0.4,0.2,0.2,0.4,0.4,0.0,1.6,1.0,0.6000000000000001,2.0,1.2,0.8,1.0,1.6,0.6000000000000001,1.0,-0.4,1.4,1,3,away_win
2025-26,2025-09-27,Crystal Palace,Liverpool,1583.1700663319432,1700.7114134100063,-52.541347078063154,0.4,1.0,-0.6,0.6,0.0,0.6,1.8,3.0,-1.2,1.2,2.2,-1.0000000000000002,0.4,1.0,0.6,0.8,1.2,-0.3999999999999999,2,1,home_win
2025-26,2025-09-27,Leeds United,Bournemouth,1461.9154263161681,1554.898838325917,-27.983412009748918,0.4,0.6,-0.19999999999999996,0.2,0.2,0.0,1.4,2.0,-0.6000000000000001,0.8,1.2,-0.3999999999999999,1.4,1.0,-0.3999999999999999,-0.6,0.2,-0.8,2,2,draw
2025-26,2025-09-27,Manchester City,Burnley FC,1640.597834269447,1417.4057987832334,288.1920354862136,0.4,0.2,0.2,0.2,0.2,0.0,1.4,0.8,0.5999999999999999,1.8,1.0,0.8,1.0,1.6,0.6000000000000001,0.8,-0.6,1.4,5,1,home_win
2025-26,2025-09-27,Nottingham Forest,Sunderland,1517.7020413941675,1508.7014806959826,74.00056069818493,0.2,0.4,-0.2,0.4,0.4,0.0,1.0,1.6,-0.6000000000000001,1.0,1.2,-0.19999999999999996,1.8,0.8,-1.0,-0.8,0.4,-1.2000000000000002,0,1,away_win
2025-26,2025-09-27,Tottenham Hotspur,Wolverhampton Wanderers FC,1515.6620294955483,1423.935501755057,156.7265277404913,0.6,0.0,0.6,0.2,0.0,0.2,2.0,0.0,2.0,2.0,0.6,1.4,0.6,2.4,1.7999999999999998,1.4,-1.8,3.2,1,1,draw
2025-26,2025-09-28,Aston Villa,Fulham,1546.1556600818253,1522.5940377981362,88.56162228368908,0.0,0.4,-0.4,0.6,0.4,0.19999999999999996,0.6,1.6,-1.0,0.2,1.2,-1.0,1.0,1.0,0.0,-0.8,0.2,-1.0,3,1,home_win
2025-26,2025-09-28,Newcastle United,Arsenal,1575.4300418981895,1666.2422625031827,-25.812220604993172,0.2,0.6,-0.39999999999999997,0.6,0.2,0.39999999999999997,1.2,2.0,-0.8,0.6,2.0,-1.4,0.6,0.4,-0.19999999999999996,0.0,1.6,-1.6,1,2,away_win
2025-26,2025-09-29,Everton,West Ham United FC,1532.1279157148833,1445.997482977247,151.13043273763628,0.4,0.2,0.2,0.2,0.0,0.2,1.4,0.6,0.7999999999999999,1.2,1.0,0.19999999999999996,1.0,2.6,1.6,0.2,-1.6,1.8,1,1,draw
2025-26,2025-10-03,Bournemouth,Fulham,1554.0951481144846,1511.3368372599161,107.75831085456844,0.6,0.4,0.19999999999999996,0.4,0.2,0.2,2.2,1.4,0.8000000000000003,1.2,1.2,0.0,0.6,1.4,0.7999999999999999,0.6,-0.2,0.8,3,1,home_win
2025-26,2025-10-04,Arsenal,West Ham United FC,1675.5006909472363,1450.0922999876477,290.4083909595886,0.6,0.2,0.39999999999999997,0.2,0.2,0.0,2.0,0.8,1.2,2.2,1.2,1.0000000000000002,0.6,2.2,1.6,1.6,-1.0,2.6,2,0,home_win
2025-26,2025-10-04,Chelsea,Liverpool,1577.3782927070242,1689.2105755346797,-46.83228282765549,0.4,0.8,-0.4,0.2,0.0,0.2,1.4,2.4,-1.0,2.2,1.6,0.6000000000000001,1.6,1.0,-0.6000000000000001,0.6,0.6,0.0,2,1,home_win
2025-26,2025-10-04,Leeds United,Tottenham Hotspur,1462.7191165276006,1511.4340409807821,16.28507554681846,0.2,0.4,-0.2,0.4,0.4,0.0,1.0,1.6,-0.6000000000000001,1.0,1.6,-0.6000000000000001,1.8,0.8,-1.0,-0.8,0.8,-1.6,1,2,away_win
2025-26,2025-10-04,Manchester United,Sunderland,1474.759345158289,1520.7997541638135,18.959590994475548,0.4,0.4,0.0,0.2,0.4,-0.2,1.4,1.6,-0.20000000000000018,1.4,0.8,0.5999999999999999,2.0,0.8,-1.2,-0.6,0.0,-0.6,2,0,home_win
2025-26,2025-10-05,Aston Villa,Burnley FC,1557.4128606200454,1411.4095205711674,211.00334004887804,0.2,0.2,0.0,0.4,0.2,0.2,1.0,0.8,0.19999999999999996,0.8,1.2,-0.3999999999999999,1.2,2.0,0.8,-0.4,-0.8,0.4,2,1,home_win
2025-26,2025-10-05,Brentford,Manchester City,1522.2533032463205,1646.594112481513,-59.34080923519264,0.4,0.4,0.0,0.2,0.2,0.0,1.4,1.4,0.0,1.6,2.0,-0.3999999999999999,1.6,1.2,-0.40000000000000013,0.0,0.8,-0.8,0,1,away_win
2025-26,2025-10-05,Everton,Crystal Palace,1528.0330987044827,1594.6709042072698,-1.6378055027871596,0.4,0.6,-0.19999999999999996,0.4,0.4,0.0,1.6,2.2,-0.6000000000000001,1.4,1.6,-0.20000000000000018,1.0,0.6,-0.4,0.4,1.0,-0.6,2,1,home_win
2025-26,2025-10-05,Newcastle United,Nottingham Forest,1566.171613454136,1505.6037679263366,125.56784552779936,0.2,0.0,0.2,0.4,0.4,0.0,1.0,0.4,0.6,0.8,0.4,0.4,1.0,1.8,0.8,-0.2,-1.4,1.2,2,0,home_win
2025-26,2025-10-05,Wolverhampton Wanderers FC,Brighton & Hove Albion,1428.1634902698231,1557.7935871504997,-64.63009688067655,0.0,0.4,-0.4,0.2,0.2,0.0,0.2,1.4,-1.2,0.8,1.6,-0.8,1.8,1.6,-0.19999999999999996,-1.0,0.0,-1.0,1,1,draw
2025-26,2025-10-18,Brighton & Hove Albion,Newcastle United,1555.9545471112826,1575.9747388098162,44.97980830146639,0.4,0.4,0.0,0.4,0.4,0.0,1.6,1.6,0.0,1.8,0.8,1.0,1.4,0.4,-0.9999999999999999,0.4,0.4,0.0,2,1,home_win
2025-26,2025-10-18,Burnley FC,Leeds United,1406.8318736542742,1452.250737335374,19.581136318900235,0.0,0.2,-0.2,0.2,0.4,-0.2,0.2,1.0,-0.8,1.0,1.2,-0.19999999999999996,2.4,1.2,-1.2,-1.4,0.0,-1.4,2,0,home_win
2025-26,2025-10-18,Crystal Palace,Bournemouth,1584.6237647247422,1564.5864991261408,85.03726559860138,0.6,0.6,0.0,0.2,0.4,-0.2,2.0,2.2,-0.20000000000000018,1.6,1.6,0.0,0.8,0.8,0.0,0.8,0.8,0.0,3,3,draw
2025-26,2025-10-18,Fulham,Arsenal,1500.84548624826,1680.2465204402881,-114.40103419202819,0.4,0.6,-0.19999999999999996,0.0,0.2,-0.2,1.2,2.0,-0.8,1.2,1.6,-0.40000000000000013,1.8,0.6,-1.2000000000000002,-0.6,1.0,-1.6,0,1,away_win
2025-26,2025-10-18,Manchester City,Everton,1654.9025631253865,1538.0802381870103,181.82232493837614,0.6,0.4,0.19999999999999996,0.2,0.4,-0.2,2.0,1.6,0.3999999999999999,2.2,1.4,0.8000000000000003,0.8,1.2,0.3999999999999999,1.4,0.2,1.2,2,0,home_win
2025-26,2025-10-18,Nottingham Forest,Chelsea,1495.8006425706562,1588.7181292702294,-27.917486699573146,0.0,0.4,-0.4,0.2,0.2,0.0,0.2,1.4,-1.2,0.2,1.6,-1.4000000000000001,2.0,1.6,-0.3999999999999999,-1.8,0.0,-1.8,0,3,away_win
2025-26,2025-10-18,Sunderland,Wolverhampton Wanderers FC,1506.617493952967,1430.0025303090401,141.61496364392679,0.4,0.0,0.4,0.4,0.4,0.0,1.6,0.4,1.2000000000000002,0.8,1.0,-0.19999999999999996,0.8,1.8,1.0,0.0,-0.8,0.8,2,0,home_win
2025-26,2025-10-19,Liverpool,Manchester United,1677.8707389714746,1488.9416053691357,253.92913360233888,0.6,0.6,0.0,0.0,0.0,0.0,1.8,1.8,0.0,1.2,1.6,-0.40000000000000013,1.0,1.8,0.8,0.2,-0.2,0.4,1,2,away_win
2025-26,2025-10-19,Tottenham Hotspur,Aston Villa,1521.9024201730087,1561.9905075369386,24.911912636070156,0.4,0.4,0.0,0.4,0.4,0.0,1.6,1.6,0.0,1.6,1.2,0.40000000000000013,1.0,1.2,0.19999999999999996,0.6,0.0,0.6,1,2,away_win
2025-26,2025-10-20,West Ham United FC,Brentford,1445.346470494596,1513.944852602447,-3.5983821078511937,0.2,0.2,0.0,0.2,0.2,0.0,0.8,0.8,0.0,1.0,1.4,-0.3999999999999999,1.6,1.8,0.19999999999999996,-0.6,-0.4,-0.19999999999999996,0,2,away_win
2025-26,2025-10-24,Leeds United,West Ham United FC,1438.0952290044463,1430.5018195837858,72.59340942066046,0.2,0.0,0.2,0.2,0.2,0.0,0.8,0.2,0.6000000000000001,1.2,0.4,0.7999999999999999,1.6,2.0,0.3999999999999999,-0.4,-1.6,1.2000000000000002,2,1,home_win
2025-26,2025-10-25,Brentford,Liverpool,1528.7895035132572,1661.6347853650368,-67.84528185177965,0.4,0.4,0.0,0.2,0.0,0.2,1.4,1.2,0.19999999999999996,1.6,1.2,0.40000000000000013,1.4,1.4,0.0,0.2,-0.2,0.4,3,2,home_win
2025-26,2025-10-25,Chelsea,Sunderland,1604.8149705973474,1515.8209913770247,153.99397922032267,0.4,0.4,0.0,0.2,0.4,-0.2,1.4,1.6,-0.20000000000000018,1.8,0.8,1.0,1.6,0.6,-1.0,0.2,0.2,0.0,1,2,away_win
2025-26,2025-10-25,Manchester United,Brighton & Hove Albion,1505.1775589755734,1564.6671088332234,5.51045014235001,0.6,0.4,0.19999999999999996,0.0,0.4,-0.4,1.8,1.6,0.19999999999999996,1.4,1.8,-0.40000000000000013,1.6,1.4,-0.20000000000000018,-0.2,0.4,-0.6000000000000001,4,2,home_win
2025-26,2025-10-25,Newcastle United,Fulham,1567.2621770878754,1494.0241568949598,138.23802019291566,0.4,0.4,0.0,0.2,0.0,0.2,1.4,1.2,0.19999999999999996,1.0,1.2,-0.19999999999999996,0.8,1.6,0.8,0.2,-0.4,0.6000000000000001,2,1,home_win
2025-26,2025-10-26,Arsenal,Crystal Palace,1687.0678497935883,1582.2239267005418,169.84392309304644,0.8,0.4,0.4,0.2,0.4,-0.2,2.6,1.6,1.0,1.8,1.6,0.19999999999999996,0.4,1.4,0.9999999999999999,1.4,0.2,1.2,1,0,home_win
2025-26,2025-10-26,Aston Villa,Manchester City,1572.7063037537996,1662.6986106348204,-24.992306881020795,0.6,0.8,-0.20000000000000007,0.4,0.2,0.2,2.2,2.6,-0.3999999999999999,1.6,2.4,-0.7999999999999998,0.8,0.4,-0.4,0.8,2.0,-1.2,1,0,home_win
2025-26,2025-10-26,Bournemouth,Nottingham Forest,1566.9863371503411,1479.7038012435382,152.28253590680288,0.4,0.0,0.4,0.6,0.2,0.39999999999999997,1.8,0.2,1.6,2.0,0.2,1.8,1.4,2.0,0.6000000000000001,0.6,-1.8,2.4,2,0,home_win
2025-26,2025-10-26,Everton,Tottenham Hotspur,1530.2841906775764,1511.1866239561477,84.09756672142862,0.2,0.4,-0.2,0.4,0.4,0.0,1.0,1.6,-0.6000000000000001,0.8,1.8,-1.0,1.2,1.2,0.0,-0.4,0.6,-1.0,0,3,away_win
2025-26,2025-10-26,Wolverhampton Wanderers FC,Burnley FC,1420.7990328849824,1420.9873819852019,64.81165089978049,0.0,0.2,-0.2,0.4,0.2,0.2,0.4,0.8,-0.4,0.6,1.0,-0.4,1.6,1.8,0.19999999999999996,-1.0,-0.8,-0.19999999999999996,2,3,away_win
2025-26,2025-11-01,Brighton & Hove Albion,Leeds United,1549.9049941434453,1446.0357061638965,168.86928797954874,0.4,0.4,0.0,0.4,0.2,0.2,1.6,1.4,0.20000000000000018,2.0,1.6,0.3999999999999999,1.8,1.6,-0.19999999999999996,0.2,0.0,0.2,3,0,home_win
2025-26,2025-11-01,Burnley FC,Arsenal,1432.8314703520505,1692.5348167897516,-194.70334643770116,0.4,0.8,-0.4,0.2,0.2,0.0,1.4,2.6,-1.2000000000000002,1.6,1.4,0.20000000000000018,2.0,0.4,-1.6,-0.4,1.0,-1.4,0,2,away_win
2025-26,2025-11-01,Crystal Palace,Brentford,1576.7569597043785,1540.7177997840438,101.03915992033467,0.4,0.6,-0.19999999999999996,0.2,0.0,0.2,1.4,1.8,-0.40000000000000013,1.6,1.8,-0.19999999999999996,1.6,1.4,-0.20000000000000018,0.0,0.4,-0.4,2,0,home_win
2025-26,2025-11-01,Fulham,Wolverhampton Wanderers FC,1487.8055009986592,1408.9549445181337,143.85055648052548,0.2,0.0,0.2,0.0,0.4,-0.4,0.6,0.4,0.19999999999999996,1.2,1.0,0.19999999999999996,2.0,2.0,0.0,-0.8,-1.0,0.19999999999999996,3,0,home_win
2025-26,2025-11-01,Liverpool,Aston Villa,1649.7064890942502,1583.424402009104,131.28208708514626,0.2,0.8,-0.6000000000000001,0.0,0.2,-0.2,0.6,2.6,-2.0,1.4,1.8,-0.40000000000000013,2.0,0.8,-1.2,-0.6,1.0,-1.6,2,0,home_win
2025-26,2025-11-01,Nottingham Forest,Manchester United,1470.8873705445533,1519.9396736653516,15.947696879201658,0.0,0.8,-0.8,0.2,0.0,0.2,0.2,2.4,-2.1999999999999997,0.2,2.2,-2.0,1.8,1.4,-0.40000000000000013,-1.6,0.8,-2.4000000000000004,2,2,draw
2025-26,2025-11-01,Tottenham Hotspur,Chelsea,1532.841705837457,1590.6517860875124,7.189919749944693,0.4,0.4,0.0,0.4,0.0,0.4,1.6,1.2,0.40000000000000013,1.8,1.6,0.19999999999999996,1.2,1.6,0.40000000000000013,0.6,0.0,0.6,0,1,away_win
2025-26,2025-11-02,Manchester City,Bournemouth,1651.980512379516,1575.802767849326,141.17774453019,0.6,0.4,0.19999999999999996,0.2,0.6,-0.39999999999999997,2.0,1.8,0.19999999999999996,1.8,2.0,-0.19999999999999996,0.6,1.2,0.6,1.2,0.8,0.3999999999999999,3,1,home_win
2025-26,2025-11-02,West Ham United FC,Newcastle United,1422.5613424243356,1573.480832984176,-85.91949055984037,0.0,0.4,-0.4,0.2,0.2,0.0,0.2,1.4,-1.2,0.6,1.2,-0.6,1.8,1.0,-0.8,-1.2,0.2,-1.4,3,1,home_win
2025-26,2025-11-03,Sunderland,Everton,1529.9841758868597,1508.629108796267,86.35506709059268,0.6,0.2,0.39999999999999997,0.2,0.2,0.0,2.0,0.8,1.2,1.2,0.8,0.3999999999999999,0.8,1.8,1.0,0.4,-1.0,1.4,1,1,draw
2025-26,2025-11-08,Chelsea,Wolverhampton Wanderers FC,1600.8586990768329,1398.3130812805,267.54561779633286,0.6,0.0,0.6,0.0,0.4,-0.4,1.8,0.4,1.4,1.6,0.8,0.8,1.2,2.0,0.8,0.4,-1.2,1.6,3,0,home_win
2025-26,2025-11-08,Everton,Fulham,1511.0646590810757,1498.447364236293,77.61729484478269,0.2,0.2,0.0,0.4,0.0,0.4,1.0,0.6,0.4,0.8,1.2,-0.3999999999999999,1.6,1.8,0.19999999999999996,-0.8,-0.6,-0.20000000000000007,2,0,home_win
2025-26,2025-11-08,Sunderland,Arsenal,1527.548625602051,1699.9106902205374,-107.36206461848633,0.6,1.0,-0.4,0.2,0.0,0.2,2.0,3.0,-1.0,1.2,1.6,-0.40000000000000013,0.8,0.2,-0.6000000000000001,0.4,1.4,-0.9999999999999999,2,2,draw
2025-26,2025-11-08,Tottenham Hotspur,Manchester United,1522.6347928481366,1520.3983631841716,67.23642966396505,0.4,0.6,-0.19999999999999996,0.2,0.2,0.0,1.4,2.0,-0.6000000000000001,1.4,2.2,-0.8000000000000003,1.0,1.6,0.6000000000000001,0.4,0.6,-0.19999999999999996,2,2,draw
2025-26,2025-11-08,West Ham United FC,Burnley FC,1441.1969726227778,1425.4555969212647,80.7413757015131,0.2,0.4,-0.2,0.2,0.0,0.2,0.8,1.2,-0.3999999999999999,1.0,1.4,-0.3999999999999999,1.6,2.2,0.6000000000000001,-0.6,-0.8,0.20000000000000007,3,2,home_win
2025-26,2025-11-09,Aston Villa,Bournemouth,1573.8371182626108,1566.5832051637842,72.25391309882662,0.8,0.4,0.4,0.0,0.4,-0.4,2.4,1.6,0.7999999999999998,1.6,2.2,-0.6000000000000001,1.0,1.8,0.8,0.6,0.4,0.19999999999999996,4,0,home_win
2025-26,2025-11-09,Brentford,Newcastle United,1529.9610585689788,1554.8452027857338,40.115855783245024,0.6,0.4,0.19999999999999996,0.0,0.0,0.0,1.8,1.2,0.6000000000000001,1.6,1.4,0.20000000000000018,1.2,1.6,0.40000000000000013,0.4,-0.2,0.6000000000000001,3,1,home_win
2025-26,2025-11-09,Crystal Palace,Brighton & Hove Albion,1587.5137009194434,1559.5112398886918,93.00246103075165,0.4,0.6,-0.19999999999999996,0.2,0.2,0.0,1.4,2.0,-0.6000000000000001,1.6,2.2,-0.6000000000000001,1.4,1.4,0.0,0.2,0.8,-0.6000000000000001,0,0,draw
2025-26,2025-11-09,Manchester City,Liverpool,1661.200075065058,1659.2937728407433,66.90630222431469,0.8,0.2,0.6000000000000001,0.0,0.0,0.0,2.4,0.6,1.7999999999999998,2.2,1.4,0.8000000000000003,0.6,1.8,1.2000000000000002,1.6,-0.4,2.0,3,0,home_win
2025-26,2025-11-09,Nottingham Forest,Leeds United,1470.4286810257333,1436.42946041865,98.99922060708332,0.0,0.2,-0.2,0.2,0.2,0.0,0.2,0.8,-0.6000000000000001,0.4,1.0,-0.6,2.0,2.0,0.0,-1.6,-1.0,-0.6000000000000001,3,1,home_win
2025-26,2025-11-22,Bournemouth,West Ham United FC,1551.6772625537649,1448.9140000396596,167.76326251410524,0.4,0.4,0.0,0.2,0.0,0.2,1.4,1.2,0.19999999999999996,1.8,1.4,0.40000000000000013,2.2,1.8,-0.40000000000000013,-0.4,-0.4,0.0,2,2,draw
2025-26,2025-11-22,Brighton & Hove Albion,Brentford,1562.1259116527137,1543.2367735660991,83.8891380866146,0.4,0.6,-0.19999999999999996,0.4,0.0,0.4,1.6,1.8,-0.19999999999999996,1.6,1.6,0.0,1.2,1.2,0.0,0.4,0.4,0.0,2,1,home_win
2025-26,2025-11-22,Burnley FC,Chelsea,1417.738569504383,1607.0368415881899,-124.29827208380698,0.4,0.8,-0.4,0.0,0.0,0.0,1.2,2.4,-1.2,1.6,2.0,-0.3999999999999999,1.8,0.6,-1.2000000000000002,-0.2,1.4,-1.5999999999999999,0,2,away_win
2025-26,2025-11-22,Fulham,Sunderland,1486.7437159331828,1530.5440135466188,21.199702386564013,0.2,0.4,-0.2,0.0,0.4,-0.4,0.6,1.6,-1.0,1.0,1.4,-0.3999999999999999,1.6,1.2,-0.40000000000000013,-0.6,0.2,-0.8,1,0,home_win
2025-26,2025-11-22,Liverpool,Nottingham Forest,1645.1227307727913,1481.266579610765,228.85615116202644,0.2,0.2,0.0,0.0,0.2,-0.2,0.6,0.8,-0.20000000000000007,1.2,1.0,0.19999999999999996,2.0,2.0,0.0,-0.8,-1.0,0.19999999999999996,0,3,away_win
2025-26,2025-11-22,Newcastle United,Manchester City,1541.5694877886135,1675.3711171330099,-68.80162934439636,0.4,0.8,-0.4,0.0,0.0,0.0,1.2,2.4,-1.2,1.4,1.8,-0.40000000000000013,1.8,0.4,-1.4,-0.4,1.4,-1.7999999999999998,2,1,home_win
2025-26,2025-11-22,Wolverhampton Wanderers FC,Crystal Palace,1392.134938769143,1584.8990291554214,-127.76409038627844,0.0,0.2,-0.2,0.2,0.4,-0.2,0.2,1.0,-0.8,0.6,1.2,-0.6,2.4,1.2,-1.2,-1.8,0.0,-1.8,0,2,away_win
2025-26,2025-11-23,Arsenal,Tottenham Hotspur,1696.9153022759697,1520.7233748321514,241.19192744381826,0.8,0.4,0.4,0.2,0.2,0.0,2.6,1.4,1.2000000000000002,1.6,1.6,0.0,0.4,1.2,0.7999999999999999,1.2,0.4,0.7999999999999999,4,1,home_win
2025-26,2025-11-23,Leeds United,Aston Villa,1425.5915618336185,1588.7430608726302,-98.1514990390117,0.2,0.8,-0.6000000000000001,0.0,0.0,0.0,0.6,2.4,-1.7999999999999998,0.8,1.8,-1.0,2.2,0.8,-1.4000000000000001,-1.4,1.0,-2.4,1,2,away_win
2025-26,2025-11-24,Manchester United,Everton,1522.3097812001567,1522.7683073841858,64.5414738159709,0.6,0.4,0.19999999999999996,0.4,0.2,0.2,2.2,1.4,0.8000000000000003,2.4,1.0,1.4,1.4,1.4,0.0,1.0,-0.4,1.4,0,1,away_win
2025-26,2025-11-29,Brentford,Burnley FC,1535.6054443998105,1407.8871505878021,192.71829381200837,0.6,0.4,0.19999999999999996,0.0,0.0,0.0,1.8,1.2,0.6000000000000001,1.8,1.4,0.40000000000000013,1.4,1.8,0.40000000000000013,0.4,-0.4,0.8,3,1,home_win
2025-26,2025-11-29,Everton,Newcastle United,1534.6048828000094,1553.5242723239483,46.08061047606111,0.4,0.4,0.0,0.2,0.0,0.2,1.4,1.2,0.19999999999999996,0.8,1.4,-0.5999999999999999,1.2,2.0,0.8,-0.4,-0.6,0.19999999999999996,1,4,away_win
2025-26,2025-11-29,Manchester City,Leeds United,1663.4163325976751,1418.343760055157,310.0725725425182,0.6,0.2,0.39999999999999997,0.0,0.0,0.0,1.8,0.6,1.2000000000000002,1.8,0.8,1.0,0.8,2.2,1.4000000000000001,1.0,-1.4,2.4,3,2,home_win
2025-26,2025-11-29,Sunderland,Bournemouth,1521.1534338961014,1547.1919390661371,38.961494829964295,0.4,0.2,0.2,0.4,0.4,0.0,1.6,1.0,0.6000000000000001,1.4,1.6,-0.20000000000000018,1.0,2.4,1.4,0.4,-0.8,1.2000000000000002,3,2,home_win
2025-26,2025-11-29,Tottenham Hotspur,Fulham,1513.7352279875802,1496.1342955837001,82.60093240388005,0.2,0.4,-0.2,0.2,0.0,0.2,0.8,1.2,-0.3999999999999999,1.4,1.0,0.3999999999999999,1.8,1.0,-0.8,-0.4,0.0,-0.4,1,2,away_win
2025-26,2025-11-30,Aston Villa,Wolverhampton Wanderers FC,1595.9908626510917,1382.415067979328,278.5757946717638,0.8,0.0,0.8,0.0,0.0,0.0,2.4,0.0,2.4,1.8,0.4,1.4,0.8,2.6,1.8,1.0,-2.2,3.2,1,0,home_win
2025-26,2025-11-30,Chelsea,Arsenal,1616.8882605047706,1703.903449120541,-22.015188615770285,0.8,0.8,0.0,0.0,0.2,-0.2,2.4,2.6,-0.20000000000000018,2.0,2.0,0.0,0.4,0.6,0.19999999999999996,1.6,1.4,0.20000000000000018,1,1,draw
2025-26,2025-11-30,Crystal Palace,Manchester United,1594.6188999452365,1510.4732057843332,149.1456941609033,0.4,0.4,0.0,0.4,0.4,0.0,1.6,1.6,0.0,1.4,2.0,-0.6000000000000001,0.8,1.6,0.8,0.6,0.4,0.19999999999999996,1,2,away_win
2025-26,2025-11-30,Nottingham Forest,Brighton & Hove Albion,1508.8727990382524,1569.7572408190024,4.115558219250033,0.4,0.6,-0.19999999999999996,0.2,0.2,0.0,1.4,2.0,-0.6000000000000001,1.6,1.8,-0.19999999999999996,1.6,1.2,-0.40000000000000013,0.0,0.6,-0.6,0,2,away_win
2025-26,2025-11-30,West Ham United FC,Liverpool,1453.3993235272874,1617.5165113453038,-99.11718781801642,0.4,0.2,0.2,0.2,0.0,0.2,1.4,0.6,0.7999999999999999,1.8,1.0,0.8,1.8,2.2,0.40000000000000013,0.0,-1.2,1.2,0,2,away_win
2025-26,2025-12-02,Bournemouth,Everton,1538.3086638550656,1514.7973608920756,88.51130296298993,0.2,0.4,-0.2,0.2,0.2,0.0,0.8,1.4,-0.5999999999999999,1.4,1.0,0.3999999999999999,2.4,1.6,-0.7999999999999998,-1.0,-0.6,-0.4,0,1,away_win
2025-26,2025-12-02,Fulham,Manchester City,1508.46793854788,1666.2902631506006,-92.82232460272053,0.6,0.6,0.0,0.0,0.0,0.0,1.8,1.8,0.0,1.4,2.0,-0.6000000000000001,1.0,1.2,0.19999999999999996,0.4,0.8,-0.4,4,5,away_win
2025-26,2025-12-02,Newcastle United,Tottenham Hotspur,1573.331794231882,1501.4015850234002,136.93020920848176,0.6,0.2,0.39999999999999997,0.0,0.2,-0.2,1.8,0.8,1.0,2.0,1.4,0.6000000000000001,1.8,1.8,0.0,0.2,-0.4,0.6000000000000001,2,2,draw
2025-26,2025-12-03,Arsenal,Brentford,1703.2706477498382,1543.045063403905,225.22558434593316,0.6,0.6,0.0,0.4,0.0,0.4,2.2,1.8,0.40000000000000013,2.0,2.0,0.0,0.8,1.6,0.8,1.2,0.4,0.7999999999999999,2,0,home_win
2025-26,2025-12-03,Brighton & Hove Albion,Aston Villa,1584.9349154401937,1599.3404128028792,50.59450263731446,0.6,0.8,-0.20000000000000007,0.2,0.0,0.2,2.0,2.4,-0.3999999999999999,1.8,1.6,0.19999999999999996,1.0,0.6,-0.4,0.8,1.0,-0.19999999999999996,3,4,away_win
2025-26,2025-12-03,Burnley FC,Crystal Palace,1400.4475315837076,1580.571740753693,-115.1242091699853,0.2,0.4,-0.2,0.0,0.2,-0.2,0.6,1.4,-0.7999999999999999,1.2,1.0,0.19999999999999996,2.4,0.6,-1.7999999999999998,-1.2,0.4,-1.6,0,1,away_win
2025-26,2025-12-03,Leeds United,Chelsea,1415.4698295022315,1617.5210618754734,-137.05123237324187,0.2,0.6,-0.39999999999999997,0.0,0.2,-0.2,0.6,2.0,-1.4,1.2,1.6,-0.40000000000000013,2.4,0.6,-1.7999999999999998,-1.2,1.0,-2.2,3,1,home_win
2025-26,2025-12-03,Liverpool,Sunderland,1628.349709441335,1530.036709107173,163.3130003341621,0.4,0.4,0.0,0.0,0.4,-0.4,1.2,1.6,-0.40000000000000013,1.2,1.6,-0.40000000000000013,1.8,1.4,-0.40000000000000013,-0.6,0.2,-0.8,1,1,draw
2025-26,2025-12-03,Wolverhampton Wanderers FC,Nottingham Forest,1379.0655178275404,1493.6951244170612,-49.62960658952079,0.0,0.4,-0.4,0.0,0.2,-0.2,0.0,1.4,-1.4,0.4,1.6,-1.2000000000000002,2.4,1.4,-1.0,-2.0,0.2,-2.2,0,1,away_win
2025-26,2025-12-04,Manchester United,West Ham United FC,1524.5203649758769,1442.566125431256,146.9542395446208,0.4,0.4,0.0,0.4,0.2,0.2,1.6,1.4,0.20000000000000018,2.0,1.8,0.19999999999999996,1.6,1.8,0.19999999999999996,0.4,0.0,0.4,1,1,draw
2025-26,2025-12-06,Aston Villa,Arsenal,1610.7864326525603,1709.7132736931846,-33.92684104062437,0.8,0.6,0.20000000000000007,0.0,0.4,-0.4,2.4,2.2,0.19999999999999973,2.2,2.2,0.0,1.2,0.8,-0.3999999999999999,1.0,1.4,-0.3999999999999999,2,1,home_win
2025-26,2025-12-06,Bournemouth,Chelsea,1525.8148223975547,1596.8930138273292,-6.078191429774506,0.0,0.6,-0.6,0.2,0.2,0.0,0.2,2.0,-1.8,1.0,1.6,-0.6000000000000001,2.6,0.8,-1.8,-1.6,0.8,-2.4000000000000004,0,0,draw
2025-26,2025-12-06,Everton,Nottingham Forest,1527.2912023495865,1502.2763066582775,90.014895691309,0.6,0.6,0.0,0.2,0.2,0.0,2.0,2.0,0.0,1.2,1.8,-0.6000000000000001,1.0,1.0,0.0,0.2,0.8,-0.6000000000000001,3,0,home_win
2025-26,2025-12-06,Leeds United,Liverpool,1436.0978775503756,1623.967291303986,-122.86941375361039,0.2,0.4,-0.2,0.0,0.2,-0.2,0.6,1.4,-0.7999999999999999,1.4,1.0,0.3999999999999999,2.4,1.4,-1.0,-1.0,-0.4,-0.6,3,3,draw
2025-26,2025-12-06,Manchester City,Sunderland,1673.6804223288168,1534.419127244522,204.26129508429472,0.8,0.2,0.6000000000000001,0.0,0.6,-0.6,2.4,1.2,1.2,3.0,1.4,1.6,1.8,1.4,-0.40000000000000013,1.2,0.0,1.2,3,0,home_win
2025-26,2025-12-06,Newcastle United,Burnley FC,1569.5827555437434,1393.6449013794245,240.93785416431888,0.4,0.0,0.4,0.2,0.0,0.2,1.4,0.0,1.4,2.0,0.6,1.4,2.0,2.2,0.20000000000000018,0.0,-1.6,1.6,2,1,home_win
2025-26,2025-12-06,Tottenham Hotspur,Brentford,1505.1506237115389,1536.6024374605586,33.54818625098028,0.0,0.4,-0.4,0.4,0.0,0.4,0.4,1.2,-0.7999999999999999,1.2,1.4,-0.19999999999999996,2.2,1.6,-0.6000000000000001,-1.0,-0.2,-0.8,2,0,home_win
2025-26,2025-12-07,Brighton & Hove Albion,West Ham United FC,1573.4888955905126,1446.5604065954929,191.92848899501973,0.6,0.4,0.19999999999999996,0.2,0.4,-0.2,2.0,1.6,0.3999999999999999,2.0,1.8,0.19999999999999996,1.0,1.6,0.6000000000000001,1.0,0.2,0.8,1,1,draw
2025-26,2025-12-07,Fulham,Crystal Palace,1501.0777793696639,1587.374370957976,-21.29659158831214,0.6,0.6,0.0,0.0,0.2,-0.2,1.8,2.0,-0.19999999999999996,2.0,1.2,0.8,1.6,0.4,-1.2000000000000002,0.4,0.8,-0.4,1,2,away_win
2025-26,2025-12-08,Wolverhampton Wanderers FC,Manchester United,1370.484335586324,1520.52608381164,-85.04174822531604,0.0,0.2,-0.2,0.0,0.6,-0.6,0.0,1.2,-1.2,0.0,1.4,-1.4,2.0,1.4,-0.6000000000000001,-2.0,0.0,-2.0,1,4,away_win
2025-26,2025-12-13,Arsenal,Wolverhampton Wanderers FC,1698.7398726657668,1357.1842649101623,406.55560775560457,0.4,0.0,0.4,0.4,0.0,0.4,1.6,0.0,1.6,2.0,0.2,1.8,1.2,2.2,1.0000000000000002,0.8,-2.0,2.8,2,1,home_win
2025-26,2025-12-13,Burnley FC,Fulham,1389.6469983021518,1491.689978010229,-37.042979708077155,0.0,0.4,-0.4,0.0,0.0,0.0,0.0,1.2,-1.2,0.8,1.6,-0.8,2.2,2.0,-0.20000000000000018,-1.4,-0.4,-0.9999999999999999,2,3,away_win
2025-26,2025-12-13,Chelsea,Everton,1596.7180872604774,1540.3560323931415,121.36205486733593,0.4,0.8,-0.4,0.4,0.0,0.4,1.6,2.4,-0.7999999999999998,1.4,1.6,-0.20000000000000018,0.8,0.8,0.0,0.6,0.8,-0.20000000000000007,2,0,home_win
2025-26,2025-12-13,Liverpool,Brighton & Hove Albion,1620.5712356920367,1568.4656184476817,117.10561724435502,0.2,0.4,-0.2,0.4,0.4,0.0,1.0,1.6,-0.6000000000000001,1.2,1.6,-0.40000000000000013,2.0,1.2,-0.8,-0.8,0.4,-1.2000000000000002,2,0,home_win
2025-26,2025-12-14,Brentford,Leeds United,1523.0463443460317,1439.493933162325,148.55241118370668,0.4,0.2,0.2,0.0,0.2,-0.2,1.2,0.8,0.3999999999999999,1.4,2.0,-0.6000000000000001,1.6,2.4,0.7999999999999998,-0.2,-0.4,0.2,1,1,draw
2025-26,2025-12-14,Crystal Palace,Manchester City,1596.762172317411,1681.933567478103,-20.1713951606921,0.6,0.8,-0.20000000000000007,0.2,0.0,0.2,2.0,2.4,-0.3999999999999999,1.2,3.0,-1.8,0.6,1.6,1.0,0.6,1.4,-0.7999999999999999,0,3,away_win
2025-26,2025-12-14,Nottingham Forest,Tottenham Hotspur,1489.2114766147224,1518.7067168260658,35.504759788656656,0.6,0.2,0.39999999999999997,0.0,0.4,-0.4,1.8,1.0,0.8,1.4,1.6,-0.20000000000000018,1.2,2.0,0.8,0.2,-0.4,0.6000000000000001,3,0,home_win
2025-26,2025-12-14,Sunderland,Newcastle United,1526.165982095236,1573.580658621016,17.585323474219877,0.2,0.6,-0.39999999999999997,0.4,0.2,0.2,1.0,2.0,-1.0,1.2,2.2,-1.0000000000000002,1.8,1.6,-0.19999999999999996,-0.6,0.6,-1.2,1,0,home_win
2025-26,2025-12-14,West Ham United FC,Aston Villa,1451.5836837383238,1621.759833679978,-105.17614994165433,0.2,1.0,-0.8,0.6,0.0,0.6,1.2,3.0,-1.8,1.4,2.6,-1.2000000000000002,1.6,1.0,-0.6000000000000001,-0.2,1.6,-1.8,2,3,away_win
2025-26,2025-12-15,Manchester United,Bournemouth,1533.826154487802,1525.9897489644065,72.83640552339534,0.4,0.0,0.4,0.4,0.4,0.0,1.6,0.4,1.2000000000000002,1.8,0.8,1.0,1.2,2.0,0.8,0.6,-1.2,1.7999999999999998,4,4,draw
2025-26,2025-12-20,Bournemouth,Burnley FC,1528.0559681698658,1380.7091593207583,212.34680884910745,0.0,0.0,0.0,0.6,0.0,0.6,0.6,0.0,0.6,1.6,0.8,0.8,2.0,2.2,0.20000000000000018,-0.4,-1.4,0.9999999999999999,1,1,draw
2025-26,2025-12-20,Brighton & Hove Albion,Sunderland,1558.3383314525406,1535.6602675787565,87.67806387378414,0.4,0.4,0.0,0.2,0.2,0.0,1.4,1.4,0.0,1.6,1.0,0.6000000000000001,1.6,1.4,-0.20000000000000018,0.0,-0.4,0.4,0,0,draw
2025-26,2025-12-20,Everton,Arsenal,1530.3924588693046,1700.496634576399,-105.10417570709433,0.6,0.6,0.0,0.0,0.2,-0.2,1.8,2.0,-0.19999999999999996,1.2,2.0,-0.8,1.2,1.0,-0.19999999999999996,0.0,1.0,-1.0,0,1,away_win
2025-26,2025-12-20,Leeds United,Crystal Palace,1443.5268034082856,1580.2770462760923,-71.75024286780672,0.2,0.6,-0.39999999999999997,0.4,0.0,0.4,1.0,1.8,-0.8,2.0,1.2,0.8,2.0,1.2,-0.8,0.0,0.0,0.0,4,1,home_win
2025-26,2025-12-20,Manchester City,West Ham United FC,1698.4186935194216,1444.5216936397496,318.89699987967197,0.8,0.0,0.8,0.0,0.6,-0.6,2.4,0.6,1.7999999999999998,3.0,1.2,1.8,1.6,1.8,0.19999999999999996,1.4,-0.6,2.0,3,0,home_win
2025-26,2025-12-20,Newcastle United,Chelsea,1564.0863731374955,1606.6816607843143,22.40471235318114,0.6,0.4,0.19999999999999996,0.2,0.4,-0.2,2.0,1.6,0.3999999999999999,2.0,1.2,0.8,1.2,0.8,-0.3999999999999999,0.8,0.4,0.4,2,2,draw
2025-26,2025-12-20,Tottenham Hotspur,Liverpool,1502.9888584981204,1630.6985226871777,-62.70966418905732,0.2,0.4,-0.2,0.2,0.4,-0.2,0.8,1.6,-0.8,1.2,1.6,-0.40000000000000013,2.2,1.4,-0.8000000000000003,-1.0,0.2,-1.2,1,2,away_win
2025-26,2025-12-20,Wolverhampton Wanderers FC,Brentford,1355.4275029995301,1519.013474100071,-98.58597110054097,0.0,0.2,-0.2,0.0,0.2,-0.2,0.0,0.8,-0.8,0.4,1.0,-0.6,2.0,1.6,-0.3999999999999999,-1.6,-0.6,-1.0,0,2,away_win
2025-26,2025-12-21,Aston Villa,Manchester United,1628.8218237785522,1531.7599352823427,162.06188849620958,1.0,0.4,0.6,0.0,0.4,-0.4,3.0,1.6,1.4,2.4,2.2,0.19999999999999973,1.4,1.6,0.20000000000000018,1.0,0.6,0.4,2,1,home_win
2025-26,2025-12-22,Fulham,Nottingham Forest,1500.6278169916225,1504.9293349426678,60.6984820489547,0.6,0.6,0.0,0.0,0.0,0.0,1.8,1.8,0.0,2.2,1.4,0.8000000000000003,2.0,1.0,-1.0,0.2,0.4,-0.2,1,0,home_win
2025-26,2025-12-26,Manchester United,Newcastle United,1526.113213578614,1563.442406063878,27.670807514735998,0.4,0.4,0.0,0.4,0.4,0.0,1.6,1.6,0.0,2.4,2.0,0.3999999999999999,1.8,1.4,-0.40000000000000013,0.6,0.6,0.0,1,0,home_win
2025-26,2025-12-27,Arsenal,Brighton & Hove Albion,1707.5605175579576,1555.8669944267876,216.69352313116997,0.6,0.2,0.39999999999999997,0.2,0.4,-0.2,2.0,1.0,1.0,1.4,1.2,0.19999999999999996,0.8,1.4,0.5999999999999999,0.6,-0.2,0.8,2,1,home_win
2025-26,2025-12-27,Brentford,Bournemouth,1529.8678458920526,1522.6063733734436,72.26147251860903,0.4,0.0,0.4,0.2,0.6,-0.39999999999999997,1.4,0.6,0.7999999999999999,1.2,1.4,-0.19999999999999996,1.2,1.8,0.6000000000000001,0.0,-0.4,0.4,4,1,home_win
2025-26,2025-12-27,Burnley FC,Everton,1386.1587541171805,1523.328575887746,-72.16982177056548,0.0,0.4,-0.4,0.2,0.0,0.2,0.2,1.2,-1.0,1.0,1.0,0.0,2.0,1.4,-0.6000000000000001,-1.0,-0.4,-0.6,0,0,draw
2025-26,2025-12-27,Chelsea,Aston Villa,1607.3256278579317,1634.468545482281,37.85708237565086,0.2,1.0,-0.8,0.6,0.0,0.6,1.2,3.0,-1.8,1.2,2.4,-1.2,1.2,1.4,0.19999999999999996,0.0,1.0,-1.0,1,2,away_win
2025-26,2025-12-27,Liverpool,Wolverhampton Wanderers FC,1638.9129415204495,1344.5731312075486,359.3398103129009,0.6,0.0,0.6,0.4,0.0,0.4,2.2,0.0,2.2,2.0,0.4,1.6,1.0,2.0,1.0,1.0,-1.6,2.6,2,1,home_win
2025-26,2025-12-27,Nottingham Forest,Manchester City,1496.6588178716427,1703.2332382956924,-141.57442042404978,0.4,1.0,-0.6,0.0,0.0,0.0,1.2,3.0,-1.8,0.8,3.4,-2.5999999999999996,1.2,1.2,0.0,-0.4,2.2,-2.6,1,2,away_win
2025-26,2025-12-27,West Ham United FC,Fulham,1439.7071488634788,1508.8983340626476,-4.191185199168785,0.0,0.6,-0.6,0.4,0.0,0.4,0.4,1.8,-1.4,0.8,2.2,-1.4000000000000001,2.0,2.0,0.0,-1.2,0.2,-1.4,0,1,away_win
2025-26,2025-12-28,Crystal Palace,Tottenham Hotspur,1559.213569658293,1494.7744396648486,129.43912999344434,0.4,0.2,0.2,0.0,0.2,-0.2,1.2,0.8,0.3999999999999999,1.0,1.2,-0.19999999999999996,2.0,1.8,-0.19999999999999996,-1.0,-0.6,-0.4,0,1,away_win
2025-26,2025-12-28,Sunderland,Leeds United,1538.1316046045094,1464.5902800260849,138.54132457842456,0.4,0.4,0.0,0.4,0.4,0.0,1.6,1.6,0.0,1.0,2.6,-1.6,1.2,1.8,0.6000000000000001,-0.2,0.8,-1.0,1,1,draw
2025-26,2025-12-30,Arsenal,Aston Villa,1712.023569218335,1645.5538680984776,131.46970111985752,0.8,1.0,-0.19999999999999996,0.0,0.0,0.0,2.4,3.0,-0.6000000000000001,1.6,2.6,-1.0,0.8,1.6,0.8,0.8,1.0,-0.19999999999999996,4,1,home_win
2025-26,2025-12-30,Burnley FC,Newcastle United,1388.206599331688,1554.2371562669694,-101.03055693528131,0.0,0.2,-0.2,0.4,0.4,0.0,0.4,1.0,-0.6,0.8,1.2,-0.3999999999999999,1.4,1.4,0.0,-0.6,-0.2,-0.39999999999999997,1,3,away_win
2025-26,2025-12-30,Chelsea,Bournemouth,1596.240305241735,1508.694525025885,152.54578021585007,0.2,0.0,0.2,0.4,0.6,-0.19999999999999996,1.0,0.6,0.4,1.2,1.2,0.0,1.4,2.0,0.6000000000000001,-0.2,-0.8,0.6000000000000001,2,2,draw
2025-26,2025-12-30,Manchester United,Wolverhampton Wanderers FC,1535.3184633755227,1342.3292561707992,257.98920720472347,0.4,0.0,0.4,0.4,0.0,0.4,1.6,0.0,1.6,2.2,0.6,1.6,1.6,2.2,0.6000000000000001,0.6,-1.6,2.2,1,1,draw
2025-26,2025-12-30,Nottingham Forest,Everton,1490.522160208144,1521.2807306732384,34.24142953490559,0.4,0.4,0.0,0.0,0.2,-0.2,1.2,1.4,-0.19999999999999996,1.0,0.8,0.19999999999999996,1.2,0.6,-0.6,-0.2,0.2,-0.4,0,2,away_win
2025-26,2025-12-30,West Ham United FC,Brighton & Hove Albion,1429.82777501935,1551.4039427664102,-56.57616774706025,0.0,0.0,0.0,0.4,0.4,0.0,0.4,0.4,0.0,0.8,1.0,-0.19999999999999996,1.8,1.8,0.0,-1.0,-0.8,-0.19999999999999996,2,2,draw
2025-26,2026-01-01,Brentford,Tottenham Hotspur,1543.7796942396112,1508.3366915427582,100.443002696853,0.4,0.4,0.0,0.2,0.2,0.0,1.4,1.4,0.0,1.4,1.2,0.19999999999999996,1.2,1.4,0.19999999999999996,0.2,-0.2,0.4,0,0,draw
2025-26,2026-01-01,Crystal Palace,Fulham,1545.6513177803834,1518.7777079067764,91.87360987360694,0.4,0.6,-0.19999999999999996,0.0,0.0,0.0,1.2,1.8,-0.6000000000000001,0.8,2.0,-1.2,1.8,1.8,0.0,-1.0,0.2,-1.2,1,1,draw
2025-26,2026-01-01,Liverpool,Leeds United,1641.156816557199,1468.3791032247123,237.77771333248666,0.6,0.4,0.19999999999999996,0.4,0.6,-0.19999999999999996,2.2,1.8,0.40000000000000013,2.0,2.4,-0.3999999999999999,1.2,1.4,0.19999999999999996,0.8,1.0,-0.19999999999999996,0,0,draw
2025-26,2026-01-01,Sunderland,Manchester City,1534.342781405882,1709.3698959591911,-110.02711455330905,0.2,1.0,-0.8,0.6,0.0,0.6,1.2,3.0,-1.8,0.6,3.2,-2.6,1.0,1.0,0.0,-0.4,2.2,-2.6,0,0,draw
2025-26,2026-01-03,Aston Villa,Nottingham Forest,1634.376921578823,1474.048606668826,225.32831490999683,0.8,0.2,0.6000000000000001,0.0,0.0,0.0,2.4,0.6,1.7999999999999998,2.0,0.8,1.2,1.8,1.6,-0.19999999999999996,0.2,-0.8,1.0,3,1,home_win
2025-26,2026-01-03,Bournemouth,Arsenal,1512.8231917761666,1723.2005157379897,-145.3773239618231,0.0,0.8,-0.8,0.8,0.0,0.8,0.8,2.4,-1.5999999999999999,1.6,2.0,-0.3999999999999999,2.2,1.0,-1.2000000000000002,-0.6,1.0,-1.6,2,3,away_win
2025-26,2026-01-03,Brighton & Hove Albion,Burnley FC,1549.789791887407,1377.4495164158245,237.34027547158257,0.0,0.0,0.0,0.6,0.4,0.19999999999999996,0.6,0.4,0.19999999999999996,0.8,1.0,-0.19999999999999996,1.4,1.8,0.40000000000000013,-0.6,-0.8,0.20000000000000007,2,0,home_win
2025-26,2026-01-03,Wolverhampton Wanderers FC,West Ham United FC,1348.6361054004003,1431.441925898353,-17.80582049795271,0.0,0.0,0.0,0.2,0.4,-0.2,0.2,0.4,-0.2,0.8,1.0,-0.19999999999999996,2.2,2.0,-0.20000000000000018,-1.4,-1.0,-0.3999999999999999,3,0,home_win
2025-26,2026-01-04,Everton,Brentford,1537.7542842125563,1540.9666483816131,61.787635830943145,0.4,0.4,0.0,0.2,0.4,-0.2,1.4,1.6,-0.20000000000000018,1.0,1.4,-0.3999999999999999,0.6,0.8,0.20000000000000007,0.4,0.6,-0.19999999999999996,2,4,away_win
2025-26,2026-01-04,Fulham,Liverpool,1521.3620843388833,1635.213226480142,-48.85114214125883,0.6,0.6,0.0,0.2,0.4,-0.2,2.0,2.2,-0.20000000000000018,1.4,1.8,-0.40000000000000013,1.0,1.0,0.0,0.4,0.8,-0.4,2,2,draw
2025-26,2026-01-04,Leeds United,Manchester United,1474.322693301769,1529.0116141459216,10.311079155847438,0.2,0.4,-0.2,0.8,0.4,0.4,1.4,1.6,-0.20000000000000018,1.8,2.2,-0.40000000000000013,1.2,1.6,0.40000000000000013,0.6,0.6,0.0,1,1,draw
2025-26,2026-01-04,Manchester City,Chelsea,1706.3048454951079,1592.1116384914535,179.19320700365438,0.8,0.2,0.6000000000000001,0.2,0.6,-0.39999999999999997,2.6,1.2,1.4000000000000001,2.2,1.4,0.8000000000000003,0.2,1.2,1.0,2.0,0.2,1.8,1,1,draw
2025-26,2026-01-04,Newcastle United,Crystal Palace,1564.9942391828329,1543.0669413482765,86.92729783455638,0.4,0.2,0.2,0.2,0.2,0.0,1.4,0.8,0.5999999999999999,1.4,0.8,0.5999999999999999,1.2,2.0,0.8,0.2,-1.2,1.4,2,0,home_win
2025-26,2026-01-04,Tottenham Hotspur,Sunderland,1511.1497374007563,1537.4078318699653,38.74190553079097,0.4,0.2,0.2,0.2,0.6,-0.39999999999999997,1.4,1.2,0.19999999999999996,0.8,0.4,0.4,1.0,0.8,-0.19999999999999996,-0.2,-0.4,0.2,1,1,draw
2025-26,2026-01-06,West Ham United FC,Nottingham Forest,1413.0458480300142,1467.6089719612473,10.436876068766878,0.0,0.2,-0.2,0.2,0.0,0.2,0.2,0.6,-0.39999999999999997,0.8,1.0,-0.19999999999999996,2.4,1.6,-0.7999999999999998,-1.6,-0.6,-1.0,1,2,away_win
2025-26,2026-01-07,Bournemouth,Tottenham Hotspur,1506.7792578584194,1510.0392545209522,61.740003337467215,0.0,0.2,-0.2,0.6,0.4,0.19999999999999996,0.6,1.0,-0.4,2.0,0.6,1.4,2.8,1.2,-1.5999999999999999,-0.8,-0.6,-0.20000000000000007,3,2,home_win
2025-26,2026-01-07,Brentford,Sunderland,1558.606463959752,1538.5183147497694,85.0881492099827,0.6,0.2,0.39999999999999997,0.4,0.8,-0.4,2.2,1.4,0.8000000000000003,2.2,0.6,1.6,0.8,0.4,-0.4,1.4,0.2,1.2,3,0,home_win
2025-26,2026-01-07,Burnley FC,Manchester United,1371.3526782961114,1529.3083037609688,-92.95562546485735,0.0,0.2,-0.2,0.4,0.6,-0.19999999999999996,0.4,1.2,-0.7999999999999999,0.8,1.6,-0.8,1.8,1.6,-0.19999999999999996,-1.0,0.0,-1.0,2,2,draw
2025-26,2026-01-07,Crystal Palace,Aston Villa,1531.7434971347625,1640.8165562864017,-44.0730591516392,0.0,0.8,-0.8,0.2,0.0,0.2,0.2,2.4,-2.1999999999999997,0.4,2.2,-1.8000000000000003,2.2,1.8,-0.40000000000000013,-1.8,0.4,-2.2,0,0,draw
2025-26,2026-01-07,Everton,Wolverhampton Wanderers FC,1520.1144686344173,1367.0321832687391,218.08228536567822,0.2,0.2,0.0,0.2,0.2,0.0,0.8,0.8,0.0,0.8,1.2,-0.3999999999999999,1.4,1.4,0.0,-0.6,-0.2,-0.39999999999999997,1,1,draw
2025-26,2026-01-07,Fulham,Chelsea,1522.7589401875541,1596.8558441546993,-9.096903967145181,0.6,0.2,0.39999999999999997,0.4,0.6,-0.19999999999999996,2.2,1.2,1.0000000000000002,1.6,1.6,0.0,1.0,1.4,0.3999999999999999,0.6,0.2,0.39999999999999997,2,1,home_win
2025-26,2026-01-07,Manchester City,Brighton & Hove Albion,1701.560639831862,1555.8866300071202,210.67400982474192,0.6,0.2,0.39999999999999997,0.4,0.4,0.0,2.2,1.0,1.2000000000000002,1.8,1.0,0.8,0.4,1.2,0.7999999999999999,1.4,-0.2,1.5999999999999999,1,1,draw
2025-26,2026-01-07,Newcastle United,Leeds United,1576.3176833963469,1474.0260036867219,167.291679709625,0.4,0.2,0.2,0.2,0.8,-0.6000000000000001,1.4,1.4,0.0,1.4,1.4,0.0,1.0,0.8,-0.19999999999999996,0.4,0.6,-0.19999999999999996,4,3,home_win
2025-26,2026-01-08,Arsenal,Liverpool,1729.2444496557368,1633.8163706314713,160.42807902426557,1.0,0.6,0.4,0.0,0.4,-0.4,3.0,2.2,0.7999999999999998,2.4,1.6,0.7999999999999998,1.0,0.8,-0.19999999999999996,1.4,0.8,0.5999999999999999,0,0,draw
2025-26,2026-01-17,Chelsea,Brentford,1586.5940740273927,1571.904332149716,79.68974187767662,0.0,0.8,-0.8,0.6,0.2,0.39999999999999997,0.6,2.6,-2.0,1.4,2.6,-1.2000000000000002,1.8,0.6,-1.2000000000000002,-0.4,2.0,-2.4,2,0,home_win
2025-26,2026-01-17,Leeds United,Fulham,1468.5004780142815,1533.0207103148607,0.47976769942079045,0.2,0.6,-0.39999999999999997,0.6,0.4,0.19999999999999996,1.2,2.2,-1.0000000000000002,1.8,1.4,0.40000000000000013,1.4,0.8,-0.5999999999999999,0.4,0.6,-0.19999999999999996,1,0,home_win
2025-26,2026-01-17,Liverpool,Burnley FC,1638.1314578989268,1373.966094138517,329.1653637604097,0.4,0.0,0.4,0.6,0.6,0.0,1.8,0.6,1.2000000000000002,1.2,0.8,0.3999999999999999,0.8,1.6,0.8,0.4,-0.8,1.2000000000000002,1,1,draw
2025-26,2026-01-17,Manchester United,Manchester City,1526.6948879185632,1696.1449821000722,-104.45009418150903,0.2,0.4,-0.2,0.6,0.6,0.0,1.2,1.8,-0.6000000000000001,1.2,1.4,-0.19999999999999996,1.2,0.6,-0.6,0.0,0.8,-0.8,2,0,home_win
2025-26,2026-01-17,Nottingham Forest,Arsenal,1477.909279076347,1724.9293623882813,-182.0200833119343,0.2,0.8,-0.6000000000000001,0.0,0.2,-0.2,0.6,2.6,-2.0,0.8,2.0,-1.2,1.8,0.8,-1.0,-1.0,1.2,-2.2,0,0,draw
2025-26,2026-01-17,Sunderland,Crystal Palace,1525.2204465598054,1533.0052610853556,57.215185474449754,0.0,0.0,0.0,0.8,0.4,0.4,0.8,0.4,0.4,0.4,0.4,0.0,1.0,1.6,0.6000000000000001,-0.6,-1.2,0.6,2,1,home_win
2025-26,2026-01-17,Tottenham Hotspur,West Ham United FC,1501.797803028969,1402.7455409149145,164.05226211405443,0.2,0.0,0.2,0.4,0.2,0.2,1.0,0.2,0.8,1.0,0.6,0.4,1.2,2.2,1.0000000000000002,-0.2,-1.6,1.4000000000000001,1,2,away_win
2025-26,2026-01-18,Aston Villa,Everton,1639.5547923358085,1514.5498643307833,190.00492800502525,0.6,0.2,0.39999999999999997,0.2,0.4,-0.2,2.0,1.0,1.0,1.6,1.0,0.6000000000000001,1.4,1.2,-0.19999999999999996,0.2,-0.2,0.4,0,1,away_win
2025-26,2026-01-18,Wolverhampton Wanderers FC,Newcastle United,1372.5967875723732,1581.8432090687872,-144.2464214964141,0.2,0.6,-0.39999999999999997,0.4,0.2,0.2,1.0,2.0,-1.0,1.2,2.2,-1.0000000000000002,1.2,1.4,0.19999999999999996,0.0,0.8,-0.8,0,0,draw
2025-26,2026-01-19,Brighton & Hove Albion,Bournemouth,1561.30228773891,1515.0207093504027,111.28157838850734,0.2,0.2,0.0,0.6,0.4,0.19999999999999996,1.2,1.0,0.19999999999999996,1.2,1.8,-0.6000000000000001,1.0,2.4,1.4,0.2,-0.6,0.8,1,1,draw
2025-26,2026-01-24,Bournemouth,Liverpool,1518.1184378545,1630.7453568267754,-47.62691897227546,0.2,0.2,0.0,0.4,0.8,-0.4,1.0,1.4,-0.3999999999999999,1.8,1.0,0.8,2.4,0.8,-1.5999999999999999,-0.6,0.2,-0.8,3,2,home_win
2025-26,2026-01-24,Burnley FC,Tottenham Hotspur,1381.3521952106685,1487.3982097692265,-41.046014558558,0.0,0.2,-0.2,0.6,0.4,0.19999999999999996,0.6,1.0,-0.4,0.8,1.0,-0.19999999999999996,1.6,1.2,-0.40000000000000013,-0.8,-0.2,-0.6000000000000001,2,2,draw
2025-26,2026-01-24,Fulham,Brighton & Hove Albion,1523.0345191304934,1558.204559234813,29.82995989568053,0.4,0.2,0.2,0.4,0.6,-0.19999999999999996,1.6,1.2,0.40000000000000013,1.2,1.4,-0.19999999999999996,1.0,1.2,0.19999999999999996,0.2,0.2,0.0,2,1,home_win
2025-26,2026-01-24,Manchester City,Wolverhampton Wanderers FC,1676.766625362443,1376.525362584717,365.241262777726,0.2,0.2,0.0,0.6,0.6,0.0,1.2,1.2,0.0,0.8,1.2,-0.3999999999999999,1.0,0.8,-0.19999999999999996,-0.2,0.4,-0.6000000000000001,2,0,home_win
2025-26,2026-01-24,West Ham United FC,Sunderland,1417.145134174657,1533.5883878199295,-51.443253645272534,0.2,0.2,0.0,0.2,0.6,-0.39999999999999997,0.8,1.2,-0.3999999999999999,1.0,0.8,0.19999999999999996,1.8,1.2,-0.6000000000000001,-0.8,-0.4,-0.4,3,1,home_win
2025-26,2026-01-25,Arsenal,Manchester United,1720.1223495122754,1546.0732446561924,239.04910485608298,0.6,0.4,0.19999999999999996,0.4,0.6,-0.19999999999999996,2.2,1.8,0.40000000000000013,1.8,1.4,0.40000000000000013,0.8,0.8,0.0,1.0,0.6,0.4,2,3,away_win
2025-26,2026-01-25,Brentford,Nottingham Forest,1560.285725085953,1482.716291952353,142.5694331335999,0.6,0.2,0.39999999999999997,0.2,0.2,0.0,2.0,0.8,1.2,2.2,0.8,1.4000000000000001,1.0,1.6,0.6000000000000001,1.2,-0.8,2.0,0,2,away_win
2025-26,2026-01-25,Crystal Palace,Chelsea,1524.6373198252315,1598.212681091156,-8.575361265924357,0.0,0.2,-0.2,0.4,0.4,0.0,0.4,1.0,-0.6,0.4,1.4,-0.9999999999999999,1.2,1.4,0.19999999999999996,-0.8,0.0,-0.8,1,3,away_win
2025-26,2026-01-25,Newcastle United,Aston Villa,1577.9146340564434,1624.573024439833,18.341609616610413,0.6,0.4,0.19999999999999996,0.2,0.2,0.0,2.0,1.4,0.6000000000000001,1.8,1.2,0.6000000000000001,1.0,1.4,0.3999999999999999,0.8,-0.2,1.0,0,2,away_win
2025-26,2026-01-26,Everton,Leeds United,1529.5316322267588,1478.4866691986488,116.04496302811003,0.4,0.2,0.2,0.4,0.6,-0.19999999999999996,1.6,1.2,0.40000000000000013,1.2,1.2,0.0,1.0,1.2,0.19999999999999996,0.2,0.0,0.2,1,1,draw
2025-26,2026-01-31,Brighton & Hove Albion,Everton,1549.061031032385,1526.3104904902893,87.75054054209568,0.2,0.4,-0.2,0.6,0.4,0.19999999999999996,1.2,1.6,-0.40000000000000013,1.4,1.4,0.0,1.2,1.2,0.0,0.2,0.2,0.0,1,1,draw
2025-26,2026-01-31,Chelsea,West Ham United FC,1612.8425281466111,1434.3500285289301,243.492499617681,0.4,0.4,0.0,0.4,0.2,0.2,1.6,1.4,0.20000000000000018,1.8,1.6,0.19999999999999996,1.2,1.8,0.6000000000000001,0.6,-0.2,0.8,3,2,home_win
2025-26,2026-01-31,Leeds United,Arsenal,1481.7078109351182,1704.15514446065,-157.4473335255318,0.2,0.4,-0.2,0.6,0.4,0.19999999999999996,1.2,1.6,-0.40000000000000013,1.2,1.8,-0.6000000000000001,1.2,1.2,0.0,0.0,0.6,-0.6,0,4,away_win
2025-26,2026-01-31,Liverpool,Newcastle United,1619.3830662966445,1562.123497925743,122.25956837090143,0.0,0.6,-0.6,0.8,0.2,0.6000000000000001,0.8,2.0,-1.2,1.0,1.8,-0.8,1.2,1.2,0.0,-0.2,0.6,-0.8,4,1,home_win
2025-26,2026-01-31,Wolverhampton Wanderers FC,Bournemouth,1373.2597337887714,1529.4807283846308,-91.22099459585934,0.2,0.4,-0.2,0.6,0.4,0.19999999999999996,1.2,1.6,-0.40000000000000013,1.0,2.2,-1.2000000000000002,0.8,2.0,1.2,0.2,0.2,0.0,0,2,away_win
2025-26,2026-02-01,Aston Villa,Brentford,1640.3641605705334,1539.454205601878,165.90995496865548,0.4,0.4,0.0,0.2,0.2,0.0,1.4,1.4,0.0,1.2,1.4,-0.19999999999999996,1.2,1.2,0.0,0.0,0.2,-0.2,0,1,away_win
2025-26,2026-02-01,Manchester United,Fulham,1562.0404497078177,1532.1780473329213,94.86240237489642,0.4,0.4,0.0,0.6,0.4,0.19999999999999996,1.8,1.6,0.19999999999999996,1.8,1.4,0.40000000000000013,1.2,1.2,0.0,0.6,0.2,0.39999999999999997,3,2,home_win
2025-26,2026-02-01,Nottingham Forest,Crystal Palace,1503.547811436428,1510.0074727697763,58.54033866665168,0.4,0.0,0.4,0.2,0.4,-0.2,1.4,0.4,0.9999999999999999,1.0,0.6,0.4,1.2,1.6,0.40000000000000013,-0.2,-1.0,0.8,1,1,draw
2025-26,2026-02-01,Tottenham Hotspur,Manchester City,1486.222276271078,1680.0322541583885,-128.80997788731042,0.0,0.2,-0.2,0.6,0.6,0.0,0.6,1.2,-0.6,1.2,0.8,0.3999999999999999,1.6,0.8,-0.8,-0.4,0.0,-0.4,2,2,draw
2025-26,2026-02-02,Sunderland,Burnley FC,1516.3834934656563,1382.528128708817,198.85536475683944,0.2,0.0,0.2,0.4,0.6,-0.19999999999999996,1.0,0.6,0.4,0.8,1.2,-0.3999999999999999,1.6,2.0,0.3999999999999999,-0.8,-0.8,0.0,3,0,home_win
2025-26,2026-02-06,Leeds United,Nottingham Forest,1470.917207316453,1501.8786509258648,34.038556390588155,0.2,0.4,-0.2,0.4,0.4,0.0,1.0,1.6,-0.6000000000000001,1.2,1.2,0.0,2.0,1.0,-1.0,-0.8,0.2,-1.0,3,1,home_win
2025-26,2026-02-07,Arsenal,Sunderland,1714.9457480793153,1524.8345178782945,255.11123020102082,0.4,0.4,0.0,0.4,0.2,0.2,1.6,1.4,0.20000000000000018,1.8,1.4,0.40000000000000013,1.0,1.6,0.6000000000000001,0.8,-0.2,1.0,3,0,home_win
2025-26,2026-02-07,Bournemouth,Aston Villa,1540.6304702891182,1625.9215498431115,-20.291079553993313,0.6,0.4,0.19999999999999996,0.2,0.2,0.0,2.0,1.4,0.6000000000000001,2.2,1.0,1.2000000000000002,1.6,0.6,-1.0,0.6,0.4,0.19999999999999996,1,1,draw
2025-26,2026-02-07,Burnley FC,West Ham United FC,1374.0771042961787,1430.3989577277637,8.678146568415059,0.0,0.4,-0.4,0.6,0.0,0.6,0.6,1.2,-0.6,1.0,1.6,-0.6000000000000001,2.0,2.0,0.0,-1.0,-0.4,-0.6,0,2,away_win
2025-26,2026-02-07,Fulham,Everton,1524.8425225089175,1528.783786055834,61.058736453083384,0.4,0.2,0.2,0.2,0.6,-0.39999999999999997,1.4,1.2,0.19999999999999996,1.6,1.2,0.40000000000000013,1.6,1.4,-0.20000000000000018,0.0,-0.2,0.2,1,2,away_win
2025-26,2026-02-07,Manchester United,Tottenham Hotspur,1569.3759745318216,1489.7687074047994,144.60726712702217,0.6,0.0,0.6,0.4,0.6,-0.19999999999999996,2.2,0.6,1.6,2.2,1.6,0.6000000000000001,1.4,2.0,0.6000000000000001,0.8,-0.4,1.2000000000000002,2,0,home_win
2025-26,2026-02-07,Newcastle United,Brentford,1550.539404423574,1553.8968163292998,61.64258809427429,0.4,0.6,-0.19999999999999996,0.2,0.0,0.2,1.4,1.8,-0.40000000000000013,1.4,1.6,-0.20000000000000018,1.8,1.2,-0.6000000000000001,-0.4,0.4,-0.8,2,3,away_win
2025-26,2026-02-07,Wolverhampton Wanderers FC,Chelsea,1362.109991884284,1616.7935989477776,-189.68360706349358,0.2,0.6,-0.39999999999999997,0.4,0.2,0.2,1.0,2.0,-1.0,0.8,2.0,-1.2,1.0,1.2,0.19999999999999996,-0.2,0.8,-1.0,1,3,away_win
2025-26,2026-02-08,Brighton & Hove Albion,Crystal Palace,1546.5877354668403,1511.6766332803395,99.91110218650078,0.2,0.0,0.2,0.6,0.4,0.19999999999999996,1.2,0.4,0.7999999999999999,1.2,0.6,0.6,1.0,1.6,0.6000000000000001,0.2,-1.0,1.2,0,1,away_win
2025-26,2026-02-08,Liverpool,Manchester City,1630.9671597988136,1676.485823024667,19.481336774146484,0.2,0.2,0.0,0.6,0.6,0.0,1.2,1.2,0.0,1.8,1.2,0.6000000000000001,1.4,1.2,-0.19999999999999996,0.4,0.0,0.4,1,2,away_win
2025-26,2026-02-10,Chelsea,Leeds United,1624.3313815599124,1484.4523284853565,204.87905307455594,0.8,0.4,0.4,0.0,0.2,-0.2,2.4,1.4,1.0,2.4,1.6,0.7999999999999998,1.2,2.0,0.8,1.2,-0.4,1.6,2,2,draw
2025-26,2026-02-10,Everton,Bournemouth,1540.5233259859651,1541.213831405127,64.30949458083819,0.4,0.6,-0.19999999999999996,0.6,0.4,0.19999999999999996,1.8,2.2,-0.40000000000000013,1.2,2.0,-0.8,0.8,1.2,0.3999999999999999,0.4,0.8,-0.4,1,2,away_win
2025-26,2026-02-10,Tottenham Hotspur,Newcastle United,1480.6747390935486,1538.7835731771202,6.891165916428463,0.0,0.2,-0.2,0.4,0.2,0.2,0.4,0.8,-0.4,1.4,1.4,0.0,2.2,2.4,0.19999999999999973,-0.8,-1.0,0.19999999999999996,1,2,away_win
2025-26,2026-02-10,West Ham United FC,Manchester United,1445.7735455357624,1578.4699428430724,-67.69639730731001,0.6,0.8,-0.20000000000000007,0.0,0.2,-0.2,1.8,2.6,-0.8,2.0,2.4,-0.3999999999999999,1.4,1.2,-0.19999999999999996,0.6,1.2,-0.6,1,1,draw
2025-26,2026-02-11,Aston Villa,Brighton & Hove Albion,1625.3381887271028,1533.7887935373014,156.54939518980132,0.2,0.0,0.2,0.4,0.6,-0.19999999999999996,1.0,0.6,0.4,0.6,0.8,-0.20000000000000007,0.6,1.2,0.6,0.0,-0.4,0.4,1,0,home_win
2025-26,2026-02-11,Crystal Palace,Burnley FC,1524.4755752098783,1358.70251648818,230.77305872169836,0.2,0.0,0.2,0.4,0.6,-0.19999999999999996,1.0,0.6,0.4,0.8,1.0,-0.19999999999999996,1.2,2.0,0.8,-0.4,-1.0,0.6,2,3,away_win
2025-26,2026-02-11,Manchester City,Fulham,1687.045954067321,1513.1029825787864,238.94297148853457,0.4,0.4,0.0,0.4,0.0,0.4,1.6,1.2,0.40000000000000013,1.4,1.4,0.0,1.2,1.6,0.40000000000000013,0.2,-0.2,0.4,3,0,home_win
2025-26,2026-02-11,Nottingham Forest,Wolverhampton Wanderers FC,1488.3435297569613,1354.5722092721492,198.77132048481212,0.4,0.0,0.4,0.4,0.4,0.0,1.6,0.4,1.2000000000000002,1.2,0.4,0.7999999999999999,1.0,1.6,0.6000000000000001,0.2,-1.2,1.4,0,0,draw
2025-26,2026-02-11,Sunderland,Liverpool,1518.283746781943,1620.4070287561597,-37.12328197421675,0.4,0.2,0.2,0.0,0.4,-0.4,1.2,1.0,0.19999999999999996,1.2,1.6,-0.40000000000000013,2.0,1.4,-0.6000000000000001,-0.8,0.2,-1.0,0,1,away_win
2025-26,2026-02-12,Brentford,Arsenal,1565.6526475757537,1721.496519175667,-90.8438715999132,0.6,0.4,0.19999999999999996,0.0,0.4,-0.4,1.8,1.6,0.19999999999999996,1.4,1.8,-0.40000000000000013,1.2,0.6,-0.6,0.2,1.2,-1.0,1,1,draw
2025-26,2026-02-18,Wolverhampton Wanderers FC,Arsenal,1359.7412800346267,1718.939822575074,-294.1985425404473,0.0,0.4,-0.4,0.4,0.4,0.0,0.4,1.6,-1.2000000000000002,0.2,2.0,-1.8,1.4,0.8,-0.5999999999999999,-1.2,1.2,-2.4,2,2,draw
2025-26,2026-02-21,Aston Villa,Leeds United,1631.1143880357192,1489.7490497264623,206.3653383092569,0.4,0.4,0.0,0.2,0.4,-0.2,1.4,1.6,-0.20000000000000018,0.8,1.4,-0.5999999999999999,0.6,1.6,1.0,0.2,-0.2,0.4,1,1,draw
2025-26,2026-02-21,Brentford,Brighton & Hove Albion,1568.2093441763466,1528.012594228685,105.1967499476616,0.4,0.0,0.4,0.2,0.4,-0.2,1.4,0.4,0.9999999999999999,1.0,0.6,0.4,1.4,1.2,-0.19999999999999996,-0.4,-0.6,0.19999999999999996,0,2,away_win
2025-26,2026-02-21,Chelsea,Burnley FC,1619.0346603188066,1374.5141544475787,309.5205058712279,0.8,0.2,0.6000000000000001,0.2,0.4,-0.2,2.6,1.0,1.6,2.6,1.2,1.4000000000000001,1.2,2.0,0.8,1.4,-0.8,2.2,1,1,draw
2025-26,2026-02-21,Manchester City,Newcastle United,1694.106788170481,1548.981890870501,210.12489729997992,0.6,0.2,0.39999999999999997,0.2,0.2,0.0,2.0,0.8,1.2,1.8,1.0,0.8,1.0,2.0,1.0,0.8,-1.0,1.8,2,1,home_win
2025-26,2026-02-21,West Ham United FC,Bournemouth,1447.6977155634593,1553.0439543439825,-40.34623878052321,0.6,0.6,0.0,0.2,0.4,-0.2,2.0,2.2,-0.20000000000000018,2.0,1.8,0.19999999999999996,1.2,1.0,-0.19999999999999996,0.8,0.8,0.0,0,0,draw
2025-26,2026-02-22,Crystal Palace,Wolverhampton Wanderers FC,1508.6639372504796,1366.6350705090656,207.02886674141405,0.2,0.0,0.2,0.2,0.4,-0.2,0.8,0.4,0.4,1.2,0.6,0.6,1.8,1.8,0.0,-0.6,-1.2,0.6,1,0,home_win
2025-26,2026-02-22,Nottingham Forest,Liverpool,1483.1744589944838,1629.3425825842762,-81.16812358979246,0.2,0.4,-0.2,0.6,0.2,0.39999999999999997,1.2,1.4,-0.19999999999999996,0.8,1.8,-1.0,0.8,1.4,0.5999999999999999,0.0,0.4,-0.4,0,1,away_win
2025-26,2026-02-22,Sunderland,Fulham,1509.3481929538264,1506.0421484756264,68.30604447819996,0.4,0.2,0.2,0.0,0.0,0.0,1.2,0.6,0.6,1.2,1.0,0.19999999999999996,1.6,2.0,0.3999999999999999,-0.4,-1.0,0.6,1,3,away_win
2025-26,2026-02-22,Tottenham Hotspur,Arsenal,1470.4764214001677,1712.046032100635,-176.56961070046736,0.0,0.4,-0.4,0.4,0.4,0.0,0.4,1.6,-1.2000000000000002,1.2,2.4,-1.2,2.0,1.2,-0.8,-0.8,1.2,-2.0,1,4,away_win
2025-26,2026-02-23,Everton,Manchester United,1528.6932030471096,1576.5457728153756,17.147430231734006,0.4,0.8,-0.4,0.4,0.2,0.2,1.6,2.6,-1.0,1.2,2.2,-1.0000000000000002,1.0,1.0,0.0,0.2,1.2,-1.0,0,1,away_win
2025-26,2026-02-27,Wolverhampton Wanderers FC,Aston Villa,1361.9761627306752,1625.7869595143789,-198.8107967837036,0.0,0.4,-0.4,0.4,0.4,0.0,0.4,1.6,-1.2000000000000002,0.6,1.0,-0.4,1.6,0.6,-1.0,-1.0,0.4,-1.4,2,0,home_win
2025-26,2026-02-28,Bournemouth,Sunderland,1551.8878881744288,1491.4366004102553,125.45128776417346,0.6,0.2,0.39999999999999997,0.4,0.0,0.4,2.2,0.6,1.6,1.6,1.0,0.6000000000000001,0.8,2.0,1.2,0.8,-1.0,1.8,1,1,draw
2025-26,2026-02-28,Burnley FC,Brentford,1381.6323942352192,1548.8015167344845,-102.16912249926531,0.2,0.4,-0.2,0.4,0.2,0.2,1.0,1.4,-0.3999999999999999,1.2,1.0,0.19999999999999996,2.0,1.4,-0.6000000000000001,-0.8,-0.4,-0.4,3,4,away_win
2025-26,2026-02-28,Leeds United,Manchester City,1495.0764782478027,1698.70230930258,-138.62583105477734,0.2,0.8,-0.6000000000000001,0.6,0.2,0.39999999999999997,1.2,2.6,-1.4000000000000001,1.4,2.2,-0.8000000000000003,1.8,0.8,-1.0,-0.4,1.4,-1.7999999999999998,0,1,away_win
2025-26,2026-02-28,Liverpool,West Ham United FC,1637.04797065391,1448.853781733013,253.19418892089698,0.6,0.4,0.19999999999999996,0.0,0.4,-0.4,1.8,1.6,0.19999999999999996,1.8,1.6,0.19999999999999996,1.2,1.0,-0.19999999999999996,0.6,0.6,0.0,5,2,home_win
2025-26,2026-02-28,Newcastle United,Everton,1544.386369738402,1518.2000606726529,91.18630906574913,0.2,0.2,0.0,0.0,0.4,-0.4,0.6,1.0,-0.4,1.2,1.0,0.19999999999999996,2.4,1.2,-1.2,-1.2,-0.2,-1.0,2,3,away_win
2025-26,2026-03-01,Arsenal,Chelsea,1721.3464432586434,1611.916420531166,174.4300227274773,0.6,0.6,0.0,0.4,0.4,0.0,2.2,2.2,0.0,2.8,2.4,0.3999999999999999,0.8,1.4,0.5999999999999999,2.0,1.0,1.0,2,1,home_win
2025-26,2026-03-01,Brighton & Hove Albion,Nottingham Forest,1547.420421670547,1475.46907092485,136.95135074569703,0.2,0.2,0.0,0.2,0.4,-0.2,0.8,1.0,-0.19999999999999996,0.8,0.8,0.0,1.0,1.0,0.0,-0.2,-0.2,0.0,2,1,home_win
2025-26,2026-03-01,Fulham,Tottenham Hotspur,1523.9537410191974,1461.1760102421595,127.77773077703796,0.4,0.0,0.4,0.0,0.4,-0.4,1.2,0.4,0.7999999999999999,1.6,1.2,0.40000000000000013,2.0,2.4,0.3999999999999999,-0.4,-1.2,0.7999999999999999,2,1,home_win
2025-26,2026-03-01,Manchester United,Crystal Palace,1587.0389151898323,1513.32284502887,138.71607016096232,0.8,0.4,0.4,0.2,0.2,0.0,2.6,1.4,1.2000000000000002,2.0,1.2,0.8,1.0,1.4,0.3999999999999999,1.0,-0.2,1.2,2,1,home_win
2025-26,2026-03-03,Bournemouth,Brentford,1548.4262575352104,1555.942784807666,57.483472727544495,0.4,0.6,-0.19999999999999996,0.6,0.2,0.39999999999999997,1.8,2.0,-0.19999999999999996,1.2,1.8,-0.6000000000000001,0.6,1.6,1.0,0.6,0.2,0.39999999999999997,0,0,draw
2025-26,2026-03-03,Everton,Burnley FC,1530.76596682586,1374.4911261620377,221.27484066382226,0.4,0.2,0.2,0.2,0.2,0.0,1.4,0.8,0.5999999999999999,1.4,1.4,0.0,1.4,2.4,1.0,0.0,-1.0,1.0,2,0,home_win
2025-26,2026-03-03,Leeds United,Sunderland,1488.8673843864324,1494.8982310494737,58.9691533369587,0.2,0.2,0.0,0.4,0.2,0.2,1.0,0.8,0.19999999999999996,1.2,1.0,0.19999999999999996,1.8,1.6,-0.19999999999999996,-0.6,-0.6,0.0,0,1,away_win
2025-26,2026-03-03,Wolverhampton Wanderers FC,Liverpool,1384.731017745258,1643.657704741495,-193.9266869962371,0.2,0.8,-0.6000000000000001,0.4,0.0,0.4,1.0,2.4,-1.4,1.0,2.4,-1.4,1.2,1.0,-0.19999999999999996,-0.2,1.4,-1.5999999999999999,2,1,home_win
2025-26,2026-03-04,Aston Villa,Chelsea,1603.032104499796,1606.5536987076691,61.47840579212698,0.2,0.4,-0.2,0.4,0.4,0.0,1.0,1.6,-0.6000000000000001,0.6,2.0,-1.4,1.0,1.6,0.6000000000000001,-0.4,0.4,-0.8,1,4,away_win
2025-26,2026-03-04,Brighton & Hove Albion,Arsenal,1553.6708600187612,1726.7091650821403,-108.03830506337908,0.4,0.6,-0.19999999999999996,0.2,0.4,-0.2,1.4,2.2,-0.8000000000000003,1.0,2.4,-1.4,0.8,1.0,0.19999999999999996,0.2,1.4,-1.2,0,1,away_win
2025-26,2026-03-04,Fulham,West Ham United FC,1530.4333109291622,1442.2440476454278,153.18926328373436,0.4,0.2,0.2,0.0,0.4,-0.4,1.2,1.0,0.19999999999999996,1.6,1.4,0.20000000000000018,2.0,1.8,-0.19999999999999996,-0.4,-0.4,0.0,0,1,away_win
2025-26,2026-03-04,Manchester City,Nottingham Forest,1704.9114031639504,1469.2186325766359,300.6927705873145,0.8,0.0,0.8,0.2,0.4,-0.2,2.6,0.4,2.2,2.0,0.6,1.4,0.8,1.4,0.5999999999999999,1.2,-0.8,2.0,2,2,draw
2025-26,2026-03-04,Newcastle United,Manchester United,1531.8204635851948,1593.2457852357395,3.5746783494553256,0.2,0.8,-0.6000000000000001,0.0,0.2,-0.2,0.6,2.6,-2.0,1.6,1.8,-0.19999999999999996,2.6,0.8,-1.8,-1.0,1.0,-2.0,2,1,home_win
2025-26,2026-03-05,Tottenham Hotspur,Crystal Palace,1454.6964403321947,1507.1159749829628,12.580465349231872,0.0,0.4,-0.4,0.2,0.2,0.0,0.2,1.4,-1.2,1.0,1.2,-0.19999999999999996,2.4,1.2,-1.2,-1.4,0.0,-1.4,1,3,away_win
2025-26,2026-03-14,Arsenal,Everton,1733.6960700757002,1537.324393356598,261.3716767191022,0.6,0.6,0.0,0.4,0.0,0.4,2.2,1.8,0.40000000000000013,2.0,1.6,0.3999999999999999,1.0,1.2,0.19999999999999996,1.0,0.4,0.6,2,0,home_win
2025-26,2026-03-14,Burnley FC,Bournemouth,1367.9326996312998,1546.7866834985693,-113.85398386726956,0.2,0.2,0.0,0.2,0.8,-0.6000000000000001,0.8,1.4,-0.5999999999999999,1.4,0.8,0.5999999999999999,2.2,0.6,-1.6,-0.8,0.2,-1.0,0,0,draw
2025-26,2026-03-14,Chelsea,Newcastle United,1627.118387968458,1541.7175797020475,150.40080826641042,0.4,0.4,0.0,0.4,0.0,0.4,1.6,1.2,0.40000000000000013,2.2,1.8,0.40000000000000013,1.4,2.0,0.6000000000000001,0.8,-0.2,1.0,0,1,away_win
2025-26,2026-03-14,Sunderland,Brighton & Hove Albion,1506.5793874931549,1546.6839550252014,24.89543246795347,0.2,0.4,-0.2,0.2,0.0,0.2,0.8,1.2,-0.3999999999999999,0.6,0.8,-0.20000000000000007,1.6,0.8,-0.8,-1.0,0.0,-1.0,0,1,away_win
2025-26,2026-03-14,West Ham United FC,Manchester City,1456.3880665129363,1697.9207847535722,-176.53271824063586,0.4,0.8,-0.4,0.4,0.2,0.2,1.6,2.6,-1.0,1.2,2.0,-0.8,1.2,0.8,-0.3999999999999999,0.0,1.2,-1.2,1,1,draw
2025-26,2026-03-15,Crystal Palace,Leeds United,1522.6588800807108,1477.1862279427512,110.47265213795959,0.6,0.2,0.39999999999999997,0.0,0.4,-0.4,1.8,1.0,0.8,1.6,1.2,0.40000000000000013,1.2,1.2,0.0,0.4,0.0,0.4,0,0,draw
2025-26,2026-03-15,Liverpool,Tottenham Hotspur,1628.5915515550544,1439.1535352344467,254.43801632060763,0.6,0.0,0.6,0.0,0.0,0.0,1.8,0.0,1.8,1.8,0.8,1.0,1.2,2.6,1.4000000000000001,0.6,-1.8,2.4,1,1,draw
2025-26,2026-03-15,Manchester United,Aston Villa,1583.3486691188868,1582.4674152390073,65.88125387987952,0.6,0.2,0.39999999999999997,0.2,0.4,-0.2,2.0,1.0,1.0,1.4,0.8,0.5999999999999999,0.8,1.6,0.8,0.6,-0.8,1.4,3,1,home_win
2025-26,2026-03-15,Nottingham Forest,Fulham,1476.209250987014,1516.2892920616537,24.919958925360334,0.0,0.4,-0.4,0.4,0.0,0.4,0.4,1.2,-0.7999999999999999,0.8,1.2,-0.3999999999999999,1.6,1.6,0.0,-0.8,-0.4,-0.4,0,0,draw
2025-26,2026-03-16,Brentford,Wolverhampton Wanderers FC,1557.582358844307,1399.7971709316987,222.7851879126083,0.4,0.4,0.0,0.4,0.4,0.0,1.6,1.6,0.0,1.6,1.2,0.40000000000000013,1.6,0.8,-0.8,0.0,0.4,-0.4,2,2,draw
2025-26,2026-03-20,Bournemouth,Manchester United,1543.6221743977055,1595.5379539207054,13.084220477000144,0.2,0.6,-0.39999999999999997,0.8,0.2,0.6000000000000001,1.4,2.0,-0.6000000000000001,0.6,1.6,-1.0,0.4,1.0,0.6,0.2,0.6,-0.39999999999999997,2,2,draw
2025-26,2026-03-21,Brighton & Hove Albion,Liverpool,1557.3992793334273,1622.3466550280532,0.0526243053741382,0.6,0.6,0.0,0.0,0.2,-0.2,1.8,2.0,-0.19999999999999996,1.0,1.8,-0.8,0.6,1.0,0.4,0.4,0.8,-0.4,2,1,home_win
2025-26,2026-03-21,Everton,Chelsea,1531.872074131868,1613.0410650287345,-16.16899089686649,0.4,0.2,0.2,0.0,0.4,-0.4,1.2,1.0,0.19999999999999996,1.2,1.6,-0.40000000000000013,1.4,1.4,0.0,-0.2,0.2,-0.4,3,0,home_win
2025-26,2026-03-21,Fulham,Burnley FC,1517.0053186823664,1371.0972087321636,210.90810995020274,0.4,0.2,0.2,0.2,0.4,-0.2,1.4,1.0,0.3999999999999999,1.0,1.4,-0.3999999999999999,1.2,1.8,0.6000000000000001,-0.2,-0.4,0.2,3,1,home_win
2025-26,2026-03-21,Leeds United,Brentford,1480.2628927202309,1551.9250124577973,-6.6621197375664,0.0,0.2,-0.2,0.6,0.6,0.0,0.6,1.2,-0.6,0.6,1.4,-0.7999999999999999,1.0,1.6,0.6000000000000001,-0.4,-0.2,-0.2,0,0,draw
2025-26,2026-03-22,Aston Villa,West Ham United FC,1570.2781304371888,1461.072717075253,174.20541336193583,0.2,0.2,0.0,0.2,0.6,-0.39999999999999997,0.8,1.2,-0.3999999999999999,0.8,1.0,-0.19999999999999996,2.0,1.4,-0.6000000000000001,-1.2,-0.4,-0.7999999999999999,2,0,home_win
2025-26,2026-03-22,Newcastle United,Sunderland,1555.794902641771,1495.864063184929,124.93083945684202,0.6,0.2,0.39999999999999997,0.0,0.2,-0.2,1.8,0.8,1.0,1.6,0.6,1.0,1.4,1.2,-0.19999999999999996,0.2,-0.6,0.8,1,2,away_win
2025-26,2026-03-22,Tottenham Hotspur,Nottingham Forest,1445.398431761448,1475.4932243663013,34.90520739514659,0.0,0.0,0.0,0.2,0.6,-0.39999999999999997,0.2,0.6,-0.39999999999999997,1.0,0.6,0.4,2.4,1.0,-1.4,-1.4,-0.4,-0.9999999999999999,0,3,away_win
2025-26,2026-04-10,West Ham United FC,Wolverhampton Wanderers FC,1453.0210202049823,1405.4545173182084,112.56650288677383,0.2,0.4,-0.2,0.4,0.4,0.0,1.0,1.6,-0.6000000000000001,0.8,1.6,-0.8,1.6,1.2,-0.40000000000000013,-0.8,0.4,-1.2000000000000002,4,0,home_win
2025-26,2026-04-11,Arsenal,Bournemouth,1739.1483893004302,1543.2457581915191,260.902631108911,0.8,0.0,0.8,0.2,1.0,-0.8,2.6,1.0,1.6,2.2,0.6,1.6,0.8,0.6,-0.20000000000000007,1.4,0.0,1.4,1,2,away_win
2025-26,2026-04-11,Brentford,Everton,1551.7332847357666,1550.185903381022,66.54738135474463,0.2,0.6,-0.39999999999999997,0.6,0.0,0.6,1.2,1.8,-0.6000000000000001,1.2,1.6,-0.40000000000000013,1.4,1.0,-0.3999999999999999,-0.2,0.6,-0.8,2,2,draw
2025-26,2026-04-11,Burnley FC,Brighton & Hove Albion,1364.2278353459085,1567.3977646841754,-138.1699293382669,0.0,0.8,-0.8,0.4,0.0,0.4,0.4,2.4,-2.0,1.0,1.4,-0.3999999999999999,2.0,0.6,-1.4,-1.0,0.8,-1.8,0,2,away_win
2025-26,2026-04-11,Liverpool,Fulham,1612.3481696773051,1523.8746920686215,153.47347760868365,0.4,0.6,-0.19999999999999996,0.2,0.2,0.0,1.4,2.0,-0.6000000000000001,1.8,1.6,0.19999999999999996,1.4,0.8,-0.5999999999999999,0.4,0.8,-0.4,2,0,home_win
2025-26,2026-04-12,Chelsea,Manchester City,1594.7272357795805,1693.2361341912556,-33.50889841167509,0.2,0.6,-0.39999999999999997,0.2,0.4,-0.2,0.8,2.2,-1.4000000000000001,1.2,1.8,-0.6000000000000001,1.6,0.8,-0.8,-0.4,1.0,-1.4,0,3,away_win
2025-26,2026-04-12,Crystal Palace,Newcastle United,1519.5822153032311,1542.3464635382327,42.23575176499844,0.4,0.4,0.0,0.2,0.0,0.2,1.4,1.2,0.19999999999999996,1.4,1.4,0.0,1.2,1.6,0.40000000000000013,0.2,-0.2,0.4,2,1,home_win
2025-26,2026-04-12,Nottingham Forest,Aston Villa,1494.7454751150958,1578.3298273074595,-18.584352192363667,0.2,0.2,0.0,0.4,0.2,0.2,1.0,0.8,0.19999999999999996,1.2,1.0,0.19999999999999996,1.0,2.0,1.0,0.2,-1.0,1.2,1,1,draw
2025-26,2026-04-12,Sunderland,Tottenham Hotspur,1509.3125022884672,1426.1461810126534,148.16632127581374,0.4,0.0,0.4,0.2,0.2,0.0,1.4,0.2,1.2,1.0,0.8,0.19999999999999996,1.2,2.6,1.4000000000000001,-0.2,-1.8,1.6,1,0,home_win
2025-26,2026-04-13,Manchester United,Leeds United,1595.9143701268918,1480.4546204422616,180.4597496846302,0.6,0.0,0.6,0.2,0.6,-0.39999999999999997,2.0,0.6,1.4,1.8,0.2,1.6,1.2,0.6,-0.6,0.6,-0.4,1.0,1,2,away_win
2025-26,2026-04-18,Brentford,Fulham,1549.8409817647832,1515.100880239262,99.74010152552114,0.2,0.4,-0.2,0.8,0.2,0.6000000000000001,1.4,1.4,0.0,1.6,1.0,0.6000000000000001,1.4,1.0,-0.3999999999999999,0.2,0.0,0.2,0,0,draw
2025-26,2026-04-18,Chelsea,Manchester United,1578.9098332367555,1581.1419642167946,62.767869019960926,0.2,0.4,-0.2,0.0,0.2,-0.2,0.6,1.4,-0.7999999999999999,1.0,1.8,-0.8,2.0,1.6,-0.3999999999999999,-1.0,0.2,-1.2,0,1,away_win
2025-26,2026-04-18,Leeds United,Wolverhampton Wanderers FC,1495.2270263523587,1392.5753754237348,167.6516509286239,0.2,0.4,-0.2,0.4,0.2,0.2,1.0,1.4,-0.3999999999999999,0.4,1.2,-0.7999999999999999,0.6,1.6,1.0,-0.2,-0.4,0.2,3,0,home_win
2025-26,2026-04-18,Newcastle United,Bournemouth,1533.5561531766866,1559.6028411694383,38.953312007248314,0.4,0.2,0.2,0.0,0.8,-0.8,1.2,1.4,-0.19999999999999996,1.4,1.0,0.3999999999999999,1.6,0.8,-0.8,-0.2,0.2,-0.4,1,2,away_win
2025-26,2026-04-18,Tottenham Hotspur,Brighton & Hove Albion,1420.1697418811773,1576.7282680963074,-91.55852621513009,0.0,0.8,-0.8,0.2,0.0,0.2,0.2,2.4,-2.1999999999999997,0.6,1.4,-0.7999999999999999,2.0,0.6,-1.4,-1.4,0.8,-2.2,2,2,draw
2025-26,2026-04-19,Aston Villa,Sunderland,1577.79543622055,1515.2889414199433,127.50649480060679,0.2,0.6,-0.39999999999999997,0.2,0.2,0.0,0.8,2.0,-1.2,1.0,1.0,0.0,2.0,0.6,-1.4,-1.0,0.4,-1.4,4,3,home_win
2025-26,2026-04-19,Everton,Liverpool,1552.0782063520053,1621.1219815066645,-4.043775154659215,0.6,0.4,0.19999999999999996,0.2,0.2,0.0,2.0,1.4,0.6000000000000001,2.0,2.0,0.0,1.2,1.4,0.19999999999999996,0.8,0.6,0.20000000000000007,1,2,away_win
2025-26,2026-04-19,Manchester City,Arsenal,1709.0535367340806,1722.791306322511,51.26223041156959,0.6,0.8,-0.20000000000000007,0.4,0.0,0.4,2.2,2.4,-0.19999999999999973,1.8,2.0,-0.19999999999999996,0.8,0.8,0.0,1.0,1.2,-0.19999999999999996,2,1,home_win
2025-26,2026-04-19,Nottingham Forest,Burnley FC,1495.2798662020052,1354.8973319337765,205.3825342682287,0.2,0.0,0.2,0.6,0.2,0.39999999999999997,1.2,0.2,1.0,1.4,0.8,0.5999999999999999,1.0,2.2,1.2000000000000002,0.4,-1.4,1.7999999999999998,4,1,home_win
2025-26,2026-04-20,Crystal Palace,West Ham United FC,1528.3725256647772,1465.9001620994559,127.4723635653213,0.6,0.4,0.19999999999999996,0.2,0.2,0.0,2.0,1.4,0.6000000000000001,1.4,1.6,-0.20000000000000018,0.8,1.6,0.8,0.6,0.0,0.6,0,0,draw
2025-26,2026-04-21,Brighton & Hove Albion,Chelsea,1574.152356774818,1567.122630261482,72.02972651333585,0.6,0.2,0.39999999999999997,0.2,0.0,0.2,2.0,0.6,1.4,1.4,0.8,0.5999999999999999,0.8,1.8,1.0,0.6,-1.0,1.6,3,0,home_win
2025-26,2026-04-22,Bournemouth,Leeds United,1570.7193333743014,1504.882201670728,130.8371317035735,0.4,0.4,0.0,0.6,0.4,0.19999999999999996,1.8,1.6,0.19999999999999996,1.2,1.0,0.19999999999999996,0.8,0.4,-0.4,0.4,0.6,-0.19999999999999996,2,2,draw
2025-26,2026-04-22,Burnley FC,Manchester City,1346.6848251921372,1717.5887052441626,-305.90388005202544,0.0,0.6,-0.6,0.2,0.4,-0.2,0.2,2.2,-2.0,0.4,1.8,-1.4,2.2,0.8,-1.4000000000000001,-1.8,1.0,-2.8,0,1,away_win
2025-26,2026-04-24,Sunderland,Nottingham Forest,1508.8025303622542,1503.4923729436446,70.3101574186096,0.6,0.4,0.19999999999999996,0.0,0.6,-0.6,1.8,1.8,0.0,1.4,2.0,-0.6000000000000001,1.2,0.8,-0.3999999999999999,0.2,1.2,-1.0,0,5,away_win
2025-26,2026-04-25,Arsenal,Newcastle United,1714.256137812429,1522.4396609718235,256.81647684060545,0.6,0.4,0.19999999999999996,0.0,0.0,0.0,1.8,1.2,0.6000000000000001,1.4,1.2,0.19999999999999996,1.0,1.4,0.3999999999999999,0.4,-0.2,0.6000000000000001,1,0,home_win
2025-26,2026-04-25,Fulham,Aston Villa,1517.8952853266499,1584.2818472782392,-1.3865619515893286,0.2,0.4,-0.2,0.4,0.2,0.2,1.0,1.4,-0.3999999999999999,0.6,1.8,-1.2000000000000002,0.8,2.2,1.4000000000000001,-0.2,-0.4,0.2,1,0,home_win
2025-26,2026-04-25,Liverpool,Crystal Palace,1631.005597557032,1524.8597978507808,171.14579970625118,0.4,0.4,0.0,0.2,0.4,-0.2,1.4,1.6,-0.20000000000000018,1.4,1.2,0.19999999999999996,1.2,0.8,-0.3999999999999999,0.2,0.4,-0.2,3,1,home_win
2025-26,2026-04-25,West Ham United FC,Everton,1469.4128899134523,1542.1945903016378,-7.781700388185527,0.4,0.4,0.0,0.4,0.2,0.2,1.6,1.4,0.20000000000000018,1.2,1.6,-0.40000000000000013,0.6,1.2,0.6,0.6,0.4,0.19999999999999996,2,1,home_win
2025-26,2026-04-25,Wolverhampton Wanderers FC,Tottenham Hotspur,1382.9202001053657,1422.7456532026667,25.17454690269892,0.4,0.0,0.4,0.2,0.4,-0.2,1.4,0.4,0.9999999999999999,1.2,0.8,0.3999999999999999,2.0,2.0,0.0,-0.8,-1.2,0.3999999999999999,0,1,away_win
2025-26,2026-04-27,Manchester United,Brentford,1592.929167192068,1547.0465766773955,110.88259051467253,0.4,0.0,0.4,0.2,1.0,-0.8,1.4,1.0,0.3999999999999999,1.6,0.8,0.8,1.4,0.8,-0.5999999999999999,0.2,0.0,0.2,2,1,home_win
2025-26,2026-05-01,Leeds United,Burnley FC,1508.4795347770237,1343.7513328443024,229.72820193272128,0.4,0.0,0.4,0.6,0.2,0.39999999999999997,1.8,0.2,1.6,1.4,0.4,0.9999999999999999,0.6,2.0,1.4,0.8,-1.6,2.4000000000000004,3,1,home_win
2025-26,2026-05-02,Arsenal,Fulham,1717.969659699076,1527.9351935757823,255.03446612329367,0.6,0.4,0.19999999999999996,0.0,0.4,-0.4,1.8,1.6,0.19999999999999996,1.2,0.8,0.3999999999999999,0.8,0.6,-0.20000000000000007,0.4,0.2,0.2,3,0,home_win
2025-26,2026-05-02,Brentford,West Ham United FC,1540.133919673333,1479.6368278099903,125.49709186334258,0.0,0.4,-0.4,0.8,0.4,0.4,0.8,1.6,-0.8,1.0,1.4,-0.3999999999999999,1.2,0.8,-0.3999999999999999,-0.2,0.6,-0.8,3,0,home_win
2025-26,2026-05-02,Newcastle United,Brighton & Hove Albion,1518.7261390851766,1588.0753887473695,-4.34924966219296,0.2,0.8,-0.6000000000000001,0.0,0.2,-0.2,0.6,2.6,-2.0,0.8,2.0,-1.2,1.4,0.6,-0.7999999999999999,-0.6,1.4,-2.0,3,1,home_win
2025-26,2026-05-02,Wolverhampton Wanderers FC,Sunderland,1372.1968838057462,1484.8095130190427,-47.612629213296486,0.2,0.4,-0.2,0.2,0.0,0.2,0.8,1.2,-0.3999999999999999,0.8,1.2,-0.3999999999999999,2.2,2.2,0.0,-1.4,-1.0,-0.3999999999999999,1,1,draw
2025-26,2026-05-03,Aston Villa,Tottenham Hotspur,1574.2419390291068,1433.4689695022862,205.7729695268206,0.4,0.2,0.2,0.2,0.4,-0.2,1.4,1.0,0.3999999999999999,1.6,0.8,0.8,1.6,1.4,-0.20000000000000018,0.0,-0.6,0.6,1,2,away_win
2025-26,2026-05-03,Bournemouth,Crystal Palace,1567.1220002680056,1516.7039284189057,115.41807184909999,0.4,0.4,0.0,0.6,0.4,0.19999999999999996,1.8,1.6,0.19999999999999996,1.6,1.2,0.40000000000000013,1.2,1.0,-0.19999999999999996,0.4,0.2,0.2,3,0,home_win
2025-26,2026-05-03,Manchester United,Liverpool,1599.8418241961306,1639.161466988907,25.68035720722355,0.6,0.6,0.0,0.2,0.2,0.0,2.0,2.0,0.0,1.8,1.8,0.0,1.2,1.0,-0.19999999999999996,0.6,0.8,-0.20000000000000007,3,2,home_win
2025-26,2026-05-04,Chelsea,Nottingham Forest,1553.1995982889305,1527.485390286856,90.71420800207443,0.0,0.6,-0.6,0.0,0.4,-0.4,0.0,2.2,-2.2,0.0,2.6,-2.6,2.2,0.4,-1.8000000000000003,-2.2,2.2,-4.4,1,3,away_win
2025-26,2026-05-04,Everton,Manchester City,1531.9706524050998,1720.5221975919974,-123.55154518689756,0.2,0.6,-0.39999999999999997,0.2,0.4,-0.2,0.8,2.2,-1.4000000000000001,1.4,1.8,-0.40000000000000013,1.6,0.8,-0.8,-0.2,1.0,-1.2,3,3,draw
2025-26,2026-05-09,Brighton & Hove Albion,Wolverhampton Wanderers FC,1572.887626353013,1373.5587706741994,264.3288556788136,0.6,0.0,0.6,0.2,0.4,-0.2,2.0,0.4,1.6,2.0,0.6,1.4,1.2,2.2,1.0000000000000002,0.8,-1.6,2.4000000000000004,3,0,home_win
2025-26,2026-05-09,Fulham,Bournemouth,1521.3820692262918,1579.013318329281,7.368750897010841,0.4,0.6,-0.19999999999999996,0.2,0.4,-0.2,1.4,2.2,-0.8000000000000003,0.8,2.2,-1.4000000000000001,1.2,1.2,0.0,-0.4,1.0,-1.4,0,1,away_win
2025-26,2026-05-09,Liverpool,Chelsea,1629.8992639767405,1534.3697859884644,160.52947798827608,0.6,0.0,0.6,0.0,0.0,0.0,1.8,0.0,1.8,2.0,0.2,1.8,1.4,2.6,1.2000000000000002,0.6,-2.4,3.0,1,1,draw
2025-26,2026-05-09,Manchester City,Brentford,1717.1087846035864,1551.574035496715,230.53474910687146,0.6,0.2,0.39999999999999997,0.4,0.6,-0.19999999999999996,2.2,1.2,1.0000000000000002,2.0,1.2,0.8,1.0,0.8,-0.19999999999999996,1.0,0.4,0.6,3,0,home_win
2025-26,2026-05-09,Sunderland,Manchester United,1483.4476261505895,1609.104027208297,-60.656401057707626,0.4,0.6,-0.19999999999999996,0.2,0.2,0.0,1.4,2.0,-0.6000000000000001,1.4,1.8,-0.40000000000000013,2.2,1.4,-0.8000000000000003,-0.8,0.4,-1.2000000000000002,0,0,draw
2025-26,2026-05-10,Burnley FC,Aston Villa,1337.4388634713623,1558.9267323690888,-156.48786889772646,0.0,0.4,-0.4,0.0,0.2,-0.2,0.0,1.4,-1.4,0.6,1.6,-1.0,2.6,1.4,-1.2000000000000002,-2.0,0.2,-2.2,2,2,draw
2025-26,2026-05-10,Crystal Palace,Everton,1504.8126103576303,1535.3840653935108,34.42854496411951,0.2,0.2,0.0,0.4,0.4,0.0,1.0,1.0,0.0,0.6,2.0,-1.4,1.4,1.8,0.40000000000000013,-0.8,0.2,-1.0,2,2,draw
2025-26,2026-05-10,Nottingham Forest,Newcastle United,1546.3152025873221,1533.913901479533,77.4013011077891,0.8,0.2,0.6000000000000001,0.2,0.0,0.2,2.6,0.6,2.0,3.2,1.2,2.0,0.6,1.6,1.0,2.6,-0.4,3.0,1,1,draw
2025-26,2026-05-10,West Ham United FC,Arsenal,1468.1967119866083,1724.5227840485663,-191.32607206195803,0.4,0.6,-0.19999999999999996,0.2,0.0,0.2,1.4,1.8,-0.40000000000000013,1.2,1.6,-0.40000000000000013,1.2,0.8,-0.3999999999999999,0.0,0.8,-0.8,0,1,away_win
2025-26,2026-05-11,Tottenham Hotspur,Leeds United,1448.7841761623042,1514.7920041499638,-1.0078279876595388,0.4,0.6,-0.19999999999999996,0.2,0.4,-0.2,1.4,2.2,-0.8000000000000003,1.0,2.0,-1.0,1.4,0.8,-0.5999999999999999,-0.4,1.2,-1.6,1,1,draw
2025-26,2026-05-13,Manchester City,Crystal Palace,1724.4463705977585,1503.8249079729476,285.6214626248109,0.8,0.2,0.6000000000000001,0.2,0.4,-0.2,2.6,1.0,1.6,2.4,1.0,1.4,0.8,1.8,1.0,1.6,-0.8,2.4000000000000004,3,0,home_win
2025-26,2026-05-15,Aston Villa,Liverpool,1554.7043867238078,1625.5818019350972,-5.877415211289417,0.2,0.6,-0.39999999999999997,0.4,0.2,0.2,1.0,2.0,-1.0,1.6,2.0,-0.3999999999999999,1.8,1.2,-0.6000000000000001,-0.2,0.8,-1.0,4,2,home_win
2025-26,2026-05-17,Brentford,Crystal Palace,1544.2364495025429,1498.158458981715,111.07799052082783,0.2,0.0,0.2,0.4,0.4,0.0,1.0,0.4,0.6,1.2,0.6,0.6,1.4,2.2,0.8000000000000003,-0.2,-1.6,1.4000000000000001,2,2,draw
2025-26,2026-05-17,Everton,Sunderland,1536.3717677781935,1485.1759340946567,116.19583368353688,0.0,0.2,-0.2,0.6,0.4,0.19999999999999996,0.6,1.0,-0.4,1.8,1.0,0.8,2.2,2.0,-0.20000000000000018,-0.4,-1.0,0.6,1,3,away_win
2025-26,2026-05-17,Leeds United,Brighton & Hove Albion,1514.7629966100658,1579.1605415601648,0.602455049900982,0.6,0.6,0.0,0.4,0.2,0.2,2.2,2.0,0.20000000000000018,2.2,2.2,0.0,1.0,1.0,0.0,1.2,1.2,0.0,1,0,home_win
2025-26,2026-05-17,Manchester United,Nottingham Forest,1607.37571926423,1544.123552168383,128.25216709584697,0.6,0.6,0.0,0.2,0.4,-0.2,2.0,2.2,-0.20000000000000018,1.4,2.8,-1.4,1.0,0.8,-0.19999999999999996,0.4,2.0,-1.6,3,2,home_win
2025-26,2026-05-17,Newcastle United,West Ham United FC,1536.1055518984722,1463.20701408062,137.89853781785223,0.2,0.4,-0.2,0.2,0.2,0.0,0.8,1.4,-0.5999999999999999,1.2,1.2,0.0,1.4,1.0,-0.3999999999999999,-0.2,0.2,-0.4,3,1,home_win
2025-26,2026-05-17,Wolverhampton Wanderers FC,Fulham,1367.2858554670477,1511.1700113217114,-78.88415585466373,0.0,0.2,-0.2,0.2,0.2,0.0,0.2,0.8,-0.6000000000000001,0.2,0.2,0.0,2.4,1.2,-1.2,-2.2,-1.0,-1.2000000000000002,1,1,draw
2025-26,2026-05-18,Arsenal,Burnley FC,1729.5124819545547,1341.6612091166432,452.85127283791144,0.6,0.0,0.6,0.0,0.2,-0.2,1.8,0.2,1.6,1.4,0.8,0.5999999999999999,0.8,2.4,1.5999999999999999,0.6,-1.6,2.2,1,0,home_win
2025-26,2026-05-19,Bournemouth,Manchester City,1589.2253762338614,1730.112819588991,-75.88744335512956,0.8,0.8,0.0,0.2,0.2,0.0,2.6,2.6,0.0,2.0,2.4,-0.3999999999999999,0.8,0.8,0.0,1.2,1.6,-0.40000000000000013,1,1,draw
2025-26,2026-05-19,Chelsea,Tottenham Hotspur,1538.6872480301076,1448.8131837022022,154.87406432790544,0.0,0.4,-0.4,0.2,0.4,-0.2,0.2,1.6,-1.4000000000000001,0.4,1.2,-0.7999999999999999,2.2,1.0,-1.2000000000000002,-1.8,0.2,-2.0,2,1,home_win
2025-26,2026-05-24,Brighton & Hove Albion,Manchester United,1569.1778815929995,1613.843331923934,20.33454966906538,0.4,0.8,-0.4,0.2,0.2,0.0,1.4,2.6,-1.2000000000000002,1.8,1.8,0.0,1.2,1.0,-0.19999999999999996,0.6,0.8,-0.20000000000000007,0,3,away_win
2025-26,2026-05-24,Burnley FC,Wolverhampton Wanderers FC,1340.287195316219,1369.5180975991732,35.769097717045724,0.0,0.0,0.0,0.2,0.4,-0.2,0.2,0.4,-0.2,0.8,0.4,0.4,2.2,1.8,-0.40000000000000013,-1.4,-1.4,0.0,1,1,draw
2025-26,2026-05-24,Crystal Palace,Arsenal,1501.2508890898966,1730.886495754979,-164.63560666508238,0.0,0.8,-0.8,0.4,0.0,0.4,0.4,2.4,-2.0,1.0,1.4,-0.3999999999999999,2.6,0.4,-2.2,-1.6,1.0,-2.6,1,2,away_win
2025-26,2026-05-24,Fulham,Newcastle United,1508.9377691895859,1545.4461013261023,28.4916678634836,0.2,0.4,-0.2,0.4,0.2,0.2,1.0,1.4,-0.3999999999999999,0.4,1.6,-1.2000000000000002,1.0,1.2,0.19999999999999996,-0.6,0.4,-1.0,2,0,home_win
2025-26,2026-05-24,Liverpool,Brentford,1610.3280777251869,1541.1440193943613,134.18405833082556,0.4,0.2,0.2,0.2,0.4,-0.2,1.4,1.0,0.3999999999999999,2.0,1.2,0.8,2.0,1.4,-0.6000000000000001,0.0,-0.2,0.2,1,1,draw
2025-26,2026-05-24,Manchester City,Aston Villa,1727.962687961063,1569.9581109337182,223.0045770273448,0.6,0.4,0.19999999999999996,0.4,0.2,0.2,2.2,1.4,0.8000000000000003,2.2,2.2,0.0,0.8,2.0,1.2,1.4,0.2,1.2,1,2,away_win
2025-26,2026-05-24,Nottingham Forest,Bournemouth,1537.6559395086788,1591.3755078617894,11.280431646889383,0.6,0.6,0.0,0.2,0.4,-0.2,2.0,2.2,-0.20000000000000018,3.0,1.8,1.2,1.2,0.8,-0.3999999999999999,1.8,1.0,0.8,1,1,draw
2025-26,2026-05-24,Sunderland,Chelsea,1505.0134836562056,1544.503145115111,25.510338541094598,0.2,0.2,0.0,0.4,0.2,0.2,1.0,0.8,0.19999999999999996,1.4,0.8,0.5999999999999999,2.2,1.8,-0.40000000000000013,-0.8,-1.0,0.19999999999999996,2,1,home_win
2025-26,2026-05-24,Tottenham Hotspur,Everton,1442.9972866171988,1516.5342182166446,-8.53693159944578,0.4,0.0,0.4,0.4,0.4,0.0,1.6,0.4,1.2000000000000002,1.4,1.6,-0.20000000000000018,1.2,2.4,1.2,0.2,-0.8,1.0,1,0,home_win
2025-26,2026-05-24,West Ham United FC,Leeds United,1453.8664646529899,1524.745656577231,-5.8791919242412405,0.2,0.6,-0.39999999999999997,0.2,0.4,-0.2,0.8,2.2,-1.4000000000000001,0.6,2.0,-1.4,1.6,0.8,-0.8,-1.0,1.2,-2.2,3,0,home_win
2026-27,2026-08-21,Arsenal,Coventry City,1677.3550293306328,1500.0,242.35502933063276,1.0,0.3333333333333333,0.6666666666666667,0.0,0.3333333333333333,-0.3333333333333333,3.0,1.0,2.0,1.6,1.2,0.40000000000000013,0.2,1.2,1.0,1.4,0.0,1.4,3,0,home_win
2026-27,2026-08-22,Brentford,Tottenham Hotspur,1533.6186948123386,1464.9322123670413,133.68648244529732,0.2,0.6,-0.39999999999999997,0.4,0.2,0.2,1.0,2.0,-1.0,1.4,1.2,0.19999999999999996,1.6,0.8,-0.8,-0.2,0.4,-0.6000000000000001,3,0,home_win
2026-27,2026-08-22,Everton,Crystal Palace,1504.7164162583413,1496.748009303024,72.96840695531728,0.0,0.0,0.0,0.4,0.4,0.0,0.4,0.4,0.0,1.4,1.0,0.3999999999999999,2.2,2.4,0.19999999999999973,-0.8,-1.4,0.5999999999999999,2,0,home_win
2026-27,2026-08-22,Hull City,Manchester United,1500.0,1599.2747969685806,-34.27479696858063,0.3333333333333333,0.8,-0.46666666666666673,0.3333333333333333,0.2,0.1333333333333333,1.0,2.6,-1.6,1.2,2.2,-1.0000000000000002,1.2,1.0,-0.19999999999999996,0.0,1.2,-1.2,2,0,home_win
2026-27,2026-08-22,Ipswich Town,Sunderland,1412.9068489876581,1510.7104153024675,-32.80356631480936,0.0,0.4,-0.4,0.2,0.4,-0.2,0.2,1.6,-1.4000000000000001,0.6,1.2,-0.6,2.2,1.6,-0.6000000000000001,-1.6,-0.4,-1.2000000000000002,2,1,home_win
2026-27,2026-08-22,Nottingham Forest,Leeds United,1527.9985324686425,1505.2121666499552,87.78636581868727,0.4,0.4,0.0,0.4,0.4,0.0,1.6,1.6,0.0,2.4,1.4,1.0,1.2,1.4,0.19999999999999996,1.2,0.0,1.2,0,1,away_win
2026-27,2026-08-23,Brighton & Hove Albion,Aston Villa,1537.9911131691197,1564.214811984526,38.77630118459365,0.4,0.4,0.0,0.0,0.2,-0.2,1.2,1.4,-0.19999999999999996,1.4,1.8,-0.40000000000000013,1.4,1.6,0.20000000000000018,0.0,0.2,-0.2,4,0,home_win
2026-27,2026-08-23,Manchester City,Bournemouth,1659.2257871865597,1568.7750530592086,155.4507341273511,0.4,0.4,0.0,0.4,0.6,-0.19999999999999996,1.6,1.8,-0.19999999999999996,2.2,1.6,0.6000000000000001,1.2,0.8,-0.3999999999999999,1.0,0.8,0.19999999999999996,2,1,home_win
2026-27,2026-08-23,Newcastle United,Liverpool,1523.7550766242823,1579.9853780273224,8.76969859695987,0.4,0.2,0.2,0.2,0.4,-0.2,1.4,1.0,0.3999999999999999,1.4,1.8,-0.40000000000000013,1.2,2.0,0.8,0.2,-0.2,0.4,2,2,draw
2026-27,2026-08-24,Fulham,Chelsea,1517.032826262484,1526.42705627602,55.60576998646388,0.4,0.2,0.2,0.2,0.2,0.0,1.4,0.8,0.5999999999999999,0.8,1.0,-0.19999999999999996,1.0,2.0,1.0,-0.2,-1.0,0.8,2,3,away_win
2026-27,2026-08-28,Crystal Palace,Manchester City,1484.852793339111,1665.0280016411432,-115.17520830203216,0.0,0.6,-0.6,0.4,0.2,0.2,0.4,2.0,-1.6,1.0,2.0,-1.0,2.2,0.8,-1.4000000000000001,-1.2,1.2,-2.4,1,4,away_win
2026-27,2026-08-29,Bournemouth,Everton,1562.9728386046252,1516.6116322222542,111.36120638237094,0.4,0.2,0.2,0.4,0.4,0.0,1.6,1.0,0.6000000000000001,1.4,1.6,-0.20000000000000018,0.8,1.8,1.0,0.6,-0.2,0.8,1,1,draw
2026-27,2026-08-29,Coventry City,Hull City,1493.049224198809,1516.4749802113888,41.57424398742023,0.0,1.0,-1.0,0.0,0.0,0.0,0.0,3.0,-3.0,0.0,2.0,-2.0,3.0,0.0,-3.0,-3.0,2.0,-5.0,0,1,away_win
2026-27,2026-08-29,Liverpool,Nottingham Forest,1580.237736651161,1515.5242688698982,129.7134677812628,0.0,0.2,-0.2,0.6,0.4,0.19999999999999996,0.6,1.0,-0.4,1.6,1.4,0.20000000000000018,2.2,1.4,-0.8000000000000003,-0.6,0.0,-0.6,2,2,draw
2026-27,2026-08-29,Tottenham Hotspur,Newcastle United,1453.852121545658,1523.5027180004438,-4.6505964547857275,0.4,0.4,0.0,0.2,0.4,-0.2,1.4,1.6,-0.20000000000000018,1.0,1.8,-0.8,1.4,1.4,0.0,-0.4,0.4,-0.8,0,2,away_win
2026-27,2026-08-30,Chelsea,Brighton & Hove Albion,1538.0139923826853,1554.6571244554145,48.35686792727074,0.4,0.4,0.0,0.2,0.0,0.2,1.4,1.2,0.19999999999999996,1.6,1.6,0.0,1.8,1.4,-0.40000000000000013,-0.2,0.2,-0.4,4,3,home_win
2026-27,2026-08-30,Leeds United,Brentford,1517.6864302486995,1544.6987856337219,37.987644614977626,0.6,0.4,0.19999999999999996,0.2,0.4,-0.2,2.0,1.6,0.3999999999999999,1.2,1.8,-0.6000000000000001,1.0,1.2,0.19999999999999996,0.2,0.6,-0.39999999999999997,1,1,draw
2026-27,2026-08-30,Manchester United,Ipswich Town,1582.7998167571918,1423.8482159339812,223.95160082321058,0.6,0.2,0.39999999999999997,0.2,0.2,0.0,2.0,0.8,1.2,1.8,1.0,0.8,1.2,1.8,0.6000000000000001,0.6,-0.8,1.4,5,2,home_win
2026-27,2026-08-30,Sunderland,Fulham,1499.7690483561444,1505.4458901558187,59.32315820032568,0.4,0.2,0.2,0.4,0.2,0.2,1.6,0.8,0.8,1.4,1.0,0.3999999999999999,1.0,1.6,0.6000000000000001,0.4,-0.6,1.0,1,0,home_win
2026-27,2026-08-31,Aston Villa,Arsenal,1547.5488006982312,1684.3058051318237,-71.75700443359256,0.4,1.0,-0.6,0.2,0.0,0.2,1.4,3.0,-1.6,1.8,2.0,-0.19999999999999996,2.2,0.2,-2.0,-0.4,1.8,-2.2,0,1,away_win
2026-27,2026-09-04,Ipswich Town,Liverpool,1416.2884437156613,1576.6685926205653,-95.38014890490399,0.2,0.0,0.2,0.0,0.8,-0.8,0.6,0.8,-0.20000000000000007,1.0,1.6,-0.6000000000000001,2.4,2.0,-0.3999999999999999,-1.4,-0.4,-0.9999999999999999,0,2,away_win
2026-27,2026-09-05,Brentford,Sunderland,1545.7878217165603,1508.0779925052007,102.70982921135965,0.2,0.6,-0.39999999999999997,0.6,0.2,0.39999999999999997,1.2,2.0,-0.8,1.4,1.4,0.0,1.4,0.8,-0.5999999999999999,0.0,0.6,-0.6,1,1,draw
2026-27,2026-09-05,Brighton & Hove Albion,Leeds United,1546.0400287711018,1516.597394165861,94.44263460524076,0.4,0.4,0.0,0.0,0.4,-0.4,1.2,1.6,-0.40000000000000013,2.0,0.8,1.2,1.6,1.0,-0.6000000000000001,0.4,-0.2,0.6000000000000001,1,1,draw
2026-27,2026-09-05,Fulham,Crystal Palace,1497.1369460067624,1472.9504965405329,89.18644946622953,0.2,0.0,0.2,0.2,0.2,0.0,0.8,0.2,0.6000000000000001,1.0,0.8,0.19999999999999996,1.2,2.6,1.4000000000000001,-0.2,-1.8,1.6,2,3,away_win
2026-27,2026-09-05,Hull City,Aston Villa,1527.665904443716,1539.585259594563,53.08064484915303,1.0,0.4,0.6,0.0,0.2,-0.2,3.0,1.4,1.6,1.5,1.6,-0.10000000000000009,0.0,2.0,2.0,1.5,-0.4,1.9,0,0,draw
2026-27,2026-09-05,Manchester City,Coventry City,1676.9302984397214,1481.8582999664818,260.07199847323955,0.6,0.0,0.6,0.2,0.0,0.2,2.0,0.0,2.0,2.2,0.0,2.2,1.0,2.0,1.0,1.2,-2.0,3.2,1,0,home_win
2026-27,2026-09-05,Newcastle United,Bournemouth,1538.301947602254,1559.8730382965714,43.42890930568251,0.4,0.2,0.2,0.4,0.6,-0.19999999999999996,1.6,1.2,0.40000000000000013,1.6,1.0,0.6000000000000001,1.2,1.0,-0.19999999999999996,0.4,0.0,0.4,2,2,draw
2026-27,2026-09-05,Nottingham Forest,Tottenham Hotspur,1519.0934129004938,1439.052891943848,145.04052095664588,0.0,0.2,-0.2,0.6,0.2,0.39999999999999997,0.6,0.8,-0.20000000000000007,1.2,0.6,0.6,1.6,1.6,0.0,-0.4,-1.0,0.6,0,0,draw
2026-27,2026-09-06,Arsenal,Chelsea,1692.2693462354919,1546.631088066998,210.63825816849385,1.0,0.6,0.4,0.0,0.2,-0.2,3.0,2.0,1.0,1.6,2.2,-0.6000000000000001,0.2,1.8,1.6,1.4,0.4,0.9999999999999999,2,1,home_win
2026-27,2026-09-06,Everton,Manchester United,1519.711432530308,1590.3595889755118,-5.648156445203767,0.2,0.6,-0.39999999999999997,0.4,0.2,0.2,1.0,2.0,-1.0,1.2,2.2,-1.0000000000000002,1.4,1.2,-0.19999999999999996,-0.2,1.0,-1.2,2,2,draw
2026-27,2026-09-12,Aston Villa,Nottingham Forest,1541.1012665208486,1515.1455267716826,90.95573974916601,0.4,0.0,0.4,0.2,0.6,-0.39999999999999997,1.4,0.6,0.7999999999999999,1.2,1.0,0.19999999999999996,1.6,1.4,-0.20000000000000018,-0.4,-0.4,0.0,1,2,away_win
2026-27,2026-09-12,Bournemouth,Brentford,1561.1165530437845,1542.9148052116823,83.20174783210223,0.0,0.2,-0.2,0.8,0.8,0.0,0.8,1.4,-0.5999999999999999,1.2,1.6,-0.40000000000000013,1.4,1.0,-0.3999999999999999,-0.2,0.6,-0.8,2,2,draw
2026-27,2026-09-12,Chelsea,Hull City,1542.046018546388,1526.1498975174304,80.89612102895762,0.6,0.6666666666666666,-0.06666666666666665,0.0,0.3333333333333333,-0.3333333333333333,1.8,2.3333333333333335,-0.5333333333333334,2.2,1.0,1.2000000000000002,2.0,0.0,-2.0,0.2,1.0,-0.8,2,2,draw
2026-27,2026-09-12,Crystal Palace,Ipswich Town,1485.4625528853742,1405.3059142077273,145.15663867764692,0.2,0.2,0.0,0.2,0.0,0.2,0.8,0.6,0.20000000000000007,1.4,1.0,0.3999999999999999,2.4,2.6,0.20000000000000018,-1.0,-1.6,0.6000000000000001,2,3,away_win
2026-27,2026-09-12,Liverpool,Fulham,1587.6511221284993,1484.624889661921,168.02623246657822,0.2,0.2,0.0,0.6,0.2,0.39999999999999997,1.2,0.8,0.3999999999999999,1.8,1.4,0.40000000000000013,1.8,1.6,-0.19999999999999996,0.0,-0.2,0.2,0,0,draw
2026-27,2026-09-12,Sunderland,Arsenal,1510.9510090100787,1696.8544157561018,-120.90340674602317,0.6,1.0,-0.4,0.2,0.0,0.2,2.0,3.0,-1.0,1.6,1.8,-0.19999999999999996,1.0,0.4,-0.6,0.6,1.4,-0.7999999999999999,0,2,away_win
2026-27,2026-09-12,Tottenham Hotspur,Everton,1443.0007780726592,1519.8739852211545,-11.87320714849534,0.2,0.2,0.0,0.2,0.4,-0.2,0.8,1.0,-0.19999999999999996,0.4,1.2,-0.7999999999999999,1.4,1.4,0.0,-1.0,-0.2,-0.8,0,0,draw
2026-27,2026-09-13,Coventry City,Brighton & Hove Albion,1478.2011153895237,1543.386781346772,-0.18566595724837498,0.0,0.2,-0.2,0.0,0.2,-0.2,0.0,0.8,-0.8,0.0,1.6,-1.6,1.6666666666666667,1.8,0.1333333333333333,-1.6666666666666667,-0.2,-1.4666666666666668,0,5,away_win
2026-27,2026-09-13,Manchester United,Manchester City,1590.1970362846653,1680.5874830166795,-25.390446732014198,0.6,0.6,0.0,0.2,0.2,0.0,2.0,2.0,0.0,2.6,1.8,0.8,1.6,1.0,-0.6000000000000001,1.0,0.8,0.19999999999999996,0,1,away_win
2026-27,2026-09-14,Leeds United,Newcastle United,1519.2506415901908,1537.0584328550408,47.19220873514996,0.4,0.4,0.0,0.4,0.4,0.0,1.6,1.6,0.0,0.8,1.8,-1.0,1.0,1.4,0.3999999999999999,-0.2,0.4,-0.6000000000000001,4,1,home_win
